Attendance,PreviousGPA,AssignmentsCompleted,SleepHours,StudyHours,InternetHours,Age,Program_ADMINISTRACION,Program_CONTADOR AUDITOR,Program_INGENIERIA CIVIL,Program_INGENIERIA INDUSTRIAL,Program_INGENIERIA INFORMATICA,Scholarship_NO,Scholarship_SI,StudentID,FinalGrade
-0.7531119990572887,1.6171657892787277,-1.3219561832404836,1.9524913799588537,-1.5253968253968255,-0.4660633484162896,0.6,0.0,0.0,0.0,0.0,1.0,0.0,1.0,STU-11023,4.16
1.3786433757125969,1.2862219863645894,1.0667806976328347,-1.5752975946946322,-0.21111111111111117,-0.6877828054298643,1.8,0.0,0.0,1.0,0.0,0.0,0.0,1.0,STU-12567,5.14
0.503133059621342,1.217275360757476,1.0667806976328347,1.1095683506168703,0.6857142857142856,0.40950226244343885,0.0,0.0,0.0,0.0,1.0,0.0,0.0,1.0,STU-13751,5.61
-0.18021396657911415,-0.06513187553481316,-0.2743410426628298,1.3983475365951432,-0.07460317460317471,-0.085972850678733,2.2,1.0,0.0,0.0,0.0,0.0,1.0,0.0,STU-12256,4.18
-1.1607855206013196,-0.6442835306345567,-0.2598110129738202,-0.9743246941452554,-0.3968253968253969,1.3936651583710407,-0.2,0.0,0.0,0.0,0.0,1.0,1.0,0.0,STU-11897,3.29
-0.5106629884474038,0.34854787810786064,-0.057843600296574794,1.0471296077026493,-0.38571428571428573,-0.5407239819004526,0.4,0.0,0.0,0.0,0.0,1.0,1.0,0.0,STU-10843,4.7
-0.9273161029769855,-0.14786782626334743,-2.6543599057227425,0.42274217856043944,-1.096825396825397,-0.13348416289592757,-1.0,1.0,0.0,0.0,0.0,0.0,1.0,0.0,STU-12795,2.95
0.0,-0.9752273335486963,0.785624623150482,1.351518479409477,0.16190476190476186,0.8099547511312215,-0.6,0.0,0.0,1.0,0.0,0.0,1.0,0.0,STU-12599,4.05
-0.5286221744185053,0.5691770800506203,-0.6528483160615527,0.7427407359958221,-0.3698412698412699,2.726244343891403,0.8,1.0,0.0,0.0,0.0,0.0,0.0,1.0,STU-11886,3.88
0.8488473895650678,-0.547758254784599,0.8938733443336105,-0.7870084654025923,0.20158730158730157,-0.5067873303167422,0.4,0.0,0.0,0.0,0.0,1.0,0.0,1.0,STU-12072,4.76
0.7518677853211135,0.2796012525007486,1.0122930862990454,-0.5138389651528756,0.4396825396825397,-0.29638009049773745,-0.4,1.0,0.0,0.0,0.0,0.0,1.0,0.0,STU-10393,5.65
-1.6232345593572137,-0.9752273335486963,-0.8279351738141284,1.3437136365451996,-1.2603174603174605,1.0656108597285068,0.8,0.0,1.0,0.0,0.0,0.0,1.0,0.0,STU-12794,2.07
0.2777452756840032,0.3209692278650163,-2.6282058522825236,-0.15481619339610495,-0.6333333333333335,0.4389140271493214,-0.4,0.0,1.0,0.0,0.0,0.0,0.0,1.0,STU-14551,3.59
1.0410106794558662,0.4037051785935506,1.0667806976328347,0.016890349618003283,0.666666666666667,0.5226244343891402,-0.8,0.0,0.0,0.0,1.0,0.0,1.0,0.0,STU-13585,5.07
0.0,-0.602915555270289,-1.6430698393676149,0.4929857643389379,-0.3968253968253969,-0.7352941176470589,0.4,0.0,0.0,0.0,1.0,0.0,1.0,0.0,STU-13445,3.24
0.004765648923243478,-1.2247380995076246e-15,1.0667806976328347,-1.387981365951969,1.5492063492063495,0.9004524886877827,0.0,0.0,0.0,0.0,0.0,1.0,1.0,0.0,STU-13627,5.29
0.0038676896246878857,0.8587529076004922,-0.5162660369848547,0.8988375932813748,0.5603174603174603,0.48642533936651594,-0.2,0.0,0.0,1.0,0.0,0.0,1.0,0.0,STU-11377,4.64
-0.5340099302098363,0.26581192737932635,0.12305526933160602,0.5632293501174371,0.3793650793650795,0.5859728506787332,-0.8,0.0,0.0,0.0,0.0,1.0,1.0,0.0,STU-10618,4.08
1.3786433757125969,1.7688483656143752,0.9875920358277274,-0.6153019223884847,0.20793650793650806,0.009049773755656116,-0.4,0.0,0.0,0.0,0.0,1.0,1.0,0.0,STU-13348,4.82
0.8039494246373111,1.7688483656143752,0.4645109670233509,0.2588404784106093,0.08253968253968248,0.0,0.0,0.0,0.0,0.0,0.0,1.0,0.0,1.0,STU-13646,5.03
-1.3843773859415474,-1.3613284369485246,-1.2529385422176849,0.4617663928818274,-1.7476190476190478,-0.4479638009049774,-0.4,0.0,0.0,1.0,0.0,0.0,1.0,0.0,STU-12416,2.29
1.3786433757125969,0.7622276317505344,0.420194376471869,-0.4123760079172659,0.12539682539682556,-1.0158371040723984,0.4,0.0,0.0,0.0,0.0,1.0,1.0,0.0,STU-12518,4.39
0.24182690374179866,0.07276137567941103,0.5037420471836795,1.585663765337805,0.18888888888888883,0.38687782805429866,-0.2,0.0,0.0,1.0,0.0,0.0,1.0,0.0,STU-12457,4.52
-1.887234593132422,0.6243343805363103,-1.0324207045904966e-15,-1.38641860024038e-15,-0.16666666666666652,1.7873303167420813,-0.6,0.0,0.0,1.0,0.0,0.0,0.0,1.0,STU-12032,4.41
-0.6040507554971368,-1.747429540348354,-2.9754735618498738,-0.28749852208882454,-1.6047619047619048,0.4004524886877827,0.0,0.0,0.0,0.0,0.0,1.0,1.0,0.0,STU-11902,3.04
-1.13474470094322,-0.8373340823344708,0.5429731273440082,0.18859689263211082,0.6507936507936508,-0.2533936651583711,-1.2,1.0,0.0,0.0,0.0,0.0,1.0,0.0,STU-13164,3.08
-0.5115609477459581,-1.9542694171696915,-2.320169222875502,-0.2718888363602689,0.0,-0.6357466063348417,-1.0,0.0,0.0,0.0,0.0,1.0,1.0,0.0,STU-10464,2.37
0.39178610660050606,1.0242248090575619,1.0667806976328347,1.1095683506168703,0.28730158730158745,0.20361990950226252,1.0,0.0,1.0,0.0,0.0,0.0,1.0,0.0,STU-11814,5.25
-0.19996907114732695,-1.2372245108557225,1.0544301723971756,1.062739293431204,-0.5380952380952383,0.5316742081447965,-0.4,0.0,0.0,1.0,0.0,0.0,1.0,0.0,STU-12233,3.61
-0.16135682130945692,-0.4512329789346426,-1.047338622118186,0.3837179642390514,-0.6793650793650794,1.092760180995475,0.0,0.0,0.0,0.0,1.0,0.0,1.0,0.0,STU-14254,3.44
-0.14339763533835398,0.78980628199338,1.0667806976328347,-0.6855455081669832,0.9206349206349206,-1.0316742081447965,0.0,0.0,0.0,1.0,0.0,0.0,0.0,1.0,STU-10851,5.33
-0.6704997435902162,0.21065462689363645,0.08309768768682643,-0.3031082078173794,-1.0793650793650795,0.2601809954751132,0.4,0.0,0.0,0.0,0.0,1.0,1.0,0.0,STU-12342,2.89
0.5453371466534332,1.7688483656143752,1.0667806976328347,0.4929857643389379,1.7222222222222225,0.38461538461538464,-0.2,0.0,1.0,0.0,0.0,0.0,1.0,0.0,STU-12722,5.2
-0.662418109903221,-1.5543789886484398,-0.32374314360546586,-0.33432757927448997,-0.8571428571428572,1.599547511312217,-0.6,1.0,0.0,0.0,0.0,0.0,1.0,0.0,STU-11651,3.32
1.1451739580882627,0.1692866515293687,1.0631481902105822,0.4929857643389379,0.793650793650794,-0.6334841628959276,-0.8,1.0,0.0,0.0,0.0,0.0,1.0,0.0,STU-14972,4.91
0.38460243221206514,0.8311742573576478,1.0667806976328347,0.6334729358959357,6.986185799958006,0.07918552036199088,-0.6,0.0,0.0,1.0,0.0,0.0,1.0,0.0,STU-13912,5.35
1.3786433757125969,-0.8235447572130487,1.0667806976328347,0.36030343564621836,-0.1539682539682541,-0.6809954751131222,-1.0,0.0,1.0,0.0,0.0,0.0,0.0,1.0,STU-14295,4.41
1.3786433757125969,0.2382332771364808,1.0667806976328347,-0.31871789354593505,0.9031746031746033,0.0022624434389139788,2.0,0.0,0.0,0.0,1.0,0.0,1.0,0.0,STU-13383,5.09
1.3786433757125969,-0.175446476506193,-0.5998137076966643,0.6803019930816011,-0.20317460317460312,0.2828054298642534,-1.0,0.0,0.0,0.0,0.0,1.0,1.0,0.0,STU-10899,3.87
0.41064325187016326,-0.175446476506193,-0.2082294075778325,2.7641950378437277,-0.28730158730158745,0.19683257918552038,0.0,0.0,0.0,0.0,0.0,1.0,0.0,1.0,STU-13973,4.33
1.3786433757125969,1.093171434664674,0.6039992520378513,-0.8338375225882577,0.4841269841269843,0.02262443438914019,0.4,0.0,0.0,0.0,0.0,1.0,1.0,0.0,STU-13001,4.73
0.7770106456806574,1.6999017400072631,1.0667806976328347,0.5632293501174371,1.86984126984127,-0.4457013574660634,-0.2,0.0,0.0,1.0,0.0,0.0,1.0,0.0,STU-12645,5.91
-0.6022548369000269,0.8173849322362243,-0.66301933684386,0.516400292931771,-0.9174603174603175,-0.036199095022624465,0.0,1.0,0.0,0.0,0.0,0.0,0.0,1.0,STU-14702,3.8
0.2750513977883377,0.8725422327219143,0.7558380622880109,-1.4582249517304682,0.11428571428571441,0.4185520361990949,-0.4,0.0,0.0,0.0,1.0,0.0,0.0,1.0,STU-11876,4.21
0.16370444476750168,0.5691770800506203,-0.017886018651796256,0.30566953559627547,0.4285714285714288,-0.13122171945701358,0.0,0.0,0.0,1.0,0.0,0.0,1.0,0.0,STU-11303,5.18
0.6647657333612658,1.0793821095432519,-0.7480200105245713,0.6803019930816011,-0.18730158730158727,0.7149321266968324,0.4,0.0,1.0,0.0,0.0,0.0,1.0,0.0,STU-11000,3.6
0.8120310583243077,-0.5753369050274446,0.9585319764497071,-0.9118859512310343,0.17777777777777798,2.3461538461538463,0.0,0.0,1.0,0.0,0.0,0.0,1.0,0.0,STU-11116,5.03
-0.5429895231953884,-0.32712905284183935,-0.465410933073318,0.6490826216244906,-0.11746031746031751,0.35294117647058815,-1.2,0.0,0.0,0.0,1.0,0.0,0.0,1.0,STU-11632,4.15
-0.2960507160927269,-0.21681445187046075,-0.9063973341347847,-0.4279856936458215,0.3920634920634922,0.22171945701357457,0.2,0.0,0.0,0.0,0.0,1.0,1.0,0.0,STU-12316,4.02
0.4609289725892509,-1.0303846340343863,0.17608987769649342,-1.231884508666417,-0.07619047619047627,-0.11312217194570136,-0.2,0.0,0.0,0.0,0.0,1.0,1.0,0.0,STU-13653,4.23
-2.541846921779114,-0.16165715138477083,-1.059689147353845,0.7427407359958221,-0.22063492063492077,-0.39819004524886875,-0.4,0.0,0.0,1.0,0.0,0.0,1.0,0.0,STU-10095,3.43
0.07750035210620947,-0.36849702820610714,1.0667806976328347,1.1251780363454251,0.43174603174603193,0.8959276018099548,0.2,0.0,0.0,1.0,0.0,0.0,1.0,0.0,STU-12320,4.48
-0.7234793422049693,0.6794916810220002,-0.8272086723296775,0.5632293501174371,-1.2841269841269842,-0.22398190045248875,0.2,0.0,0.0,1.0,0.0,0.0,0.0,1.0,STU-10612,2.62
1.3786433757125969,0.47265180420066266,1.0195581011435502,0.6724971502173236,0.7063492063492066,0.0,9.2,1.0,0.0,0.0,0.0,0.0,1.0,0.0,STU-12299,5.66
0.3971738623918358,0.3209692278650163,-1.0880227052474154,-0.31091305068165687,-1.2539682539682542,-0.7126696832579186,0.0,0.0,0.0,0.0,1.0,0.0,1.0,0.0,STU-14634,3.41
1.3786433757125969,0.3209692278650163,1.0667806976328347,0.7739601074529326,1.8000000000000005,-0.18099547511312214,-0.8,0.0,1.0,0.0,0.0,0.0,1.0,0.0,STU-14063,5.73
0.7141534947817978,-0.02376390017054541,0.7551115608035599,-0.17823072198893733,0.20317460317460312,-0.27375565610859726,0.2,1.0,0.0,0.0,0.0,0.0,1.0,0.0,STU-11916,4.55
-0.7926222081937155,-1.0717526093986527,0.07655917432677252,0.46957123574610554,-0.07619047619047627,-0.5633484162895929,-1.0,0.0,0.0,0.0,0.0,1.0,1.0,0.0,STU-14272,4.54
-0.37237725646991265,-1.0028059837915406,0.3075866463820382,0.2900598498677199,0.22222222222222232,-0.5610859728506787,-0.2,1.0,0.0,0.0,0.0,0.0,1.0,0.0,STU-14498,3.94
-0.4540915526384295,1.3413792868502792,1.0667806976328347,1.1876167792596464,0.8730158730158735,-1.0407239819004523,0.2,0.0,0.0,1.0,0.0,0.0,1.0,0.0,STU-13649,5.11
0.0,-0.09271052577765751,-0.9819534885176395,1.8120042084018568,0.10000000000000014,-0.5633484162895929,-0.4,0.0,0.0,1.0,0.0,0.0,0.0,1.0,STU-11225,3.4
0.8353780000867416,1.7688483656143752,0.18698739996325167,0.7583504217243777,0.10793650793650791,0.9343891402714932,0.2,0.0,0.0,0.0,0.0,1.0,0.0,1.0,STU-13714,5.48
0.22656159566636125,0.7208596563862679,0.1521153287096263,0.09493877826077925,-0.5476190476190476,0.22398190045248875,-0.2,0.0,0.0,0.0,1.0,0.0,1.0,0.0,STU-14229,4.23
-0.4792344129979733,-0.658072855755979,0.7616500741636149,2.1163930801086845,-0.09365079365079364,0.8031674208144796,-0.2,0.0,0.0,0.0,0.0,1.0,1.0,0.0,STU-12267,3.95
1.3786433757125969,0.48644112932208605,-0.35280320298348716,0.09493877826077925,0.12063492063492062,-0.02714932126696835,-0.4,0.0,0.0,0.0,0.0,1.0,1.0,0.0,STU-14432,4.57
1.3786433757125969,-1.2247380995076246e-15,1.0667806976328347,0.9924957076527057,0.18571428571428572,-0.015837104072398255,-0.8,1.0,0.0,0.0,0.0,0.0,1.0,0.0,STU-13924,5.8
1.1227249756243844,-0.3960756784489527,-1.1483223284568087,0.6959116788101567,-1.0126984126984129,-0.6131221719457014,1.2,0.0,0.0,0.0,1.0,0.0,1.0,0.0,STU-10305,3.84
0.48607183294879475,-0.34091837796326274,-1.9867050415127123,-0.13920650766754936,-0.27619047619047626,-0.07239819004524893,-0.8,0.0,0.0,0.0,1.0,0.0,0.0,1.0,STU-12500,3.35
-0.6148262670797988,-0.32712905284183935,1.0667806976328347,-0.9899343798738103,0.3634920634920637,0.0,-0.8,0.0,0.0,0.0,1.0,0.0,1.0,0.0,STU-13764,4.24
-2.032703999498354,-1.568168313769862,-1.8886273411118917,0.5320099786603266,-1.0857142857142859,-0.09502262443438912,-0.8,0.0,0.0,0.0,1.0,0.0,1.0,0.0,STU-12410,2.43
1.058071906128415,1.7688483656143752,1.0667806976328347,-0.2016452505817704,1.7206349206349212,0.15837104072398195,-0.6,0.0,0.0,1.0,0.0,0.0,0.0,1.0,STU-11476,6.03
0.5480310245490987,0.2382332771364808,0.5705801837531277,-0.8260326797239802,-0.07777777777777782,0.6538461538461537,-1.2,0.0,0.0,0.0,1.0,0.0,0.0,1.0,STU-14237,4.75
0.9251739299422549,0.7760169568719578,1.0667806976328347,0.9300569647384846,0.6904761904761906,1.3733031674208143,-0.6,1.0,0.0,0.0,0.0,0.0,1.0,0.0,STU-12673,5.55
1.2511331553177678,1.6033764641573054,1.0667806976328347,-0.44359537937437643,0.2952380952380952,-0.07239819004524893,1.0,0.0,0.0,1.0,0.0,0.0,0.0,1.0,STU-11392,5.28
-0.5501731975838293,0.5002304544435082,0.637418320322576,-1.1148118657022523,0.2952380952380952,0.6131221719457014,-1.2,0.0,0.0,1.0,0.0,0.0,1.0,0.0,STU-12791,4.81
1.3786433757125969,0.9828568336932941,1.0667806976328347,1.648102508252026,0.9396825396825398,1.330316742081448,-1.2,0.0,1.0,0.0,0.0,0.0,1.0,0.0,STU-11779,5.58
-0.9874793759801783,-2.2576345698409854,-3.278424680865742,-0.8182278368597028,7.954221831943868,0.0,-0.4,0.0,0.0,1.0,0.0,0.0,1.0,0.0,STU-14968,1.4
0.30378609534210266,0.541598429807776,0.6207087861802136,-0.12359682193899443,0.0,-0.1402714932126697,-0.6,0.0,0.0,0.0,1.0,0.0,1.0,0.0,STU-14667,3.61
0.22835751426347115,-0.5615475799060224,-0.8526362242854465,0.26664532127488677,-0.5285714285714287,0.678733031674208,-0.4,0.0,0.0,1.0,0.0,0.0,1.0,0.0,STU-10409,3.48
-1.5298467923074792,-1.2247380995076246e-15,-0.421820844006286,0.8754230646885424,-0.27460317460317474,-0.574660633484163,0.2,0.0,0.0,0.0,0.0,1.0,0.0,1.0,STU-14502,4.95
-0.4406221631601032,-0.02376390017054541,-0.9557994350774208,0.36030343564621836,-0.8380952380952381,0.0,-0.2,0.0,0.0,0.0,0.0,1.0,0.0,1.0,STU-13500,3.71
-1.0611120384616999,-1.4992216881627498,-3.3619723515775517,2.108588237244407,-1.7476190476190478,1.3619909502262444,1.4,1.0,0.0,0.0,0.0,0.0,1.0,0.0,STU-12122,2.94
-1.8638876513699887,-0.16165715138477083,-1.0324207045904966e-15,0.594448721574547,0.29047619047619055,0.0,-0.2,0.0,0.0,0.0,1.0,0.0,0.0,1.0,STU-10756,4.78
-0.589683406720255,-1.306171136462836,-0.8533627257698974,0.7349358931315447,-0.17460317460317457,-0.26696832579185514,0.0,0.0,0.0,0.0,0.0,1.0,1.0,0.0,STU-11293,3.13
0.027214631387121803,0.4450731539578183,-0.48793247909128434,-1.8484670949443494,-0.2460317460317459,1.0203619909502264,0.0,0.0,1.0,0.0,0.0,0.0,0.0,1.0,STU-11614,3.44
0.1852554679328244,0.4588624790792405,1.0667806976328347,0.2120114212249439,1.8650793650793658,0.7104072398190044,0.6,0.0,0.0,0.0,0.0,1.0,1.0,0.0,STU-13766,4.68
0.22835751426347115,0.045182725436566686,-0.6346857789502897,0.5007906072032161,-0.3571428571428572,-0.4819004524886878,0.2,0.0,0.0,1.0,0.0,0.0,1.0,0.0,STU-11965,3.72
-0.5708262614505965,-1.3613284369485246,-2.092047756758038,1.5154201795593065,-0.4761904761904763,0.0,-0.6,0.0,1.0,0.0,0.0,0.0,1.0,0.0,STU-10434,2.86
0.5327657164736613,-0.06513187553481316,1.0667806976328347,-0.7401794082169267,-0.42380952380952386,-0.7873303167420814,0.8,0.0,0.0,0.0,0.0,1.0,1.0,0.0,STU-10321,3.86
-0.2960507160927269,-0.3960756784489527,-0.8344736871741834,-0.6153019223884847,-0.1698412698412699,0.9140271493212669,-0.4,0.0,1.0,0.0,0.0,0.0,0.0,1.0,STU-14905,4.14
0.4411738680210381,-0.175446476506193,1.0667806976328347,1.2812748936309786,-0.0523809523809524,0.5,-0.4,0.0,0.0,0.0,1.0,0.0,1.0,0.0,STU-10520,4.81
-1.1643773577955394,-0.5339689296631769,0.7885306290882845,-1.185055451480751,-0.07460317460317471,-0.6900452488687783,-1.2,0.0,0.0,1.0,0.0,0.0,1.0,0.0,STU-14683,3.88
0.0,0.3761265283507062,1.0667806976328347,0.539814821524604,1.882539682539683,1.1153846153846156,-1.2,0.0,0.0,0.0,1.0,0.0,1.0,0.0,STU-10815,6.14
-1.037765096699266,-0.7683874567273588,-0.8526362242854465,-0.6074970795242065,-1.7476190476190478,0.2488687782805429,-0.8,0.0,1.0,0.0,0.0,0.0,0.0,1.0,STU-11872,2.66
-1.0844589802241338,-1.4164857374342144,-1.0324207045904966e-15,1.101763507752593,0.0,-0.29638009049773745,1.0,0.0,0.0,0.0,1.0,0.0,1.0,0.0,STU-11026,3.84
0.3343167114929775,-2.740260949090772,0.3330141983378071,-0.5138389651528756,0.27936507936507937,-0.3574660633484163,0.0,0.0,0.0,0.0,0.0,1.0,1.0,0.0,STU-11606,3.33
-0.4172752213976693,-0.06513187553481316,-1.0324207045904966e-15,-1.411395894544802,0.3365079365079367,-0.1651583710407241,1.8,1.0,0.0,0.0,0.0,0.0,1.0,0.0,STU-12499,4.46
0.12868403212385143,0.7070703312648458,-0.2808795560228848,-0.17042587912465987,0.5984126984126984,-0.45022624434389147,-0.4,0.0,0.0,0.0,0.0,1.0,0.0,1.0,STU-14122,5.04
1.3561943932487184,1.6999017400072631,1.0667806976328347,0.07152424966794618,1.0142857142857142,-0.24208144796380096,-1.2,0.0,0.0,0.0,0.0,1.0,1.0,0.0,STU-13040,6.15
-2.1727856500729543,-0.6994408311202467,-0.7349429838044614,2.0695640229230183,-0.4396825396825397,-0.22398190045248875,-0.4,0.0,0.0,0.0,0.0,1.0,1.0,0.0,STU-14809,3.14
-0.9713161086061866,-1.7887975157126217,-1.818156697120191,-1.7079799233873516,-0.9587301587301589,0.8212669683257918,0.6,1.0,0.0,0.0,0.0,0.0,1.0,0.0,STU-12139,2.67
-2.367642817859418,-3.5951991066189652,-1.0324207045904966e-15,-0.5996922366599291,-1.7476190476190478,-0.6538461538461539,0.6,0.0,0.0,1.0,0.0,0.0,1.0,0.0,STU-14291,1.0
0.0,-0.5891262301488668,0.6701108871228497,-0.8104229939954253,-0.692063492063492,-0.12895927601809962,-1.2,0.0,0.0,1.0,0.0,0.0,1.0,0.0,STU-10179,3.94
1.3786433757125969,-0.6442835306345567,1.0667806976328347,-0.014329021839107243,1.8730158730158732,0.5497737556561088,0.0,0.0,0.0,0.0,1.0,0.0,0.0,1.0,STU-12428,5.28
-0.8599691555853505,0.78980628199338,-1.8588407802494205,-0.2172549363103253,-1.0571428571428574,-0.49095022624434387,0.0,0.0,0.0,0.0,0.0,1.0,1.0,0.0,STU-11157,3.08
-0.3373568438262624,-2.50584242202659,-0.4225473454907369,0.9612763361955958,-0.05555555555555551,-0.8823529411764707,-0.6,0.0,0.0,0.0,0.0,1.0,0.0,1.0,STU-14238,2.97
-0.4199690992933348,0.6105450554148881,1.0667806976328347,-1.005544065602366,0.1809523809523811,0.19457013574660642,0.2,0.0,0.0,0.0,1.0,0.0,1.0,0.0,STU-10694,3.86
0.8784800464173883,0.30717990274359414,-0.7037034199730895,0.05591456393939127,-0.06825396825396822,-0.414027149321267,-1.2,0.0,0.0,0.0,1.0,0.0,1.0,0.0,STU-10444,4.57
0.0,-0.8235447572130487,-1.7106344774215134,0.5242051357960484,-1.0015873015873018,0.9276018099547513,0.8,0.0,0.0,0.0,1.0,0.0,1.0,0.0,STU-11141,2.56
0.5534187803404297,0.38991585347212837,1.0667806976328347,-0.7792036225383148,-0.25238095238095243,-0.4366515837104073,1.4,0.0,1.0,0.0,0.0,0.0,1.0,0.0,STU-10721,4.42
0.025418712790011896,0.9552781834504498,0.8343002226086671,0.7895697931814876,0.723809523809524,-0.3619909502262443,1.0,0.0,0.0,1.0,0.0,0.0,1.0,0.0,STU-10923,5.19
-0.513356866343068,-1.4716430379199044,-2.137817350278421,-0.9118859512310343,-0.6365079365079366,-0.34162895927601805,0.8,0.0,0.0,0.0,1.0,0.0,1.0,0.0,STU-13828,2.62
-1.6977651811372896,-1.1958565354914559,-0.4697699419800213,0.7505455788600996,-0.3841269841269842,-0.823529411764706,0.6,1.0,0.0,0.0,0.0,0.0,0.0,1.0,STU-11747,3.51
0.7410922737384529,-0.478811629177487,1.0667806976328347,0.12615814971788977,0.6857142857142856,-0.20814479638009048,0.8,1.0,0.0,0.0,0.0,0.0,1.0,0.0,STU-11984,4.48
-1.5253569958147037,-1.513011013284172,-1.755677569457446,1.710541251166247,-0.880952380952381,-0.7873303167420814,-0.6,1.0,0.0,0.0,0.0,0.0,1.0,0.0,STU-10812,3.44
1.3786433757125969,-0.34091837796326274,1.0667806976328347,-0.5996922366599291,2.1349206349206353,2.7624434389140275,1.0,0.0,0.0,0.0,0.0,1.0,1.0,0.0,STU-11706,5.49
0.24721465953312965,0.2520226022579042,1.0667806976328347,-0.1314016648032719,0.7126984126984128,-0.9547511312217194,-1.2,0.0,0.0,0.0,0.0,1.0,1.0,0.0,STU-11522,4.67
1.3786433757125969,-0.35470770308468497,1.0667806976328347,0.8051794789100425,0.0,0.9796380090497736,-1.0,0.0,0.0,0.0,1.0,0.0,1.0,0.0,STU-14635,4.28
-1.7211121228997222,-0.13407850114192527,-0.23002445211134798,0.45396155001754995,-0.4761904761904763,-0.5339366515837104,-0.8,0.0,1.0,0.0,0.0,0.0,1.0,0.0,STU-13034,3.27
-0.9533569226350836,-0.21681445187046075,0.9287454155872349,1.6637121939805823,0.1603174603174603,2.3371040723981906,-0.8,0.0,0.0,0.0,0.0,1.0,1.0,0.0,STU-11380,3.92
-0.6193160635725743,-0.16165715138477083,0.18553439699435093,-1.3645668373591366,0.4793650793650794,0.9298642533936653,-0.6,0.0,0.0,1.0,0.0,0.0,0.0,1.0,STU-14266,4.72
0.6315412393147267,1.0380141341789841,1.0667806976328347,1.1876167792596464,1.0492063492063495,-0.04751131221719456,0.0,0.0,0.0,0.0,1.0,0.0,0.0,1.0,STU-14966,6.25
0.7096636982890224,-1.0579632842772306,0.20006442668336055,0.13396299258216723,0.049206349206349295,-0.832579185520362,-0.4,0.0,0.0,1.0,0.0,0.0,1.0,0.0,STU-12221,4.53
0.14484729949784445,-1.1682778852486104,-0.03386905130970767,-1.0757876513808644,0.23333333333333348,0.07918552036199088,0.4,0.0,1.0,0.0,0.0,0.0,1.0,0.0,STU-13844,4.0
-0.919234469289989,-0.299550402598995,1.0667806976328347,-0.5606680223385411,-0.9015873015873017,0.918552036199095,-1.2,0.0,0.0,1.0,0.0,0.0,0.0,1.0,STU-10703,4.13
0.23015343286058107,0.8173849322362243,1.0667806976328347,-0.22505977917460346,0.6206349206349208,-0.7986425339366516,0.0,0.0,0.0,0.0,0.0,1.0,1.0,0.0,STU-13554,5.21
0.8820718836116082,1.2586433361217437,1.0667806976328347,-0.966519851280978,0.8444444444444443,-0.32579185520362003,-0.6,0.0,0.0,0.0,0.0,1.0,1.0,0.0,STU-13833,5.48
-1.6429896639254264,-2.1611092939910277,-1.9155078960365608,1.164202250666814,-1.7476190476190478,-1.0542986425339367,0.4,0.0,0.0,0.0,0.0,1.0,0.0,1.0,STU-13729,2.69
-1.7534386576477068,-0.12028917602050308,-2.8250877545686155,-0.5450583366099861,-1.2301587301587305,1.6877828054298643,0.0,0.0,0.0,1.0,0.0,0.0,0.0,1.0,STU-13313,2.66
-1.1993977704391896,0.5278091046863526,-0.7756270669336909,0.46957123574610554,-0.7761904761904763,-0.8461538461538463,-0.4,0.0,0.0,0.0,0.0,1.0,0.0,1.0,STU-12228,3.59
-1.2523773690539428,-1.2247380995076246e-15,-1.8297807208713992,-0.9587150084166998,-1.4412698412698415,-0.49095022624434387,0.2,0.0,0.0,0.0,1.0,0.0,1.0,0.0,STU-13415,2.01
-0.7153977085179729,-0.16165715138477083,-1.157766847754666,0.016890349618003283,-1.1285714285714288,1.1742081447963801,-0.6,0.0,0.0,1.0,0.0,0.0,0.0,1.0,STU-12021,2.79
0.8811739243130525,1.6447444395215731,-0.35716221189018943,0.29786469273199734,0.3174603174603175,-1.0678733031674208,-0.4,0.0,0.0,0.0,1.0,0.0,1.0,0.0,STU-12869,5.08
-0.3553160297973653,-1.0441739591558084,1.0290026204414078,-1.3801765230876915,0.3111111111111113,-0.8099547511312217,-0.4,0.0,0.0,1.0,0.0,0.0,1.0,0.0,STU-11573,3.83
1.1020719117576159,-0.20302512674903736,1.0667806976328347,-0.6621309795741501,1.7476190476190478,0.029411764705882328,-1.0,0.0,0.0,0.0,0.0,1.0,1.0,0.0,STU-12998,5.62
-0.09311191461926634,0.11412935104367879,1.0667806976328347,-0.8260326797239802,0.22857142857142854,-0.6809954751131222,-1.2,0.0,1.0,0.0,0.0,0.0,1.0,0.0,STU-12806,3.63
0.0,1.203486035636054,-2.140723356216223,-1.0601779656523087,-0.3333333333333333,-0.24208144796380096,-0.6,1.0,0.0,0.0,0.0,0.0,0.0,1.0,STU-10262,3.52
1.0643576212183001,-0.478811629177487,1.0667806976328347,-1.3021280944449156,0.011111111111111158,-0.44117647058823534,-0.4,0.0,0.0,0.0,0.0,1.0,1.0,0.0,STU-14800,4.81
-0.44960175614565406,-0.602915555270289,-0.1668188229641532,0.9768860219241507,-0.3523809523809525,0.0,-0.6,0.0,1.0,0.0,0.0,0.0,0.0,1.0,STU-10834,3.49
1.0643576212183001,0.4588624790792405,0.27634708255066626,-0.44359537937437643,0.2825396825396825,-0.24434389140271495,1.0,0.0,0.0,0.0,1.0,0.0,1.0,0.0,STU-14599,5.03
-0.8303364987330301,0.9828568336932941,-0.8272086723296775,0.11054846398933486,-0.3523809523809525,-0.2760180995475113,0.2,1.0,0.0,0.0,0.0,0.0,0.0,1.0,STU-13669,4.3
1.1281127314157142,-0.12028917602050308,0.33228769685335624,-1.169445765752196,-0.37142857142857144,0.8212669683257918,0.8,1.0,0.0,0.0,0.0,0.0,1.0,0.0,STU-12999,4.42
-0.5052752326560727,-0.49260095429890915,-0.39203428314381483,-0.8572520511810907,-0.6809523809523811,1.0542986425339365,0.0,0.0,0.0,0.0,0.0,1.0,1.0,0.0,STU-10781,3.69
-0.8159691499561482,-0.4512329789346426,1.0108400833301447,0.34469374991766344,0.24126984126984125,-0.9683257918552037,-1.2,0.0,0.0,0.0,1.0,0.0,1.0,0.0,STU-12606,4.4
0.9539086274960185,0.7070703312648458,1.0667806976328347,0.39932764996760634,0.7047619047619048,-0.9298642533936653,1.0,0.0,0.0,0.0,0.0,1.0,0.0,1.0,STU-11777,5.34
0.5453371466534332,0.36233720322928403,1.0667806976328347,0.46957123574610554,0.3015873015873017,0.0,-1.0,0.0,0.0,0.0,0.0,1.0,1.0,0.0,STU-12018,4.72
-1.3915610603299882,0.8587529076004922,0.8437447419065246,-1.5831024375589096,0.5190476190476191,0.058823529411764656,2.0,0.0,0.0,0.0,0.0,1.0,1.0,0.0,STU-11858,4.15
1.364276026935715,0.596755730293466,-0.5082745206558991,0.9690811790598732,0.0,-0.7873303167420814,0.8,0.0,0.0,1.0,0.0,0.0,0.0,1.0,STU-13978,5.07
-0.5007854361632973,-0.478811629177487,0.11288424854929865,0.5788390358459921,-0.4936507936507936,-0.6402714932126697,1.6,0.0,0.0,1.0,0.0,0.0,1.0,0.0,STU-10889,3.42
-0.47294869790808797,-1.2247380995076246e-15,1.0667806976328347,0.18079204976783336,0.30317460317460326,-0.3144796380090497,0.0,0.0,0.0,1.0,0.0,0.0,1.0,0.0,STU-11617,4.35
0.526480001383776,0.6519130307791559,-0.77490056544924,3.0139500095006104,-0.14126984126984138,-0.3800904977375565,-0.6,0.0,0.0,0.0,1.0,0.0,0.0,1.0,STU-10317,4.91
-1.0754793872385817,-1.2247380995076246e-15,-0.910756343041488,0.719326207402989,-0.16190476190476186,-0.8710407239819005,0.2,0.0,0.0,1.0,0.0,0.0,1.0,0.0,STU-10328,2.24
-0.4540915526384295,-1.1269099098843427,-1.8980718604097486,1.2968845793595334,11.934280860715253,-0.7986425339366516,0.4,0.0,0.0,0.0,0.0,1.0,1.0,0.0,STU-10587,1.71
0.3379085486871973,-0.7545981316059366,0.3729717799825856,-6.950966006469019,-0.634920634920635,0.14932126696832582,0.2,0.0,0.0,1.0,0.0,0.0,0.0,1.0,STU-14711,4.76
0.0,0.596755730293466,0.8204966944041073,-0.061158079024773375,0.4761904761904763,-1.0339366515837105,-1.2,0.0,1.0,0.0,0.0,0.0,1.0,0.0,STU-13535,4.58
-0.27719357082306834,-0.9200700330630064,0.13104678566056172,1.1173731934811477,0.4857142857142859,1.3099547511312217,-0.2,0.0,0.0,0.0,1.0,0.0,1.0,0.0,STU-11314,4.45
-0.17033641429500773,-1.7750081905911996,-1.0324207045904966e-15,1.5154201795593065,0.19841269841269846,0.4705882352941177,0.2,0.0,0.0,0.0,1.0,0.0,1.0,0.0,STU-13575,3.84
0.5615004140274262,-0.7545981316059366,0.93455742746284,0.0325000353465582,-0.2460317460317459,-1.0723981900452488,1.4,0.0,0.0,0.0,1.0,0.0,1.0,0.0,STU-13534,4.59
0.8515412674607333,-0.02376390017054541,-0.4007523009572214,-0.26408399349599143,0.049206349206349295,0.10633484162895922,1.2,0.0,0.0,0.0,0.0,1.0,1.0,0.0,STU-13521,4.37
-1.1122957184793418,0.5140197795649304,-0.0048089919316863525,0.3837179642390514,0.3079365079365079,1.9276018099547512,0.4,0.0,0.0,0.0,1.0,0.0,1.0,0.0,STU-10381,3.92
0.5058269375170076,0.6932810061434224,1.0667806976328347,-0.26408399349599143,-0.26666666666666666,-0.7398190045248869,-1.0,0.0,0.0,0.0,1.0,0.0,0.0,1.0,STU-14610,4.69
-1.0395610152963772,-1.1131205847629204,-0.9151153519481914,-2.332367352529562,-0.18253968253968264,0.17873303167420815,-0.8,1.0,0.0,0.0,0.0,0.0,0.0,1.0,STU-10898,3.44
-0.43164257017455115,0.34854787810786064,0.6454098366515316,-0.4279856936458215,-0.17619047619047612,0.5904977375565612,1.0,1.0,0.0,0.0,0.0,0.0,1.0,0.0,STU-12681,4.85
-0.7100099527266431,0.14170800128652436,-1.005201536020056,1.7495654654876358,-0.9285714285714287,-0.19909502262443438,0.8,1.0,0.0,0.0,0.0,0.0,0.0,1.0,STU-11489,3.81
-0.6983364818454255,0.15549732640794653,0.1615598480074838,1.4607862795093642,0.6587301587301589,0.843891402714932,0.6,0.0,0.0,0.0,0.0,1.0,1.0,0.0,STU-13132,4.54
-0.18021396657911415,-1.4854323630413278,-0.4603254226821638,1.2344458364453124,-0.3507936507936507,-0.9886877828054299,0.6,0.0,0.0,0.0,1.0,0.0,1.0,0.0,STU-12312,2.88
-0.9793977422931831,-0.07892120065623533,0.14121780644286908,1.8432235798589667,-0.1809523809523811,0.06334841628959281,-1.2,0.0,0.0,0.0,0.0,1.0,1.0,0.0,STU-12816,4.06
-2.570581619332878,-1.0028059837915406,-0.8337471856897325,0.5788390358459921,-0.8095238095238096,0.08371040723981903,-0.4,0.0,0.0,0.0,1.0,0.0,1.0,0.0,STU-10391,2.21
-1.6699284428820802,-0.02376390017054541,-2.4727345346101117,-2.1138317523297885,-0.9222222222222223,-0.14479638009049767,-0.4,1.0,0.0,0.0,0.0,0.0,1.0,0.0,STU-12586,2.83
0.1089289275556386,1.7688483656143752,1.0667806976328347,-0.23286462203888092,0.11269841269841285,2.667420814479638,0.0,0.0,0.0,0.0,1.0,0.0,0.0,1.0,STU-11686,4.96
-0.8330303766286955,-0.4374436538132192,0.46886997593005414,-0.8026181511311471,-0.7444444444444445,-0.3914027149321268,0.4,0.0,1.0,0.0,0.0,0.0,1.0,0.0,STU-12988,3.69
0.4456636645138135,-1.1820672103700325,-1.0324207045904966e-15,-0.5060341222885975,-1.4746031746031747,-0.35294117647058815,8.2,0.0,0.0,1.0,0.0,0.0,0.0,1.0,STU-12949,3.32
1.0607657840240792,0.26581192737932635,0.3780572903737388,0.42274217856043944,-0.01587301587301582,1.7013574660633486,-0.2,0.0,0.0,0.0,1.0,0.0,1.0,0.0,STU-14842,4.23
-1.6798059951661866,-0.7545981316059366,-0.43925687963309923,1.8276138941304116,-0.604761904761905,0.17873303167420815,1.0,0.0,0.0,0.0,1.0,0.0,1.0,0.0,STU-14394,2.99
0.6683575705554868,-1.2247380995076246e-15,1.0667806976328347,0.2822550070034424,0.4793650793650794,0.5226244343891402,0.2,0.0,1.0,0.0,0.0,0.0,0.0,1.0,STU-13813,6.11
-0.10029558900770724,-0.21681445187046075,0.6911794301719143,-0.26408399349599143,-0.020634920634920482,-0.572398190045249,0.8,1.0,0.0,0.0,0.0,0.0,1.0,0.0,STU-13293,4.05
-1.294581456086034,-0.28576107747757284,0.0024560229128184614,2.381757737494124,-1.1206349206349209,-0.6674208144796381,0.4,0.0,0.0,1.0,0.0,0.0,1.0,0.0,STU-10083,3.62
-2.7807040951947797,-2.1473199688696054,-1.8879008396274413,1.062739293431204,-0.6634920634920636,0.11764705882352931,0.6,0.0,0.0,0.0,1.0,0.0,1.0,0.0,STU-14098,2.5
-0.19907111184877138,-0.1064998508990809,-0.18207535413761372,-1.38641860024038e-15,-0.550793650793651,-0.19230769230769224,-0.6,0.0,0.0,0.0,0.0,1.0,1.0,0.0,STU-14248,3.77
0.38550039151061943,0.08655070080083443,1.0667806976328347,-0.5606680223385411,0.3428571428571429,0.02714932126696835,1.0,0.0,0.0,1.0,0.0,0.0,0.0,1.0,STU-13315,5.42
-2.558908148451662,-1.2247380995076246e-15,-1.2558445481554863,0.6724971502173236,-0.7269841269841271,0.2488687782805429,-0.8,0.0,0.0,0.0,1.0,0.0,1.0,0.0,STU-14055,2.12
0.39986774028750127,-0.34091837796326274,1.0667806976328347,1.6871267225734146,0.6285714285714288,-0.5950226244343891,1.0,1.0,0.0,0.0,0.0,0.0,0.0,1.0,STU-13273,5.16
0.14305138090073324,-1.2510138359771459,-0.26925553227167665,0.32908406418910785,-0.02698412698412698,-1.1968325791855203,0.4,0.0,0.0,0.0,0.0,1.0,1.0,0.0,STU-11552,4.1
1.3786433757125969,1.5482191636716156,-1.0324207045904966e-15,-0.474814750831487,0.5476190476190479,-0.9457013574660633,0.0,1.0,0.0,0.0,0.0,0.0,1.0,0.0,STU-13073,4.8
-1.5648672049511294,0.21065462689363645,-0.4937444909668884,0.4617663928818274,-0.5634920634920634,1.5361990950226245,0.2,0.0,0.0,0.0,0.0,1.0,0.0,1.0,STU-11957,3.53
0.0,0.6105450554148881,-1.220972476901861,0.4929857643389379,0.06031746031746045,-0.21945701357466058,1.8,0.0,0.0,0.0,1.0,0.0,0.0,1.0,STU-12712,3.96
1.3786433757125969,1.1896967105146317,-1.0324207045904966e-15,-0.6543261367098727,0.5666666666666668,-0.4117647058823529,-0.4,0.0,0.0,1.0,0.0,0.0,0.0,1.0,STU-12813,4.75
-2.0380917552896842,0.30717990274359414,-0.5489586037851275,1.289079736495256,0.08571428571428588,-0.14932126696832582,-0.6,1.0,0.0,0.0,0.0,0.0,0.0,1.0,STU-10118,4.54
0.5893371522826343,0.596755730293466,0.7064359613453758,0.29786469273199734,-0.06031746031746017,-0.6674208144796381,-0.8,0.0,0.0,1.0,0.0,0.0,0.0,1.0,STU-14250,4.83
0.39268406589906035,1.4930618631859256,-1.9118753886143085,0.8442036932314312,0.0,-0.5633484162895929,-0.8,0.0,0.0,0.0,1.0,0.0,0.0,1.0,STU-10017,3.38
-1.4122141241967565,-0.21681445187046075,-0.6753698620795191,-2.0670026951441223,0.5031746031746033,0.6357466063348416,-0.4,0.0,0.0,0.0,0.0,1.0,1.0,0.0,STU-10039,4.05
1.304112753932521,1.7688483656143752,1.0667806976328347,0.8363988503671537,0.6063492063492065,-0.753393665158371,-0.2,0.0,0.0,0.0,0.0,1.0,0.0,1.0,STU-14583,5.85
0.9485208717046875,1.3000113114860115,-0.20604990312448085,-0.5216438080171532,-0.4555555555555555,-0.4796380090497738,0.2,0.0,0.0,0.0,1.0,0.0,0.0,1.0,STU-14943,4.16
-0.802499760477822,0.0038147500722989394,-0.2205799328134915,0.7973746360457651,-1.026984126984127,2.5542986425339365,0.0,0.0,0.0,0.0,1.0,0.0,0.0,1.0,STU-12740,3.55
0.15741872967761636,-0.009974575049123234,0.7187864865810338,-0.9274956369595893,-0.44126984126984126,-0.7760180995475113,0.0,0.0,0.0,0.0,1.0,0.0,0.0,1.0,STU-10015,4.1
1.3786433757125969,1.0793821095432519,1.0667806976328347,-1.2396893515306946,0.657142857142857,1.321266968325792,0.4,0.0,0.0,0.0,0.0,1.0,1.0,0.0,STU-11631,5.72
1.3391331665761712,-1.0165953089129627,0.64323033219818,-1.3021280944449156,0.1476190476190476,-0.5022624434389141,0.6,0.0,0.0,0.0,1.0,0.0,1.0,0.0,STU-10939,4.14
-0.6157242263783531,0.045182725436566686,-0.13630576061723113,0.8598133789599861,0.08412698412698404,-0.30090497737556565,-0.8,0.0,0.0,1.0,0.0,0.0,1.0,0.0,STU-11283,3.29
1.16582702195503,1.5482191636716156,1.0667806976328347,-0.5060341222885975,0.731746031746032,0.11085972850678738,-0.6,0.0,0.0,0.0,1.0,0.0,0.0,1.0,STU-12828,5.64
-1.4481324961389623,1.5206405134287713,0.23493649793698593,-0.6074970795242065,0.24603174603174618,0.31900452488687786,-0.6,0.0,0.0,0.0,0.0,1.0,1.0,0.0,STU-14879,4.81
0.7599494190081101,0.5691770800506203,-0.11451071608371564,1.5154201795593065,0.0,1.6538461538461537,0.0,1.0,0.0,0.0,0.0,0.0,0.0,1.0,STU-13772,5.1
-0.014989455644969348,-1.2510138359771459,-3.20722753538959,0.6334729358959357,-1.46984126984127,0.06787330316742078,-0.2,0.0,0.0,1.0,0.0,0.0,1.0,0.0,STU-10541,2.72
-1.3017651304744748,-0.6304942055131345,-2.2388010566170435,-0.11579197907471628,-1.0396825396825398,0.02262443438914019,-1.0,0.0,0.0,0.0,1.0,0.0,1.0,0.0,STU-10919,3.11
0.6710514484511524,-0.8373340823344708,0.13758529902061564,-1.1772506086164733,0.2587301587301589,0.8303167420814481,-0.8,1.0,0.0,0.0,0.0,0.0,0.0,1.0,STU-13321,3.6
0.37921467642073414,-1.140699235005766,1.0667806976328347,-0.6699358224384276,-0.3269841269841271,0.4683257918552037,0.0,0.0,0.0,0.0,0.0,1.0,1.0,0.0,STU-10052,3.9
-1.2011936890363009,-0.8787020576987385,-1.2442205244042783,-0.46700990796720954,-1.150793650793651,1.2058823529411764,-1.2,0.0,0.0,0.0,0.0,1.0,1.0,0.0,STU-14704,1.98
0.9934188366324441,0.1003400259222566,1.0667806976328347,-0.46700990796720954,0.47301587301587317,-0.4117647058823529,-1.0,1.0,0.0,0.0,0.0,0.0,1.0,0.0,STU-10091,4.25
0.0,-0.7821767818487809,0.02643057189968662,-3.0035838388574376,0.6968253968253968,-0.4321266968325792,0.4,0.0,0.0,0.0,0.0,1.0,1.0,0.0,STU-12450,4.14
-1.370907996463221,-0.4512329789346426,0.28506510036407184,1.0237150791098169,0.06666666666666667,0.2533936651583711,-0.8,0.0,0.0,1.0,0.0,0.0,1.0,0.0,STU-14781,2.89
0.8703984127303918,-0.6718621808774011,-0.4261798529129893,-0.9899343798738103,0.09523809523809519,-0.5248868778280543,0.6,0.0,0.0,0.0,1.0,0.0,1.0,0.0,STU-10524,3.94
0.4528473389022544,0.12791867616510097,-1.587129225064925,-1.38641860024038e-15,0.3571428571428572,1.1221719457013575,-1.0,1.0,0.0,0.0,0.0,0.0,1.0,0.0,STU-14555,4.03
0.5139085712040041,1.7688483656143752,1.0667806976328347,-2.6913901242863325,0.6349206349206353,-0.49547511312217196,0.6,0.0,0.0,0.0,0.0,1.0,0.0,1.0,STU-14571,5.04
-1.6977651811372896,-0.8649127325773164,-1.0324207045904966e-15,1.2188361507167575,-0.7365079365079366,1.5633484162895925,0.2,0.0,1.0,0.0,0.0,0.0,1.0,0.0,STU-12890,2.76
0.1098268868541942,-1.2247380995076246e-15,1.0667806976328347,0.2510356355463319,1.944444444444445,-0.6425339366515836,0.2,0.0,1.0,0.0,0.0,0.0,1.0,0.0,STU-10802,5.56
0.6746432856453721,-1.0028059837915406,0.5800247030509842,0.2120114212249439,1.0222222222222224,-0.6131221719457014,0.4,1.0,0.0,0.0,0.0,0.0,1.0,0.0,STU-10405,5.2
-1.5451121003829167,-0.3822863533275293,-2.3441437718623694,0.414937335696162,-1.053968253968254,-0.6809954751131222,0.2,0.0,1.0,0.0,0.0,0.0,1.0,0.0,STU-10196,2.89
0.5444391873548776,0.3209692278650163,1.0667806976328347,0.5866438787102695,0.20317460317460312,0.27375565610859726,-0.8,0.0,0.0,0.0,0.0,1.0,1.0,0.0,STU-11768,5.54
0.20321465390392732,0.7070703312648458,1.0667806976328347,-1.3177377801734704,1.4460317460317464,0.343891402714932,0.4,0.0,0.0,1.0,0.0,0.0,1.0,0.0,STU-14482,4.33
1.1999494753001259,1.7688483656143752,1.0667806976328347,1.2422506793095898,0.8539682539682543,0.7533936651583709,-0.4,0.0,0.0,1.0,0.0,0.0,1.0,0.0,STU-11635,6.39
0.029010549984231714,-1.2923818113414125,-2.270040620448416,-0.26408399349599143,-0.28412698412698406,0.0,0.4,1.0,0.0,0.0,0.0,0.0,0.0,1.0,STU-13076,3.87
0.6360310358075021,0.7070703312648458,1.0667806976328347,-1.7391992948444621,0.26190476190476203,-0.8416289592760181,-0.2,0.0,1.0,0.0,0.0,0.0,1.0,0.0,STU-13419,3.89
1.1541535510738135,0.6105450554148881,1.0667806976328347,-0.17042587912465987,0.6095238095238096,0.10407239819004524,-0.2,0.0,0.0,1.0,0.0,0.0,1.0,0.0,STU-14689,5.33
1.3786433757125969,0.05897205055798886,-0.8591747376455015,-0.5372534937457081,-0.14603174603174604,0.0,0.4,0.0,1.0,0.0,0.0,0.0,0.0,1.0,STU-10824,4.0
-1.050336526879038,-1.6509042644983976,-0.6477628056703986,0.4617663928818274,-0.1634920634920634,0.40723981900452483,-1.2,0.0,0.0,0.0,0.0,1.0,1.0,0.0,STU-13150,3.06
-0.2978466346898368,-0.2719717523561507,-0.7284044704444065,-2.1138317523297885,-0.02698412698412698,7.564139076622279,0.4,0.0,0.0,0.0,1.0,0.0,1.0,0.0,STU-14846,4.28
0.23374527005480214,0.07276137567941103,0.4412629195209346,-0.49822927942432005,0.7539682539682544,-0.5656108597285068,1.4,1.0,0.0,0.0,0.0,0.0,0.0,1.0,STU-11381,5.38
0.0,-0.34091837796326274,0.28506510036407184,1.1563974078025365,-0.08571428571428559,0.3144796380090497,-0.6,0.0,0.0,1.0,0.0,0.0,1.0,0.0,STU-13898,3.77
-0.0625812984683915,0.8725422327219143,0.024251067446334967,1.289079736495256,0.3269841269841271,1.7375565610859731,-0.2,0.0,0.0,1.0,0.0,0.0,0.0,1.0,STU-13432,4.18
0.30468405464065823,-0.2581824272347273,-0.25835801000491837,-1.38641860024038e-15,-0.05555555555555551,-0.9683257918552037,0.8,0.0,1.0,0.0,0.0,0.0,1.0,0.0,STU-12825,4.5
-0.9380916145596462,0.665702355900578,0.051131622371003604,-0.7401794082169267,-1.0571428571428574,1.6176470588235292,-0.4,0.0,0.0,1.0,0.0,0.0,1.0,0.0,STU-13173,3.6
-1.1922140960507488,0.9414888583290276,0.016986052601829123,0.3837179642390514,0.13650793650793644,0.011312217194570096,0.4,0.0,0.0,0.0,1.0,0.0,0.0,1.0,STU-13261,3.79
1.1972555974044603,-1.085541934520076,0.8212231958885583,0.7583504217243777,-0.86984126984127,-0.5610859728506787,1.6,0.0,0.0,0.0,0.0,1.0,1.0,0.0,STU-14496,4.32
1.3786433757125969,0.7484383066291123,1.0667806976328347,0.18859689263211082,1.1444444444444446,0.13574660633484156,1.8,0.0,1.0,0.0,0.0,0.0,1.0,0.0,STU-14048,5.56
1.1308066093113796,0.9966461588147175,-0.12395523538157212,0.3134743784605529,-0.07142857142857133,0.19004524886877824,-0.4,0.0,1.0,0.0,0.0,0.0,1.0,0.0,STU-13184,4.41
0.7132555354832435,-0.3133397277204172,0.9992160595789356,0.7895697931814876,0.26031746031746045,-0.6289592760180996,0.0,0.0,0.0,0.0,1.0,0.0,1.0,0.0,STU-10263,4.91
-0.06976497285683242,0.05897205055798886,-0.6092582269945207,-0.10798713621043882,-0.41746031746031736,0.6990950226244346,-0.6,0.0,0.0,0.0,1.0,0.0,1.0,0.0,STU-12170,3.32
-0.026662926526186945,0.7346489815076901,0.19425241480775648,-1.3801765230876915,-0.16825396825396835,-0.6764705882352942,-0.8,0.0,0.0,0.0,1.0,0.0,1.0,0.0,STU-14530,4.09
0.029908509282787307,-1.2372245108557225,1.0667806976328347,1.367128165138032,1.1095238095238098,0.6809954751131223,-0.2,1.0,0.0,0.0,0.0,0.0,1.0,0.0,STU-12754,5.02
0.6279494021205057,-1.5405896635270178,-0.5809246691009513,0.539814821524604,-0.842857142857143,0.05203619909502252,-0.6,0.0,0.0,0.0,0.0,1.0,1.0,0.0,STU-10713,3.13
-0.18739764096755504,-0.175446476506193,-0.25617850555156674,-0.295303364953102,-1.0841269841269843,0.7579185520361992,-0.8,1.0,0.0,0.0,0.0,0.0,0.0,1.0,STU-12767,4.08
0.4330922343340416,1.7688483656143752,0.9643439883253112,-0.029938707567662853,1.6825396825396828,-1.1018099547511313,-1.2,0.0,0.0,1.0,0.0,0.0,1.0,0.0,STU-11607,5.62
-1.4885406645739436,1.1345394100289417,-0.5097275236247998,1.6402976653877486,0.17460317460317457,1.9072398190045248,0.0,0.0,0.0,0.0,0.0,1.0,1.0,0.0,STU-14652,4.46
-1.3448671768051217,-0.8787020576987385,-0.26199051742717183,-0.09237745048188391,-0.9523809523809526,-0.25565610859728505,0.0,0.0,0.0,0.0,0.0,1.0,1.0,0.0,STU-11372,3.17
-1.3098467641614713,-0.05134255041339098,-0.6572073249682561,-0.09237745048188391,0.0,-0.746606334841629,1.4,0.0,1.0,0.0,0.0,0.0,1.0,0.0,STU-10924,3.79
0.5650922512216461,-0.037553225291967585,-1.0324207045904966e-15,1.6871267225734146,-0.8555555555555556,0.04072398190045243,-0.4,0.0,0.0,1.0,0.0,0.0,0.0,1.0,STU-11171,3.46
-0.42984665157744123,-1.2923818113414125,-0.6550278205149044,-0.24066946490315838,-0.5238095238095237,-0.7669683257918553,-0.6,0.0,0.0,0.0,1.0,0.0,0.0,1.0,STU-12288,2.59
-1.425683513675084,0.3209692278650163,-1.103279236420877,1.1173731934811477,0.4777777777777778,0.11764705882352931,0.6,0.0,0.0,1.0,0.0,0.0,1.0,0.0,STU-14501,3.34
-0.02756088582474126,0.4450731539578183,-1.0872962037629657,0.18859689263211082,0.5809523809523811,-0.4479638009049774,-0.8,0.0,0.0,0.0,0.0,1.0,1.0,0.0,STU-13442,3.22
-0.9156426320957679,-0.9752273335486963,0.6366918188381251,1.2032264649882025,-0.27301587301587316,1.2285067873303168,-1.2,0.0,1.0,0.0,0.0,0.0,1.0,0.0,STU-13455,3.66
0.2517044560259051,0.08655070080083443,-1.3960593346544377,-0.4201808507815441,-0.8920634920634922,0.9932126696832578,1.2,0.0,0.0,0.0,1.0,0.0,1.0,0.0,STU-10217,2.63
0.3639493683452967,-0.8235447572130487,-0.6964384051285837,-0.43579053651009897,0.5793650793650795,0.42986425339366524,-0.4,0.0,0.0,1.0,0.0,0.0,1.0,0.0,STU-13234,3.86
-0.735152813086187,-1.2247380995076246e-15,0.5240840887482943,-0.27969367922454635,0.3428571428571429,0.5837104072398188,0.0,1.0,0.0,0.0,0.0,0.0,0.0,1.0,STU-12724,4.44
0.029010549984231714,0.0038147500722989394,-0.9412694053884101,-1.9109058378585704,-0.40793650793650804,-0.1085972850678734,0.2,0.0,0.0,1.0,0.0,0.0,1.0,0.0,STU-13961,3.81
1.3786433757125969,0.07276137567941103,1.0667806976328347,1.008105393381262,0.13650793650793644,0.2533936651583711,0.6,0.0,1.0,0.0,0.0,0.0,1.0,0.0,STU-11259,4.61
-0.5609487091664901,-0.9890166586701185,-0.06510861514107961,-1.0367634370594765,-0.8269841269841272,-0.03393665158371049,0.0,0.0,0.0,0.0,0.0,1.0,0.0,1.0,STU-14925,4.01
0.7060718610948026,-1.2247380995076246e-15,1.0667806976328347,-0.9274956369595893,0.15238095238095253,1.0746606334841626,0.4,0.0,0.0,1.0,0.0,0.0,1.0,0.0,STU-11705,5.01
0.9206841334494794,0.07276137567941103,0.07437966987342087,0.26664532127488677,-0.6095238095238096,0.4660633484162895,-0.4,0.0,0.0,0.0,1.0,0.0,1.0,0.0,STU-14045,4.48
-0.4253568550846658,0.4588624790792405,-1.619821791865198,0.07152424966794618,-0.9650793650793652,-0.7149321266968326,1.2,0.0,0.0,0.0,0.0,1.0,0.0,1.0,STU-13255,3.17
-0.52233645932862,0.12791867616510097,-0.7204129541154508,0.06371940680366872,-0.9015873015873017,2.020361990950226,1.4,0.0,0.0,0.0,0.0,1.0,1.0,0.0,STU-11780,4.27
-0.02756088582474126,1.3275899617288558,1.0667806976328347,-0.15481619339610495,1.5412698412698413,-0.328054298642534,-0.8,0.0,0.0,0.0,0.0,1.0,0.0,1.0,STU-11458,5.63
1.3786433757125969,1.7688483656143752,1.0667806976328347,0.05591456393939127,1.6587301587301593,-0.6470588235294118,0.4,1.0,0.0,0.0,0.0,0.0,1.0,0.0,STU-14838,5.86
1.144275998789707,-1.2785924862199902,-1.6728564002300865,-0.3655469507316005,-0.5666666666666668,-0.5882352941176471,-1.2,0.0,0.0,0.0,0.0,1.0,1.0,0.0,STU-14446,3.02
1.3786433757125969,-0.9200700330630064,0.7594705697102633,-0.06896292188905083,0.1571428571428572,1.0045248868778283,-0.2,0.0,0.0,0.0,1.0,0.0,1.0,0.0,STU-11013,4.38
-1.2712345143236012,0.6381237056577325,0.9287454155872349,1.2188361507167575,-0.3206349206349206,0.46153846153846156,-1.2,0.0,0.0,0.0,1.0,0.0,1.0,0.0,STU-14298,4.08
1.3786433757125969,0.84496358247907,1.0667806976328347,0.3134743784605529,1.6634920634920636,-0.24434389140271495,-1.2,0.0,0.0,0.0,1.0,0.0,1.0,0.0,STU-14996,5.76
0.8614188197448397,1.272432661243166,0.8125051780751517,-0.8962762655024787,0.5444444444444445,0.0,0.4,0.0,0.0,0.0,0.0,1.0,0.0,1.0,STU-12623,5.45
-1.0700916314472506,-1.8577441413197338,-1.0502446280559885,0.9924957076527057,-0.5047619047619049,-0.8665158371040724,0.4,0.0,0.0,1.0,0.0,0.0,1.0,0.0,STU-11991,3.42
0.4043575367802779,0.15549732640794653,-1.0814841918873606,1.4842008081021967,-0.6190476190476192,0.3574660633484163,-0.8,0.0,1.0,0.0,0.0,0.0,1.0,0.0,STU-13299,4.54
-0.7881324117009388,0.9552781834504498,-0.37823075493925506,-0.9118859512310343,0.12222222222222218,0.08823529411764698,0.0,0.0,1.0,0.0,0.0,0.0,1.0,0.0,STU-11860,3.68
0.4609289725892509,-0.5063902794203325,-0.5729331527719946,-0.09237745048188391,-0.9746031746031747,0.0,-1.2,0.0,0.0,0.0,1.0,0.0,0.0,1.0,STU-10352,3.45
0.21129628759092384,0.34854787810786064,1.0667806976328347,-0.5684728652028186,0.3555555555555556,-0.25565610859728505,-1.2,0.0,1.0,0.0,0.0,0.0,1.0,0.0,STU-10031,5.0
-0.014989455644969348,1.5206405134287713,-1.0324207045904966e-15,-1.38641860024038e-15,0.8095238095238096,0.08823529411764698,1.4,1.0,0.0,0.0,0.0,0.0,1.0,0.0,STU-14932,5.35
0.22656159566636125,1.4241152375788135,0.9040443651159179,-1.411395894544802,0.14126984126984138,1.9343891402714934,-1.2,0.0,1.0,0.0,0.0,0.0,0.0,1.0,STU-10278,4.94
-1.0898467360154636,-0.02376390017054541,-1.0324207045904966e-15,1.2032264649882025,-0.13968253968253955,-0.1628959276018099,-1.2,0.0,0.0,0.0,0.0,1.0,0.0,1.0,STU-12597,3.87
1.3786433757125969,1.7412697153715309,1.0667806976328347,-1.8640767806729044,1.053968253968254,0.11764705882352931,1.8,0.0,0.0,0.0,0.0,1.0,0.0,1.0,STU-14670,5.4
-8.531810996813038,-0.09271052577765751,-0.7102419333331434,-1.6377363376088532,0.0,0.058823529411764656,-1.0,0.0,0.0,0.0,1.0,0.0,1.0,0.0,STU-14136,2.88
0.7392963551413416,0.9001208829647599,1.0667806976328347,1.5388347081521403,0.5587301587301587,-0.5882352941176471,-0.8,0.0,0.0,1.0,0.0,0.0,0.0,1.0,STU-10104,5.01
-0.7576017955500653,-0.7408088064845144,-0.3208371376676633,1.0315199219740943,-0.13333333333333333,-0.5361990950226244,0.6,0.0,0.0,0.0,1.0,0.0,1.0,0.0,STU-12807,3.76
-1.2344181830828398,0.3347585529864385,-1.4207603851257546,-0.8182278368597028,-0.6730158730158732,1.0678733031674208,0.8,0.0,0.0,0.0,1.0,0.0,0.0,1.0,STU-10748,3.57
-0.12005069357592006,1.203486035636054,0.9149418873826751,-0.7011551938955382,-0.21746031746031738,-0.9638009049773756,0.0,0.0,1.0,0.0,0.0,0.0,0.0,1.0,STU-12158,4.56
1.0015004703194406,-0.5753369050274446,1.0667806976328347,-1.38641860024038e-15,0.461904761904762,0.6583710407239818,0.6,0.0,0.0,0.0,1.0,0.0,1.0,0.0,STU-11574,4.53
-0.529520133717061,-0.05134255041339098,0.258911046923853,0.6646923073530462,-0.29365079365079366,0.006787330316742138,0.4,0.0,0.0,0.0,0.0,1.0,0.0,1.0,STU-13222,4.01
-0.6534385169176689,-2.354159845690943,-1.716446489297118,0.8051794789100425,0.0,-0.6380090497737556,-0.8,1.0,0.0,0.0,0.0,0.0,1.0,0.0,STU-13116,2.3
-0.7620915920428407,-0.299550402598995,-2.4000843861650596,0.07932909253222434,-1.4333333333333336,1.2058823529411764,-0.2,0.0,1.0,0.0,0.0,0.0,1.0,0.0,STU-12685,2.73
0.6899085937208096,-1.3337497867056802,1.0667806976328347,0.04030487821083566,0.6412698412698415,-0.29864253393665163,0.6,0.0,0.0,1.0,0.0,0.0,1.0,0.0,STU-12172,4.36
-1.2802141073091522,1.4379045627002356,-1.598753248816133,0.4617663928818274,-0.41746031746031736,-0.4321266968325792,-0.6,0.0,0.0,0.0,0.0,1.0,0.0,1.0,STU-10076,3.83
1.3786433757125969,-0.1064998508990809,0.996310053641134,-0.061158079024773375,0.0,0.7058823529411765,-0.6,0.0,1.0,0.0,0.0,0.0,0.0,1.0,STU-12756,5.05
0.14125546230362335,1.3413792868502792,-0.8192171560007219,0.9534714933313183,-0.29365079365079366,0.0,1.4,0.0,0.0,0.0,0.0,1.0,1.0,0.0,STU-12379,4.11
-1.764214169230369,-0.3960756784489527,-1.7629425843019515,-0.27969367922454635,-0.373015873015873,-0.04072398190045243,0.6,1.0,0.0,0.0,0.0,0.0,0.0,1.0,STU-10873,3.85
0.08647994509176028,0.5691770800506203,1.0667806976328347,-1.185055451480751,0.0,-0.058823529411764656,-0.8,1.0,0.0,0.0,0.0,0.0,0.0,1.0,STU-10225,5.47
1.3786433757125969,1.0793821095432519,0.6592133648560914,0.7739601074529326,0.26984126984127005,-0.11312217194570136,-0.4,0.0,0.0,0.0,0.0,1.0,0.0,1.0,STU-12295,5.58
-0.36788745997713723,-1.085541934520076,-1.263109562999991,-0.6855455081669832,-0.8841269841269842,1.4751131221719458,-1.2,0.0,1.0,0.0,0.0,0.0,1.0,0.0,STU-12831,2.91
-0.41637726209911374,1.4103259124573913,1.0667806976328347,-1.7548089805730178,0.3650793650793653,-0.5610859728506787,-0.4,1.0,0.0,0.0,0.0,0.0,1.0,0.0,STU-14526,4.45
0.0,-0.3960756784489527,0.6417773292292792,-0.4123760079172659,0.8158730158730159,-0.66289592760181,-1.2,0.0,0.0,0.0,1.0,0.0,1.0,0.0,STU-11454,4.67
0.687214715825144,1.7688483656143752,0.9367369319161906,1.1173731934811477,1.2031746031746033,0.5656108597285066,0.4,1.0,0.0,0.0,0.0,0.0,1.0,0.0,STU-11905,6.9
0.31276568832765345,-1.085541934520076,0.3475442280268167,-0.5762777080670967,0.666666666666667,0.05203619909502252,-0.8,0.0,0.0,0.0,0.0,1.0,0.0,1.0,STU-11895,4.78
1.3786433757125969,-0.5615475799060224,1.0667806976328347,-0.24847430776743584,0.8396825396825399,-0.45022624434389147,-1.2,1.0,0.0,0.0,0.0,0.0,1.0,0.0,STU-10888,5.56
0.0,1.162118060271786,1.0667806976328347,0.9222521218742071,0.6142857142857145,-0.9751131221719458,-0.4,0.0,0.0,1.0,0.0,0.0,0.0,1.0,STU-13406,5.33
0.7303167621557909,1.4241152375788135,-0.43925687963309923,-0.3031082078173794,-0.7666666666666668,-0.6945701357466063,1.2,1.0,0.0,0.0,0.0,0.0,1.0,0.0,STU-14864,3.39
0.7473779888283382,1.5895871390358833,0.07583267284232162,-0.9587150084166998,1.123809523809524,0.8597285067873303,0.4,0.0,0.0,0.0,0.0,1.0,1.0,0.0,STU-12044,5.78
0.47799019926179825,0.19686530177221429,1.0115665848145945,1.4529814366450853,0.17142857142857146,-0.18099547511312214,0.0,0.0,0.0,0.0,0.0,1.0,1.0,0.0,STU-10206,4.24
-1.6905815067488486,-0.49260095429890915,-0.42109434252183614,1.2656652079024235,-0.8476190476190477,0.5113122171945703,0.4,0.0,0.0,0.0,0.0,1.0,1.0,0.0,STU-12871,3.33
0.7303167621557909,0.41749450371497276,1.0667806976328347,-1.7313944519801847,0.09682539682539675,2.7624434389140275,-0.8,1.0,0.0,0.0,0.0,0.0,0.0,1.0,STU-10878,5.45
0.58843919298408,-0.7132301562416689,0.019165557055180773,-0.5996922366599291,-0.6111111111111112,0.26244343891402716,0.0,0.0,0.0,0.0,1.0,0.0,1.0,0.0,STU-10254,4.3
-0.7028262783382022,0.2520226022579042,-1.2413145184664758,-1.38641860024038e-15,-0.1444444444444445,2.294117647058824,-0.8,0.0,0.0,0.0,1.0,0.0,1.0,0.0,STU-14754,2.38
-0.45768338983265056,-0.46502230405606476,1.0667806976328347,-0.12359682193899443,0.0,-0.7601809954751131,0.0,1.0,0.0,0.0,0.0,0.0,1.0,0.0,STU-14570,5.01
1.262806626198984,1.1207500849075196,0.17536337621204356,1.0315199219740943,0.44126984126984126,-0.09502262443438912,-0.6,0.0,0.0,0.0,0.0,1.0,1.0,0.0,STU-10635,4.99
1.3786433757125969,1.6723230897644175,1.0667806976328347,-9.90375003716319,2.8206349206349217,0.6312217194570136,0.6,0.0,0.0,0.0,0.0,1.0,1.0,0.0,STU-14243,6.18
-0.6929487260540945,-1.0579632842772306,-1.0324207045904966e-15,1.0159102362455394,-0.6730158730158732,0.3212669683257918,0.4,0.0,1.0,0.0,0.0,0.0,1.0,0.0,STU-11956,3.05
0.7051739017962471,0.596755730293466,1.0667806976328347,0.7427407359958221,0.17460317460317457,-0.018099547511312233,-1.2,0.0,0.0,1.0,0.0,0.0,1.0,0.0,STU-14407,5.42
0.9278678078379203,0.5140197795649304,-0.923106868277147,-0.6699358224384276,-0.7650793650793651,1.9457013574660638,-1.0,1.0,0.0,0.0,0.0,0.0,0.0,1.0,STU-10426,3.83
0.6746432856453721,-0.5615475799060224,1.0667806976328347,-0.5294486508814306,0.25238095238095243,0.4004524886877827,-1.0,0.0,0.0,0.0,1.0,0.0,0.0,1.0,STU-14038,4.29
0.7940718723532048,1.6999017400072631,1.0667806976328347,0.8598133789599861,0.09841269841269859,-0.828054298642534,-0.8,0.0,1.0,0.0,0.0,0.0,0.0,1.0,STU-10731,5.16
0.20590853179959281,-0.05134255041339098,-2.4596575078900025,-0.43579053651009897,0.0,0.0,-1.2,0.0,0.0,0.0,0.0,1.0,0.0,1.0,STU-11659,3.2
0.8533371860578445,0.29339057762217075,-0.3048541050097519,0.7739601074529326,0.41269841269841273,-0.6832579185520362,-0.8,0.0,0.0,0.0,1.0,0.0,1.0,0.0,STU-11262,4.46
0.46003101329069535,-0.4374436538132192,0.5909222253177424,1.57005407960925,0.4063492063492065,0.0,0.2,0.0,0.0,0.0,1.0,0.0,0.0,1.0,STU-12435,4.83
-0.1469894725325738,0.5691770800506203,0.06348214760666261,-0.357742107867323,-0.853968253968254,-0.42760180995475117,-0.8,0.0,0.0,1.0,0.0,0.0,0.0,1.0,STU-13126,4.78
1.2125209054798978,1.7688483656143752,1.0667806976328347,0.6490826216244906,1.8571428571428577,-0.911764705882353,0.0,1.0,0.0,0.0,0.0,0.0,1.0,0.0,STU-11531,6.28
0.6414187915988331,0.38991585347212837,1.0667806976328347,0.336888907053386,0.4396825396825397,-0.35294117647058815,0.0,0.0,0.0,1.0,0.0,0.0,0.0,1.0,STU-14430,5.39
1.3786433757125969,0.34854787810786064,1.0667806976328347,-0.5762777080670967,0.6253968253968254,-0.18099547511312214,-0.6,0.0,0.0,1.0,0.0,0.0,0.0,1.0,STU-12600,4.74
1.3409290851732811,1.7688483656143752,0.2066029400434155,0.5632293501174371,0.9873015873015876,0.6583710407239818,0.0,0.0,1.0,0.0,0.0,0.0,0.0,1.0,STU-13155,5.6
1.3651739862342693,1.7688483656143752,1.0413531456770668,1.0549344505669267,0.4063492063492065,1.7941176470588236,0.6,0.0,1.0,0.0,0.0,0.0,1.0,0.0,STU-13925,5.22
-1.3080508455643614,-2.1748986191124513,-2.174142424500947,0.04030487821083566,-0.9111111111111113,-0.15610859728506796,0.0,0.0,0.0,0.0,0.0,1.0,0.0,1.0,STU-14371,2.39
-0.2358874430895328,0.3347585529864385,-1.0324207045904966e-15,-0.9274956369595893,0.23492063492063503,-0.5475113122171945,-0.2,0.0,0.0,0.0,1.0,0.0,0.0,1.0,STU-10181,4.38
1.1739086556420264,-0.28576107747757284,1.0667806976328347,-0.34993726500304556,0.7603174603174606,0.36425339366515846,0.0,0.0,1.0,0.0,0.0,0.0,1.0,0.0,STU-11199,4.79
-0.7827446559096078,-0.46502230405606476,-1.67794191062124,0.5788390358459921,-0.2857142857142856,-0.9434389140271493,-1.2,1.0,0.0,0.0,0.0,0.0,1.0,0.0,STU-12108,4.52
0.8335820814896316,1.4241152375788135,-0.6179762448079273,0.4071324928318845,0.12380952380952373,0.4705882352941177,1.0,0.0,0.0,1.0,0.0,0.0,1.0,0.0,STU-12976,4.83
-0.2574384662548555,-0.14786782626334743,1.0667806976328347,-1.895296152130015,0.7269841269841271,1.2013574660633484,1.2,0.0,0.0,0.0,0.0,1.0,0.0,1.0,STU-13280,4.22
-2.81752042643554,-2.61615702299797,-0.09053616709684853,0.7817649503172102,-0.4968253968253967,0.9773755656108596,2.0,0.0,0.0,0.0,1.0,0.0,1.0,0.0,STU-12329,2.36
0.2876228279681096,1.1345394100289417,1.0667806976328347,-1.0601779656523087,0.657142857142857,-0.09954751131221728,-0.8,0.0,0.0,0.0,0.0,1.0,0.0,1.0,STU-10358,5.15
0.07929627070331936,0.4037051785935506,-1.351742744102956,-1.38641860024038e-15,-1.7476190476190478,14.414207742801372,1.2,1.0,0.0,0.0,0.0,0.0,0.0,1.0,STU-14574,3.63
-0.24486703607508362,0.26581192737932635,0.5843837119576875,-0.8494472083168133,0.18571428571428572,0.171945701357466,0.2,0.0,1.0,0.0,0.0,0.0,1.0,0.0,STU-13049,4.73
1.3786433757125969,1.7688483656143752,1.0667806976328347,-0.17823072198893733,1.3730158730158732,0.506787330316742,1.4,0.0,0.0,0.0,1.0,0.0,1.0,0.0,STU-11839,6.58
0.34868406026985926,1.6861124148858408,0.8924203413647087,-1.6065169661517427,-0.19841269841269846,0.2375565610859728,1.2,0.0,0.0,0.0,0.0,1.0,0.0,1.0,STU-12105,4.53
0.76174533760522,-0.5063902794203325,1.0667806976328347,-1.5362733803732442,-0.6174603174603177,-0.6085972850678733,0.0,0.0,0.0,0.0,0.0,1.0,0.0,1.0,STU-10388,4.2
1.109255586146057,0.8587529076004922,1.0667806976328347,-0.25627915063171397,-0.3349206349206349,-0.6515837104072398,0.8,1.0,0.0,0.0,0.0,0.0,1.0,0.0,STU-12650,5.31
-0.6220099414682397,-1.4302750625556377,0.48921201749466886,-0.061158079024773375,0.43174603174603193,-0.828054298642534,0.2,0.0,1.0,0.0,0.0,0.0,0.0,1.0,STU-14785,3.99
0.7330106400514563,0.38991585347212837,0.5967342371933465,1.0939586648883153,0.3920634920634922,-0.7307692307692307,-0.6,0.0,1.0,0.0,0.0,0.0,1.0,0.0,STU-13102,4.23
-0.8689487485709013,0.15549732640794653,-0.16391281702635066,-1.5674927518303547,0.06666666666666667,-0.17647058823529418,1.2,0.0,0.0,0.0,1.0,0.0,0.0,1.0,STU-13185,3.15
-0.15417314692101472,0.3347585529864385,0.33374069982225696,-0.2718888363602689,0.0,0.5972850678733032,0.4,1.0,0.0,0.0,0.0,0.0,1.0,0.0,STU-10203,4.82
1.286153567961418,-0.8373340823344708,0.8938733443336105,1.3827378508665868,-0.12698412698412684,0.15384615384615377,-0.4,0.0,0.0,0.0,0.0,1.0,0.0,1.0,STU-12275,4.38
0.5956228673725209,0.6381237056577325,1.0667806976328347,-1.45042010886619,0.7095238095238098,-0.48642533936651583,1.4,0.0,0.0,0.0,0.0,1.0,1.0,0.0,STU-11045,5.67
-0.4648670642210915,-0.9062807079415842,-0.002629487478334702,0.9378618076027634,-1.2809523809523813,0.48416289592760176,-0.4,0.0,0.0,0.0,1.0,0.0,1.0,0.0,STU-11624,2.75
-3.200051087620027,-1.5268003384055944,-3.6867185151269353,-1.7704186663015729,-1.6460317460317462,0.6470588235294118,0.4,0.0,0.0,1.0,0.0,0.0,0.0,1.0,STU-13946,1.0
0.715949413378909,-1.0993312596414984,1.0667806976328347,-1.3255426230377487,-0.6634920634920636,-0.6244343891402716,0.8,1.0,0.0,0.0,0.0,0.0,1.0,0.0,STU-13133,4.16
1.304112753932521,1.7688483656143752,0.9665234927786628,0.594448721574547,0.847619047619048,-0.5882352941176471,2.2,0.0,1.0,0.0,0.0,0.0,0.0,1.0,STU-10548,5.58
-0.8285405801359201,-0.23060377699188292,-0.5816511705854012,-1.5128588517804111,0.3920634920634922,-0.42760180995475117,1.0,0.0,0.0,1.0,0.0,0.0,1.0,0.0,STU-11053,3.72
-0.9183365099914335,0.9414888583290276,1.0667806976328347,2.452001323272622,1.2603174603174605,0.669683257918552,-1.2,0.0,1.0,0.0,0.0,0.0,0.0,1.0,STU-13976,5.13
0.9979086331252208,-0.6856515059988245,-1.2318699991686193,1.0159102362455394,-1.2190476190476192,-0.5248868778280543,0.8,0.0,1.0,0.0,0.0,0.0,1.0,0.0,STU-12368,3.61
-0.8617650741824604,-0.009974575049123234,0.06784115651336592,-0.9977392227380878,-0.4777777777777778,-1.0814479638009051,-1.2,0.0,0.0,0.0,0.0,1.0,1.0,0.0,STU-10318,4.02
-0.14609151323401948,0.6794916810220002,0.1688248628519886,-1.6455411804731306,0.6285714285714288,0.9524886877828055,-0.4,0.0,1.0,0.0,0.0,0.0,1.0,0.0,STU-10744,4.01
-0.5178466628358446,0.6519130307791559,0.9236599051960818,1.3437136365451996,0.3888888888888891,0.05656108597285068,0.2,0.0,0.0,0.0,1.0,0.0,0.0,1.0,STU-10102,5.22
-0.5070711512531826,-0.7545981316059366,1.0667806976328347,-1.224079665802139,0.6365079365079366,2.5294117647058822,-0.4,0.0,0.0,0.0,0.0,1.0,0.0,1.0,STU-13475,4.39
-0.5887854474216995,-0.8235447572130487,-0.37387174603255174,-0.4123760079172659,-0.8095238095238096,-0.5361990950226244,0.4,0.0,0.0,1.0,0.0,0.0,1.0,0.0,STU-10309,3.47
1.2089290682856766,0.41749450371497276,-1.0324207045904966e-15,0.39932764996760634,0.4936507936507936,-0.38687782805429866,0.0,0.0,1.0,0.0,0.0,0.0,1.0,0.0,STU-11216,5.4
-1.4418467810490758,-1.0717526093986527,-0.3884017757215624,-0.4826195936957651,-0.7253968253968254,-0.7307692307692307,0.2,1.0,0.0,0.0,0.0,0.0,0.0,1.0,STU-11526,2.63
-0.18919355956466496,1.0518034593004075,1.0667806976328347,-0.1626210362603824,1.255555555555556,-0.916289592760181,-0.8,0.0,0.0,0.0,0.0,1.0,0.0,1.0,STU-13850,5.35
-0.7180915864136383,-1.2247380995076246e-15,-0.7894305951382506,-2.059197852279845,-0.06825396825396822,-0.09954751131221728,-0.4,0.0,0.0,0.0,0.0,1.0,1.0,0.0,STU-12106,3.92
0.31725548482043014,0.5829664051720425,0.25963754840830394,0.5476196643888815,-0.12539682539682528,-0.1651583710407241,-1.0,0.0,0.0,1.0,0.0,0.0,1.0,0.0,STU-10551,4.24
0.8605208604462854,-0.46502230405606476,-1.1076382453275804,0.2822550070034424,-0.5063492063492063,-0.748868778280543,-0.6,0.0,1.0,0.0,0.0,0.0,1.0,0.0,STU-13218,4.22
-0.5986629997058058,-0.658072855755979,-1.239135014013124,0.05591456393939127,-0.12063492063492062,0.6990950226244346,0.0,0.0,0.0,0.0,0.0,1.0,1.0,0.0,STU-13752,3.45
0.023622794192900712,0.11412935104367879,0.8212231958885583,-1.3645668373591366,0.22063492063492077,-0.6176470588235294,0.0,0.0,0.0,1.0,0.0,0.0,0.0,1.0,STU-10661,5.04
0.40345957748172234,-0.2443931021133051,0.6410508277448284,-0.7011551938955382,0.7714285714285718,-0.33031674208144796,1.0,0.0,0.0,0.0,0.0,1.0,1.0,0.0,STU-14333,4.72
-0.3247854136464905,0.3761265283507062,-1.0324207045904966e-15,-2.0045639522299012,0.43333333333333346,-0.3574660633484163,0.0,0.0,0.0,0.0,0.0,1.0,0.0,1.0,STU-10007,4.28
-1.154499805511433,-1.2247380995076246e-15,-0.5322490696427662,-0.33432757927448997,-1.1015873015873017,0.8348416289592762,-1.2,0.0,0.0,0.0,1.0,0.0,0.0,1.0,STU-10020,2.66
0.08378606719609479,1.7688483656143752,0.7529320563502093,0.21981626408922136,0.03809523809523813,-0.5520361990950227,1.8,0.0,0.0,0.0,1.0,0.0,1.0,0.0,STU-11452,4.4
0.9215820927480338,-0.40986500357037486,-0.19442587937327274,-0.6465212938455952,-0.7873015873015874,-0.5113122171945702,-0.4,0.0,0.0,0.0,1.0,0.0,1.0,0.0,STU-13600,3.76
0.8506433081621789,-1.2247380995076246e-15,1.0667806976328347,0.8129843217743213,2.37936507936508,-0.5475113122171945,-0.4,0.0,0.0,0.0,1.0,0.0,1.0,0.0,STU-13232,5.69
-0.8788263008550078,-1.0028059837915406,-3.037226188028168,-0.06896292188905083,-0.9523809523809526,0.04072398190045243,0.2,0.0,0.0,0.0,0.0,1.0,1.0,0.0,STU-11444,2.1
-0.724377301503525,-2.643735673240815,-1.7956351511022246,0.26664532127488677,-0.06825396825396822,1.1131221719457016,-0.6,0.0,0.0,0.0,0.0,1.0,1.0,0.0,STU-14168,2.57
0.9090106625682619,-0.8373340823344708,0.7340430177544953,1.2422506793095898,0.15873015873015875,-0.8529411764705882,0.2,0.0,1.0,0.0,0.0,0.0,0.0,1.0,STU-12407,5.35
0.0,-1.457853712798482,-1.1730233789281268,-2.184075338108287,-1.5079365079365081,-0.5588235294117647,2.0,0.0,0.0,1.0,0.0,0.0,0.0,1.0,STU-13657,2.43
-0.2933568381970614,1.5344298385501933,-0.0048089919316863525,-0.31091305068165687,-0.10317460317460325,12.134203281973251,-0.6,0.0,0.0,0.0,1.0,0.0,0.0,1.0,STU-14349,4.82
1.3786433757125969,0.969067508571872,-1.6249073022563518,-2.2387092381582305,-0.7603174603174605,1.0226244343891404,-1.0,1.0,0.0,0.0,0.0,0.0,1.0,0.0,STU-12093,3.05
0.8183167734141942,0.1003400259222566,0.06275564612221275,-0.8026181511311471,0.3412698412698414,0.013574660633484075,1.0,0.0,0.0,0.0,1.0,0.0,1.0,0.0,STU-12463,4.51
-0.7468262839674032,-0.8373340823344708,1.0667806976328347,0.3524985927819409,0.42380952380952386,-0.6764705882352942,-0.4,0.0,0.0,0.0,1.0,0.0,1.0,0.0,STU-11490,3.8
1.3786433757125969,1.0518034593004075,0.9113093799604227,-0.15481619339610495,0.05079365079365085,0.13348416289592757,-1.2,0.0,0.0,0.0,1.0,0.0,1.0,0.0,STU-10853,4.52
-0.15956090271234571,0.6519130307791559,0.4804939996812633,0.6178632501673801,0.7301587301587302,-0.4592760180995476,0.2,0.0,0.0,0.0,1.0,0.0,0.0,1.0,STU-14329,4.59
1.3786433757125969,0.03139340031514451,0.7841716201815813,0.1417678354464454,0.38571428571428573,-0.2375565610859728,1.2,1.0,0.0,0.0,0.0,0.0,0.0,1.0,STU-11281,5.0
-1.3026630897730305,-0.602915555270289,0.20878244449676714,-0.5840825509313742,-0.3666666666666668,-0.8959276018099548,-0.4,0.0,0.0,0.0,0.0,1.0,1.0,0.0,STU-12418,2.95
1.3786433757125969,0.5002304544435082,1.0667806976328347,0.9534714933313183,0.8793650793650797,0.7963800904977377,-1.0,0.0,1.0,0.0,0.0,0.0,1.0,0.0,STU-12234,5.2
0.23015343286058107,-0.5201796045417547,-0.9427224083573109,-1.1538360800236405,-0.4793650793650794,-0.6221719457013575,-0.2,0.0,0.0,1.0,0.0,0.0,1.0,0.0,STU-11227,3.65
0.22027588057647465,-0.13407850114192527,-0.557676621598534,0.46957123574610554,-0.8126984126984128,-0.31900452488687786,-0.2,0.0,0.0,0.0,0.0,1.0,1.0,0.0,STU-12652,3.5
0.47529632136613276,-0.42365432869179703,1.0667806976328347,-1.1772506086164733,0.4587301587301589,1.2986425339366514,-0.6,0.0,0.0,0.0,1.0,0.0,1.0,0.0,STU-11346,4.67
-1.9016019419093044,0.7208596563862679,0.27997958997291866,0.3524985927819409,-0.634920634920635,-0.21040723981900447,0.0,1.0,0.0,0.0,0.0,0.0,0.0,1.0,STU-12279,3.74
0.20770445039670274,1.6723230897644175,1.0667806976328347,-0.4123760079172659,0.14603174603174604,-0.04751131221719456,-1.2,0.0,0.0,0.0,1.0,0.0,1.0,0.0,STU-11388,5.1
0.26068404901145587,1.0793821095432519,0.4950240293702729,-0.49822927942432005,0.5158730158730159,-0.042986425339366606,0.4,0.0,0.0,1.0,0.0,0.0,0.0,1.0,STU-14745,5.34
1.3786433757125969,0.22444395201505862,1.0667806976328347,0.05591456393939127,1.123809523809524,0.08371040723981903,-1.2,0.0,0.0,0.0,1.0,0.0,0.0,1.0,STU-12840,5.32
-0.9677242714119655,-1.44406438767706,-1.5311886107622348,-0.6309116081170396,-0.11111111111111102,2.7624434389140275,-1.2,0.0,0.0,0.0,0.0,1.0,1.0,0.0,STU-13981,2.81
-0.33645888452770684,-1.4164857374342144,0.29741562559973084,-1.005544065602366,-0.12380952380952373,-0.5361990950226244,1.8,0.0,0.0,1.0,0.0,0.0,1.0,0.0,STU-11033,3.49
1.3786433757125969,0.5278091046863526,-0.20604990312448085,-0.7167648796240937,-0.04761904761904746,0.29638009049773745,-0.8,0.0,1.0,0.0,0.0,0.0,1.0,0.0,STU-11032,5.02
1.3786433757125969,1.5068511883073479,0.8924203413647087,-1.7235896091159073,0.6174603174603177,0.0,1.2,0.0,1.0,0.0,0.0,0.0,1.0,0.0,STU-13666,5.71
-1.2182549157088483,-1.692272239862664,-2.6122228196246122,-1.0992021799736975,-0.880952380952381,0.13348416289592757,0.6,0.0,0.0,0.0,1.0,0.0,1.0,0.0,STU-11305,2.47
-0.5968670811086959,-1.2510138359771459,-0.4930179894824375,-1.942125209315681,0.11428571428571441,-0.6221719457013575,-0.6,1.0,0.0,0.0,0.0,0.0,1.0,0.0,STU-10354,3.15
0.4618269318878065,-0.18923580162761516,0.3889548126404971,1.5622492367449725,-0.5253968253968255,-0.22398190045248875,-0.2,1.0,0.0,0.0,0.0,0.0,0.0,1.0,STU-14292,4.91
-1.2416018574712822,0.30717990274359414,0.18480789550990004,-1.38641860024038e-15,0.18571428571428572,-0.18778280542986428,-0.6,0.0,0.0,0.0,0.0,1.0,0.0,1.0,STU-12641,3.97
0.1780717935443835,-1.2247380995076246e-15,-0.44579539299315313,-0.9587150084166998,-0.06349206349206356,1.2760180995475112,-1.2,0.0,0.0,0.0,0.0,1.0,0.0,1.0,STU-13163,4.32
0.5094187747112274,1.7688483656143752,1.0667806976328347,-1.0757876513808644,1.2904761904761908,-0.03846153846153844,0.0,1.0,0.0,0.0,0.0,0.0,1.0,0.0,STU-11360,5.43
0.0,0.7484383066291123,-0.20750290609338265,1.718346094030526,0.6476190476190478,-0.015837104072398255,0.0,0.0,0.0,0.0,1.0,0.0,1.0,0.0,STU-13626,4.91
1.0490923131428629,-0.16165715138477083,0.49647703233917473,-0.9431053226881448,-0.03968253968253969,0.02714932126696835,0.2,0.0,0.0,0.0,0.0,1.0,1.0,0.0,STU-10918,4.78
1.3786433757125969,-1.2247380995076246e-15,1.0667806976328347,-0.33432757927448997,2.1190476190476195,-0.5633484162895929,-1.0,1.0,0.0,0.0,0.0,0.0,1.0,0.0,STU-10340,5.84
-0.11825477497881016,1.0242248090575619,0.23275699348363427,0.05591456393939127,0.48253968253968277,-0.7081447963800905,-1.0,0.0,0.0,1.0,0.0,0.0,1.0,0.0,STU-10675,4.74
-0.8150711906575939,0.36233720322928403,-0.6092582269945207,-0.8338375225882577,-0.2301587301587301,0.9954751131221719,0.2,0.0,0.0,0.0,0.0,1.0,0.0,1.0,STU-11446,4.85
0.6360310358075021,-0.2719717523561507,0.9193008962893784,-0.25627915063171397,-0.022222222222222317,-0.44117647058823534,1.6,0.0,0.0,0.0,1.0,0.0,1.0,0.0,STU-12912,4.8
-1.4427447403476314,-1.140699235005766,-1.5893087295182764,-0.34993726500304556,-1.7476190476190478,-0.14705882352941185,-0.4,0.0,0.0,0.0,0.0,1.0,0.0,1.0,STU-11969,2.96
1.0589698654269692,0.6243343805363103,0.8117786765907008,0.375913121374774,-0.42380952380952386,0.9140271493212669,0.2,0.0,0.0,0.0,0.0,1.0,0.0,1.0,STU-14165,4.63
0.2804391535796687,0.08655070080083443,1.0239171100502535,1.0159102362455394,-0.7634920634920636,0.12217194570135748,0.0,0.0,0.0,1.0,0.0,0.0,1.0,0.0,STU-12219,4.21
0.20590853179959281,0.11412935104367879,-0.3368201703255747,-0.34213242213876743,0.9603174603174603,0.14253393665158368,0.6,1.0,0.0,0.0,0.0,0.0,0.0,1.0,STU-11334,4.81
-0.4253568550846658,-0.09271052577765751,-1.0324207045904966e-15,1.554444393880695,0.25714285714285734,2.7624434389140275,-0.4,0.0,0.0,0.0,0.0,1.0,0.0,1.0,STU-12317,4.83
0.3693371241366277,0.29339057762217075,0.5843837119576875,1.0159102362455394,0.8396825396825399,0.5837104072398188,-0.6,0.0,0.0,0.0,1.0,0.0,1.0,0.0,STU-10971,3.67
-0.26641805924040635,-0.9614380084272741,-1.457085459348281,-1.7938331948944057,-0.3206349206349206,0.5633484162895926,0.4,0.0,0.0,0.0,0.0,1.0,1.0,0.0,STU-13257,2.42
1.0221535341862091,1.4516938878216579,-1.1686643700214234,1.1407877220739815,-0.5952380952380953,-0.916289592760181,-0.6,0.0,0.0,1.0,0.0,0.0,0.0,1.0,STU-12574,4.17
1.3786433757125969,-0.7821767818487809,1.0667806976328347,-0.6074970795242065,0.5952380952380953,-0.5633484162895929,-1.2,0.0,0.0,0.0,0.0,1.0,1.0,0.0,STU-10665,5.03
0.06582688122499186,-0.6718621808774011,-1.9743545162770533,-1.067982808516587,-0.7539682539682541,-0.7624434389140272,0.0,0.0,0.0,0.0,1.0,0.0,1.0,0.0,STU-14898,3.12
1.2493372367206579,-0.20302512674903736,1.0667806976328347,0.12615814971788977,0.6777777777777781,-0.38687782805429866,-0.6,0.0,0.0,1.0,0.0,0.0,1.0,0.0,STU-10978,4.8
0.7653371747994411,1.6585337646429954,0.3620742577158274,-1.45042010886619,-0.09523809523809519,-0.574660633484163,1.0,0.0,0.0,0.0,0.0,1.0,1.0,0.0,STU-12426,4.74
-0.8330303766286955,-0.14786782626334743,-1.0324207045904966e-15,0.04030487821083566,-0.01587301587301582,0.343891402714932,0.2,0.0,0.0,0.0,0.0,1.0,1.0,0.0,STU-13645,3.39
-0.27360173362884854,0.19686530177221429,0.4594254566321977,-1.2396893515306946,-1.0746031746031748,0.343891402714932,-1.2,0.0,0.0,0.0,0.0,1.0,1.0,0.0,STU-12850,4.49
-0.023969048630521444,0.6105450554148881,0.31339865825764224,0.45396155001754995,-0.22539682539682543,-0.042986425339366606,-1.2,0.0,0.0,1.0,0.0,0.0,0.0,1.0,STU-11585,3.47
1.3786433757125969,-0.32712905284183935,1.0667806976328347,0.8988375932813748,1.352380952380953,1.0633484162895928,0.0,0.0,0.0,1.0,0.0,0.0,1.0,0.0,STU-11462,5.16
0.4357861122297071,0.4450731539578183,1.0667806976328347,1.070544136295483,1.471428571428572,0.0,-1.2,0.0,0.0,0.0,1.0,0.0,1.0,0.0,STU-11517,5.32
0.9970106738266652,0.5002304544435082,1.0667806976328347,-1.1460312371593628,1.2714285714285716,-0.7941176470588236,1.6,0.0,1.0,0.0,0.0,0.0,1.0,0.0,STU-10592,4.32
-1.4095202463010912,-0.9890166586701185,0.12523477378495768,-0.1626210362603824,-0.11111111111111102,0.16968325791855204,-0.6,0.0,1.0,0.0,0.0,0.0,1.0,0.0,STU-14588,2.64
0.01464320120734989,0.6243343805363103,1.0667806976328347,-0.06896292188905083,1.3349206349206355,-0.6855203619909503,-0.4,1.0,0.0,0.0,0.0,0.0,0.0,1.0,STU-10526,4.76
0.8362759593852959,1.093171434664674,1.0667806976328347,-1.5752975946946322,1.4031746031746037,0.6832579185520363,-1.2,0.0,0.0,1.0,0.0,0.0,1.0,0.0,STU-14538,5.68
-0.6803772958743239,0.78980628199338,-0.3375466718100256,-0.4826195936957651,-0.022222222222222317,0.0,-0.8,0.0,0.0,1.0,0.0,0.0,0.0,1.0,STU-11243,3.69
0.6037045010595173,0.7484383066291123,-0.8097726367028654,-0.31091305068165687,1.180952380952381,2.7624434389140275,0.8,0.0,0.0,1.0,0.0,0.0,1.0,0.0,STU-13335,4.26
-2.2185815742992663,-1.9680587422911135,-1.9881580444816132,0.6256680930316575,-1.4000000000000004,-0.5497737556561086,1.4,0.0,0.0,0.0,1.0,0.0,1.0,0.0,STU-11749,2.09
1.3786433757125969,1.4516938878216579,1.0667806976328347,0.6178632501673801,1.1412698412698414,1.3167420814479638,-0.4,0.0,0.0,1.0,0.0,0.0,0.0,1.0,STU-14433,5.93
-1.2622549213380492,-0.02376390017054541,0.47468198780565823,0.4305470214247169,-1.1,2.2737556561085976,-0.8,0.0,0.0,0.0,0.0,1.0,1.0,0.0,STU-14606,3.29
0.8299902442954106,-1.306171136462836,0.23638950090588667,0.477376078610383,-0.36190476190476184,0.8687782805429866,0.0,0.0,0.0,0.0,1.0,0.0,0.0,1.0,STU-12393,4.3
0.3729289613308475,0.8863315578433377,-0.6702843516883649,-1.3801765230876915,-0.4968253968253967,-0.10633484162895922,-1.0,1.0,0.0,0.0,0.0,0.0,1.0,0.0,STU-13025,4.51
1.234969887943776,0.38991585347212837,0.7761801038526255,0.13396299258216723,0.9761904761904764,-0.36651583710407243,-0.8,1.0,0.0,0.0,0.0,0.0,0.0,1.0,STU-14429,4.99
-0.42894869227888566,1.0104354839361398,1.0667806976328347,0.2120114212249439,0.43015873015873035,1.3687782805429864,-0.6,1.0,0.0,0.0,0.0,0.0,1.0,0.0,STU-13296,5.18
0.5426432687577677,1.0655927844218296,-1.0324207045904966e-15,0.06371940680366872,0.7682539682539686,-0.5294117647058824,1.0,1.0,0.0,0.0,0.0,0.0,0.0,1.0,STU-13548,5.91
-1.289193700294703,0.34854787810786064,-0.2823325589917855,0.9066424361456522,-0.37619047619047613,0.3823529411764707,1.2,0.0,0.0,0.0,0.0,1.0,1.0,0.0,STU-14147,3.41
1.3786433757125969,1.7688483656143752,-0.12032272795931971,0.10274362112505671,0.5555555555555557,0.35294117647058815,0.0,0.0,0.0,0.0,1.0,0.0,1.0,0.0,STU-14730,5.15
0.22117383987503023,-0.4374436538132192,0.24220151278149177,1.148592564938259,0.09365079365079364,1.2285067873303168,-0.6,0.0,1.0,0.0,0.0,0.0,0.0,1.0,STU-10515,3.56
1.659285770221326,0.6105450554148881,-0.979047482579837,1.0471296077026493,-0.8857142857142859,0.05656108597285068,0.4,0.0,0.0,1.0,0.0,0.0,1.0,0.0,STU-11390,3.39
0.3540718160611903,0.8173849322362243,1.0667806976328347,-0.7635939368097592,0.646031746031746,0.17420814479638,0.8,0.0,0.0,0.0,1.0,0.0,0.0,1.0,STU-11774,4.45
-0.394826238933791,-0.4512329789346426,1.0667806976328347,1.3202991079523658,0.42698412698412697,0.495475113122172,0.8,0.0,0.0,0.0,0.0,1.0,1.0,0.0,STU-12424,4.94
0.40884733327305334,-1.5543789886484398,-0.014253511229542817,0.29786469273199734,-1.023809523809524,-0.2828054298642534,-0.6,0.0,0.0,0.0,1.0,0.0,0.0,1.0,STU-11921,3.92
1.3786433757125969,0.3761265283507062,1.0667806976328347,-0.5216438080171532,0.4984126984126986,1.6153846153846154,1.2,0.0,0.0,0.0,0.0,1.0,1.0,0.0,STU-14411,4.72
-0.3265813322436004,0.15549732640794653,0.5960077357088956,1.2188361507167575,1.1222222222222222,0.9864253393665159,0.2,0.0,0.0,1.0,0.0,0.0,1.0,0.0,STU-14311,4.51
-1.0709895907458062,0.05897205055798886,0.5240840887482943,0.16518236403927777,-0.5841269841269842,-0.6221719457013575,-0.8,0.0,0.0,1.0,0.0,0.0,0.0,1.0,STU-10807,4.1
-2.0174386914229165,-0.9062807079415842,-1.5566161627180028,-1.7391992948444621,-0.8047619047619048,-1.1968325791855203,-0.4,0.0,0.0,1.0,0.0,0.0,1.0,0.0,STU-12204,2.13
0.39268406589906035,0.541598429807776,0.4797674981968124,0.5007906072032161,0.3047619047619048,1.2443438914027147,-0.2,0.0,0.0,0.0,0.0,1.0,1.0,0.0,STU-12068,4.43
-0.0571935426770605,-0.32712905284183935,0.23784250387478847,-0.6933503510312606,-0.44126984126984126,0.4796380090497738,-0.6,0.0,1.0,0.0,0.0,0.0,1.0,0.0,STU-14422,3.68
0.1170105612426351,0.36233720322928403,-2.5671797275886803,1.0783489791597605,-0.19206349206349194,-0.7918552036199095,-0.4,0.0,1.0,0.0,0.0,0.0,1.0,0.0,STU-13440,4.18
0.4196228448557141,1.3689579370931235,-0.3695127371258485,1.655907351116305,-1.196825396825397,-0.40950226244343896,0.0,0.0,0.0,0.0,1.0,0.0,1.0,0.0,STU-13425,4.58
0.040684020865448034,0.03139340031514451,0.21750046231017375,0.6881068359458785,0.3269841269841271,-0.08823529411764698,1.0,0.0,0.0,0.0,1.0,0.0,1.0,0.0,STU-10876,4.69
0.061337084732216454,-0.009974575049123234,1.0667806976328347,-0.17042587912465987,-0.2857142857142856,0.3054298642533936,-0.8,1.0,0.0,0.0,0.0,0.0,1.0,0.0,STU-13307,4.0
-1.4687855600057296,-0.3133397277204172,-0.38985477869046314,1.4607862795093642,-0.44126984126984126,-0.25113122171945707,0.0,0.0,1.0,0.0,0.0,0.0,0.0,1.0,STU-12932,3.52
-1.6025814954904452,-1.871533466441156,-1.694651444763602,0.2120114212249439,-1.288888888888889,-0.328054298642534,0.4,1.0,0.0,0.0,0.0,0.0,1.0,0.0,STU-14856,1.63
1.1595413068651446,0.9828568336932941,0.47322898483675746,-1.0211537513309208,0.8079365079365083,1.432126696832579,0.0,0.0,1.0,0.0,0.0,0.0,1.0,0.0,STU-10484,5.01
0.7877861572633194,-1.2247380995076246e-15,0.24728702317264495,-0.8962762655024787,0.1936507936507938,0.23076923076923067,-1.0,0.0,0.0,1.0,0.0,0.0,1.0,0.0,STU-12682,4.91
0.6495004252858283,0.3347585529864385,0.3635272606847281,-0.9743246941452554,-0.3301587301587302,0.09954751131221728,0.0,0.0,0.0,0.0,0.0,1.0,1.0,0.0,STU-14656,3.97
1.3786433757125969,0.5140197795649304,0.6766494004829036,-0.4592050651029321,-0.07619047619047627,-0.19683257918552038,1.2,0.0,0.0,0.0,1.0,0.0,1.0,0.0,STU-13571,3.93
-1.0323773409079349,-0.8235447572130487,1.0667806976328347,0.555424507253159,-0.1444444444444445,0.4366515837104072,-1.2,0.0,0.0,0.0,1.0,0.0,1.0,0.0,STU-11741,3.13
1.1667249812535854,0.18307597665079087,-0.3172046302454109,-1.1148118657022523,0.011111111111111158,-0.3348416289592761,-0.4,1.0,0.0,0.0,0.0,0.0,1.0,0.0,STU-13834,4.54
0.566888169818756,-0.8787020576987385,-0.4646844315888671,0.6490826216244906,-0.20476190476190467,-0.5294117647058824,-0.6,1.0,0.0,0.0,0.0,0.0,0.0,1.0,STU-11637,3.58
0.0,0.2382332771364808,0.39767283045390367,-1.372371680223414,-0.41587301587301584,0.9773755656108596,-0.2,0.0,0.0,1.0,0.0,0.0,0.0,1.0,STU-11235,4.27
-0.19637723395310713,-0.009974575049123234,-0.08835666264349687,0.36810827851049654,-0.18730158730158727,-0.5588235294117647,0.8,0.0,0.0,0.0,1.0,0.0,1.0,0.0,STU-12952,4.06
0.4232146820499352,0.6932810061434224,0.35190323693352005,-0.9274956369595893,0.7888888888888891,-0.47285067873303166,0.0,0.0,1.0,0.0,0.0,0.0,1.0,0.0,STU-10215,5.62
0.6459085880916086,1.7688483656143752,0.12014926339380347,0.11835330685361233,0.22857142857142854,0.09049773755656117,-0.2,0.0,0.0,0.0,1.0,0.0,1.0,0.0,STU-10789,4.74
1.3786433757125969,0.665702355900578,1.0667806976328347,0.04030487821083566,0.7634920634920637,1.076923076923077,-0.6,0.0,0.0,1.0,0.0,0.0,1.0,0.0,STU-11866,6.14
0.0,-0.6718621808774011,-0.04258706912311324,-0.28749852208882454,-0.0920634920634921,2.7624434389140275,1.8,0.0,0.0,0.0,0.0,1.0,1.0,0.0,STU-11421,3.96
-0.6085405519899122,-0.34091837796326274,-1.2878106134713092,2.748585352115171,-0.39841269841269844,1.0656108597285068,-1.2,0.0,1.0,0.0,0.0,0.0,1.0,0.0,STU-12398,3.35
-1.5864182281164523,-0.9752273335486963,-0.9492609217173659,0.3134743784605529,-1.7476190476190478,-0.414027149321267,-0.4,1.0,0.0,0.0,0.0,0.0,0.0,1.0,STU-11985,3.46
-0.2933568381970614,1.1207500849075196,-1.5159320795887734,1.3359087936809222,-0.25555555555555554,0.0,-1.2,1.0,0.0,0.0,0.0,0.0,0.0,1.0,STU-13820,4.47
0.6530922624800495,0.5553877549291981,0.7267780029099895,-0.46700990796720954,0.6111111111111112,-0.20814479638009048,-0.8,0.0,0.0,0.0,1.0,0.0,1.0,0.0,STU-10350,4.64
1.3786433757125969,-1.4026964123127923,1.0667806976328347,-1.107007022837975,0.12380952380952373,0.8665158371040722,-1.2,0.0,0.0,0.0,0.0,1.0,1.0,0.0,STU-10088,5.11
0.6459085880916086,0.36233720322928403,0.8706252968311933,-1.38641860024038e-15,-0.2428571428571428,-0.2805429864253394,-1.2,0.0,0.0,1.0,0.0,0.0,1.0,0.0,STU-10921,4.33
0.4672146876791362,0.7622276317505344,-0.4022053039261222,-0.49822927942432005,0.3396825396825398,0.7511312217194569,-1.2,0.0,1.0,0.0,0.0,0.0,0.0,1.0,STU-14973,4.71
-0.7028262783382022,-0.602915555270289,0.8125051780751517,0.1573775211750003,0.43809523809523815,1.8846153846153844,0.6,0.0,1.0,0.0,0.0,0.0,1.0,0.0,STU-12509,3.83
-0.0625812984683915,-1.4302750625556377,-0.2416484758625571,-0.029938707567662853,0.9793650793650795,-0.9705882352941176,0.2,0.0,0.0,1.0,0.0,0.0,1.0,0.0,STU-13330,3.88
-0.5753160579433731,-0.07892120065623533,1.0667806976328347,-1.3801765230876915,-0.11111111111111102,0.4253393665158371,0.2,0.0,0.0,0.0,0.0,1.0,1.0,0.0,STU-13193,4.05
-0.04821394969150968,0.41749450371497276,0.3410057146667628,0.06371940680366872,-0.5936507936507938,-0.11312217194570136,1.0,0.0,0.0,0.0,1.0,0.0,1.0,0.0,STU-13233,4.73
-2.338908120305654,0.18307597665079087,0.31775766716434556,-0.4826195936957651,0.27777777777777785,-0.47285067873303166,-0.6,0.0,0.0,0.0,0.0,1.0,1.0,0.0,STU-11655,3.59
-0.9174385506928778,-0.32712905284183935,1.0667806976328347,-2.7538288672005535,-0.7142857142857144,-0.7104072398190046,0.2,0.0,0.0,0.0,1.0,0.0,1.0,0.0,STU-14440,3.72
0.8461535116694023,-0.18923580162761516,1.0667806976328347,1.3593233222737544,0.550793650793651,0.08144796380090505,0.0,1.0,0.0,0.0,0.0,0.0,1.0,0.0,STU-13229,5.48
0.3010922174464371,-0.8235447572130487,-0.5554971171451825,-1.2006651372093065,0.13968253968253982,-0.5226244343891403,1.6,0.0,0.0,0.0,0.0,1.0,0.0,1.0,STU-13203,3.49
-0.8608671148839049,-0.49260095429890915,-1.2035364412750489,-0.6153019223884847,-1.2714285714285716,0.29638009049773745,-0.4,0.0,0.0,0.0,0.0,1.0,0.0,1.0,STU-11247,2.69
0.08199014859898487,-0.21681445187046075,-0.044040072092015034,1.4842008081021967,0.3904761904761907,0.36651583710407243,1.2,1.0,0.0,0.0,0.0,0.0,1.0,0.0,STU-11753,5.15
-0.28168336731584376,-0.037553225291967585,0.3380997087289603,-0.5684728652028186,-0.03174603174603164,1.1289592760180993,-1.2,1.0,0.0,0.0,0.0,0.0,1.0,0.0,STU-10733,3.55
-1.1024181661952355,-0.46502230405606476,1.0667806976328347,0.30566953559627547,0.5492063492063495,-0.16742081447963805,0.0,0.0,0.0,1.0,0.0,0.0,0.0,1.0,STU-10134,4.6
1.0140719004992125,0.969067508571872,-1.158493349239116,0.32908406418910785,-0.41111111111111115,0.0,-0.4,0.0,0.0,0.0,1.0,0.0,1.0,0.0,STU-11410,3.53
0.1942350609183765,0.34854787810786064,1.0667806976328347,1.6012734510663613,-0.12222222222222218,0.085972850678733,0.0,0.0,0.0,0.0,0.0,1.0,0.0,1.0,STU-13734,5.13
-0.9722140679047422,-1.2247380995076246e-15,-2.1785014334076505,2.8890725236721697,-0.8301587301587302,0.414027149321267,0.6,0.0,0.0,1.0,0.0,0.0,1.0,0.0,STU-14519,2.46
-0.05629558337850618,-0.07892120065623533,-0.18352835710651447,-0.006524178974829784,-0.3666666666666668,0.31900452488687786,0.6,1.0,0.0,0.0,0.0,0.0,1.0,0.0,STU-11400,4.13
-0.8689487485709013,-0.1064998508990809,0.3816897977959912,0.39932764996760634,0.04126984126984124,-0.31900452488687786,-1.2,0.0,0.0,0.0,1.0,0.0,0.0,1.0,STU-13970,4.27
-0.9336018180668708,0.41749450371497276,0.16446585394528532,-0.4514002222386546,0.12539682539682556,0.26244343891402716,-0.4,0.0,0.0,0.0,0.0,1.0,0.0,1.0,STU-11326,4.27
-1.8989080640136389,-0.7959661069702043,-1.9590979851035923,-1.2552990372592494,-0.5269841269841271,0.4773755656108598,-0.6,0.0,1.0,0.0,0.0,0.0,1.0,0.0,STU-12191,2.9
1.0535821096356381,0.9276995332076042,1.0667806976328347,0.7817649503172102,1.085714285714286,-0.6606334841628959,-0.2,0.0,0.0,1.0,0.0,0.0,1.0,0.0,STU-13814,5.4
1.1972555974044603,1.093171434664674,0.17027786582088936,-0.08457260761760575,-0.5333333333333333,-0.04524886877828058,0.8,0.0,0.0,0.0,1.0,0.0,1.0,0.0,STU-11429,5.62
0.2750513977883377,-0.06513187553481316,0.22113296973242616,-0.8650568940453682,0.5460317460317461,-0.45701357466063347,1.4,0.0,0.0,0.0,0.0,1.0,1.0,0.0,STU-14687,4.61
-1.5648672049511294,-1.513011013284172,-1.4331109103614137,0.9300569647384846,-1.442857142857143,-0.3393665158371041,-0.8,0.0,0.0,0.0,1.0,0.0,1.0,0.0,STU-10474,3.06
-0.8069895569705974,-0.8649127325773164,-0.9528934291396183,-0.8416423654525358,-0.40476190476190466,0.8665158371040722,0.0,0.0,0.0,0.0,1.0,0.0,1.0,0.0,STU-11488,3.09
-1.1841324623637535,-0.7408088064845144,-1.369178779729768,1.0861538220240379,-0.7857142857142859,0.7104072398190044,0.0,0.0,0.0,1.0,0.0,0.0,1.0,0.0,STU-14050,2.14
0.0,-2.50584242202659,-1.6721298987456361,-1.8172477234872388,-0.4904761904761905,-0.7669683257918553,-0.8,0.0,0.0,0.0,1.0,0.0,1.0,0.0,STU-12797,2.93
-0.2116425420285433,0.045182725436566686,-0.039681063185311734,1.0861538220240379,0.17619047619047612,0.3393665158371041,0.4,0.0,0.0,0.0,0.0,1.0,0.0,1.0,STU-12579,4.54
0.9278678078379203,0.19686530177221429,-1.6692238928078336,-1.0289585941951982,-0.29047619047619055,-0.49773755656108604,-1.2,0.0,0.0,1.0,0.0,0.0,1.0,0.0,STU-11206,3.87
0.7806024828748784,1.3551686119717015,-0.4566929152599114,0.5710341929817145,-0.8476190476190477,0.03393665158371049,0.2,0.0,0.0,0.0,0.0,1.0,1.0,0.0,STU-14365,4.26
-0.6273976972595707,0.1003400259222566,0.30540714192868657,1.2188361507167575,0.9158730158730163,-0.03393665158371049,-0.4,0.0,0.0,0.0,1.0,0.0,0.0,1.0,STU-11136,5.03
0.07211259631487846,0.8311742573576478,-0.4348978707263959,0.5866438787102695,-0.3317460317460318,-0.23076923076923087,-0.2,0.0,0.0,1.0,0.0,0.0,0.0,1.0,STU-14749,4.17
-0.8545813997940195,0.30717990274359414,-0.24963999219151284,0.1417678354464454,0.2190476190476192,-0.13574660633484156,1.2,0.0,0.0,0.0,0.0,1.0,0.0,1.0,STU-12156,4.04
-0.4989895175661861,-1.7336402152269317,-1.326315192147187,0.2588404784106093,-1.7476190476190478,-0.3212669683257918,1.0,0.0,0.0,0.0,0.0,1.0,1.0,0.0,STU-13024,3.43
-1.3825814673444374,-2.50584242202659,-1.7258910085949744,-0.5216438080171532,-0.7142857142857144,0.6334841628959276,1.0,0.0,0.0,0.0,1.0,0.0,1.0,0.0,STU-14119,2.71
0.06492892192643755,-0.21681445187046075,1.0667806976328347,1.2734700507667012,1.3222222222222224,-0.9049773755656109,-0.6,0.0,0.0,1.0,0.0,0.0,1.0,0.0,STU-10018,5.02
1.3086025504252963,0.38991585347212837,1.0667806976328347,0.4929857643389379,0.5333333333333333,-0.43891402714932126,-1.2,0.0,0.0,1.0,0.0,0.0,0.0,1.0,STU-14816,5.09
-1.9186631685818516,-1.140699235005766,-1.9997820682328218,-0.6777406653027057,-1.4412698412698415,-0.11085972850678738,0.0,0.0,0.0,1.0,0.0,0.0,1.0,0.0,STU-10821,2.62
1.167622940552141,1.7688483656143752,-0.42835935736634095,-0.3811566364601561,-0.41746031746031736,-0.5678733031674209,1.4,0.0,0.0,0.0,1.0,0.0,0.0,1.0,STU-12236,5.36
1.302316835335411,1.4379045627002356,-1.3604607619163613,0.6412777787602131,0.07936507936507937,-0.48642533936651583,0.0,0.0,0.0,0.0,0.0,1.0,1.0,0.0,STU-11144,5.43
-0.9686222307105211,-0.2443931021133051,-0.7778065713870426,-0.11579197907471628,-0.8761904761904763,-0.02488687782805437,0.0,0.0,0.0,0.0,1.0,0.0,1.0,0.0,STU-12300,3.35
-0.22331601290976089,-0.299550402598995,-0.29250357977409286,-0.474814750831487,-0.7365079365079366,-0.37330316742081454,-0.2,0.0,0.0,1.0,0.0,0.0,1.0,0.0,STU-14187,3.71
1.3786433757125969,0.1003400259222566,1.0667806976328347,0.9300569647384846,0.5190476190476191,2.7624434389140275,0.6,1.0,0.0,0.0,0.0,0.0,1.0,0.0,STU-11394,5.7
-0.009601699853638344,0.38991585347212837,0.2712615721595121,-0.43579053651009897,-0.22063492063492077,0.20814479638009048,-0.2,0.0,0.0,0.0,1.0,0.0,1.0,0.0,STU-14508,4.44
-0.044622112497288584,-2.0645840181410713,-0.676096363563969,0.24323079268205441,-1.3365079365079366,0.3800904977375565,1.2,0.0,0.0,1.0,0.0,0.0,0.0,1.0,STU-13181,3.11
1.0715412956067412,1.3413792868502792,1.0667806976328347,0.6803019930816011,0.2920634920634921,-0.8144796380090498,2.0,1.0,0.0,0.0,0.0,0.0,1.0,0.0,STU-14460,6.04
0.04517381735822472,-0.14786782626334743,1.0667806976328347,-0.23286462203888092,0.9492063492063492,0.3167420814479639,-0.4,0.0,1.0,0.0,0.0,0.0,1.0,0.0,STU-12622,4.08
0.11162280545130411,-0.5615475799060224,0.258911046923853,0.3212792213248304,0.27619047619047626,0.0972850678733031,-1.2,0.0,0.0,1.0,0.0,0.0,0.0,1.0,STU-11663,4.72
1.3786433757125969,-1.2247380995076246e-15,1.0667806976328347,-0.5372534937457081,1.4301587301587304,0.41628959276018096,0.0,0.0,1.0,0.0,0.0,0.0,1.0,0.0,STU-14087,5.21
-0.02217313003341026,-0.5063902794203325,-1.854481771342717,-0.638716450981317,-0.9015873015873017,-0.328054298642534,-1.2,1.0,0.0,0.0,0.0,0.0,1.0,0.0,STU-10494,2.97
0.0,0.6105450554148881,-2.5795302528243385,-0.029938707567662853,-1.7476190476190478,-0.006787330316742138,-0.2,0.0,0.0,0.0,0.0,1.0,1.0,0.0,STU-10045,2.46
-0.5690303428534866,1.0518034593004075,1.0667806976328347,1.4373717509165305,0.9126984126984131,0.41628959276018096,-1.2,0.0,0.0,1.0,0.0,0.0,1.0,0.0,STU-11600,4.88
-0.6067446333928024,-1.0303846340343863,0.15865384206968125,0.8051794789100425,-0.1539682539682541,2.156108597285068,-0.4,0.0,0.0,1.0,0.0,0.0,1.0,0.0,STU-13084,3.38
0.07839831140476378,-1.0441739591558084,1.0667806976328347,0.8832279075528199,0.3349206349206349,-0.5113122171945702,1.4,0.0,0.0,0.0,0.0,1.0,1.0,0.0,STU-11439,4.65
0.25080649672734945,-2.1335306437481836,-0.1537417962440433,1.413957222323698,0.0,0.0,0.4,0.0,0.0,0.0,0.0,1.0,1.0,0.0,STU-14677,2.67
1.1469698766853726,0.26581192737932635,1.0667806976328347,1.5622492367449725,0.9238095238095237,-0.6764705882352942,0.2,1.0,0.0,0.0,0.0,0.0,1.0,0.0,STU-12675,6.09
-2.0353978773940193,-2.9471008259121088,-0.12250223241267136,-0.17042587912465987,-0.19523809523809535,-0.12895927601809962,2.4,0.0,0.0,0.0,1.0,0.0,1.0,0.0,STU-14963,2.21
1.2053372310914554,1.7688483656143752,1.0667806976328347,-1.6377363376088532,1.0301587301587303,0.9886877828054299,0.6,0.0,0.0,0.0,1.0,0.0,1.0,0.0,STU-10967,5.25
-1.3197243164455779,-2.1059519935053377,-0.12177573092822046,0.3134743784605529,-0.5412698412698413,-0.11312217194570136,-1.2,0.0,1.0,0.0,0.0,0.0,0.0,1.0,STU-13791,2.93
1.3786433757125969,0.05897205055798886,0.08309768768682643,0.2900598498677199,0.16507936507936524,0.1515837104072398,-0.2,0.0,0.0,0.0,1.0,0.0,1.0,0.0,STU-11707,4.64
0.6575820589728248,0.1003400259222566,0.8052401632306468,0.46957123574610554,0.5444444444444445,0.28733031674208137,-1.0,0.0,0.0,1.0,0.0,0.0,1.0,0.0,STU-11581,4.28
-0.15507110621957032,-0.299550402598995,0.8517362582354804,0.5242051357960484,0.723809523809524,-0.6289592760180996,0.4,0.0,0.0,1.0,0.0,0.0,0.0,1.0,STU-14166,5.26
0.5157044898011139,0.5278091046863526,-0.8315676812363808,-0.966519851280978,-0.27142857142857135,-0.6334841628959276,0.2,0.0,0.0,0.0,0.0,1.0,0.0,1.0,STU-13381,3.73
1.3786433757125969,-1.2247380995076246e-15,0.4122028601429133,-0.6231067652527621,0.8190476190476195,0.7556561085972853,-1.2,0.0,0.0,0.0,0.0,1.0,0.0,1.0,STU-11051,4.57
1.3786433757125969,-0.602915555270289,1.0667806976328347,0.7037165216744341,0.8190476190476195,-0.3212669683257918,0.2,0.0,0.0,0.0,1.0,0.0,1.0,0.0,STU-13888,4.48
1.3786433757125969,-0.009974575049123234,0.48630601155686737,-0.4279856936458215,-0.00793650793650777,1.355203619909502,-0.6,1.0,0.0,0.0,0.0,0.0,1.0,0.0,STU-11616,4.11
0.5821534778941934,0.5691770800506203,0.5858367149265883,-0.4904244365600426,0.0,0.0,0.4,0.0,1.0,0.0,0.0,0.0,1.0,0.0,STU-11340,5.25
1.3786433757125969,0.6932810061434224,1.0667806976328347,-1.6611508662016863,-0.2857142857142856,0.0,-0.8,0.0,0.0,0.0,0.0,1.0,1.0,0.0,STU-11249,4.79
-0.3310711287363771,-0.2443931021133051,-0.3121191198542577,-0.1470113505318268,0.030158730158730086,-0.9638009049773756,0.0,0.0,0.0,1.0,0.0,0.0,1.0,0.0,STU-12872,4.23
0.3504799788669692,0.3347585529864385,0.7972486469016912,-2.3635867239866726,0.16507936507936524,0.06334841628959281,-1.0,0.0,1.0,0.0,0.0,0.0,0.0,1.0,STU-12708,5.42
-0.8662548706752359,0.5553877549291981,-1.01028704641121,-0.5450583366099861,-0.5809523809523811,14.409294964865332,-1.2,0.0,0.0,0.0,0.0,1.0,1.0,0.0,STU-14926,3.93
0.7680310526951065,-1.6646935896198196,-0.2205799328134915,0.16518236403927777,-0.8190476190476192,0.07466063348416291,0.4,0.0,0.0,1.0,0.0,0.0,1.0,0.0,STU-11643,3.16
-0.2322956058953117,0.4037051785935506,0.4056643467828594,-0.6465212938455952,-0.15555555555555564,-0.0542986425339367,-0.2,0.0,0.0,0.0,1.0,0.0,1.0,0.0,STU-13771,3.99
-0.7513160804601787,-0.727019481363091,-0.18062235116871297,-0.295303364953102,-0.7857142857142859,0.8778280542986425,-1.0,0.0,1.0,0.0,0.0,0.0,1.0,0.0,STU-11726,2.99
0.0,1.7688483656143752,1.0667806976328347,0.18079204976783336,0.2428571428571428,0.09502262443438912,-0.4,0.0,0.0,0.0,0.0,1.0,1.0,0.0,STU-10462,5.58
-1.3646222813733344,1.5206405134287713,1.0667806976328347,0.9144472790099297,0.5841269841269842,0.1606334841628959,-1.0,1.0,0.0,0.0,0.0,0.0,1.0,0.0,STU-10616,5.05
-0.08592824023082542,-0.6167048803917123,1.0667806976328347,-0.6855455081669832,1.0349206349206352,-0.3348416289592761,0.4,0.0,0.0,0.0,0.0,1.0,0.0,1.0,STU-11056,4.63
-0.07784660654382891,-2.092162668383916,-0.490111983544636,0.7583504217243777,-1.096825396825397,-0.19230769230769224,0.4,0.0,0.0,0.0,1.0,0.0,1.0,0.0,STU-10421,2.25
-2.0713162493362245,-1.3337497867056802,-1.8014471629778288,0.8442036932314312,-1.2253968253968255,-0.579185520361991,0.6,0.0,0.0,0.0,1.0,0.0,1.0,0.0,STU-12887,2.66
-1.289193700294703,-1.1131205847629204,-0.793063102560503,0.555424507253159,0.011111111111111158,0.03846153846153844,0.0,1.0,0.0,0.0,0.0,0.0,1.0,0.0,STU-10633,4.05
0.23554118865191206,-1.085541934520076,0.2879711063018744,-1.5362733803732442,0.23015873015873037,-0.33031674208144796,-1.2,0.0,0.0,0.0,1.0,0.0,1.0,0.0,STU-14554,3.9
-0.37237725646991265,-0.40986500357037486,-1.424392892548008,0.45396155001754995,-1.0793650793650795,-0.665158371040724,1.2,0.0,1.0,0.0,0.0,0.0,1.0,0.0,STU-13254,2.16
-1.6196427221629925,-1.8853227915625794,-0.557676621598534,-0.8260326797239802,-1.7428571428571433,1.1199095022624435,-1.2,0.0,0.0,0.0,1.0,0.0,0.0,1.0,STU-13156,2.56
-0.25025479186641464,-0.2443931021133051,-1.5820437146737711,-1.38641860024038e-15,-1.1222222222222222,-0.8868778280542986,0.8,0.0,0.0,0.0,1.0,0.0,1.0,0.0,STU-11107,3.55
-0.5690303428534866,-0.42365432869179703,0.9054973680848186,0.8363988503671537,-0.5936507936507938,-0.37330316742081454,0.2,0.0,0.0,0.0,0.0,1.0,1.0,0.0,STU-11460,3.93
0.0,0.5278091046863526,0.8553687656577328,-1.38641860024038e-15,-0.15555555555555564,0.0,-1.2,0.0,1.0,0.0,0.0,0.0,1.0,0.0,STU-12148,4.05
0.0,-0.175446476506193,-0.7363959867733622,-0.3265227364102125,-0.10634920634920636,1.158371040723982,-0.8,0.0,0.0,0.0,0.0,1.0,0.0,1.0,STU-10513,4.83
1.3786433757125969,0.05897205055798886,1.0667806976328347,-1.38641860024038e-15,1.3142857142857145,-0.27375565610859726,0.0,0.0,0.0,0.0,0.0,1.0,1.0,0.0,STU-12460,5.82
-0.18649968166900074,0.1003400259222566,1.0667806976328347,-1.45042010886619,0.6904761904761906,-0.4886877828054299,0.2,0.0,0.0,0.0,0.0,1.0,1.0,0.0,STU-13614,4.76
-1.1967038925435254,-1.1131205847629204,-1.244947025888728,-0.5372534937457081,-0.37777777777777766,0.9615384615384613,0.4,0.0,0.0,0.0,0.0,1.0,1.0,0.0,STU-12549,2.59
-0.9228263064842088,-0.2719717523561507,-0.8257556693607768,-0.09237745048188391,-0.7142857142857144,-0.8800904977375567,-0.2,0.0,0.0,1.0,0.0,0.0,0.0,1.0,STU-14829,3.76
0.1960309795154864,0.43128382883639615,1.0667806976328347,0.8285940075028763,1.23968253968254,2.703619909502262,-0.4,0.0,1.0,0.0,0.0,0.0,1.0,0.0,STU-13447,4.7
-0.1622547806080112,-0.4512329789346426,-0.7029769184886386,0.5710341929817145,-0.12857142857142867,0.5701357466063349,-0.2,0.0,0.0,1.0,0.0,0.0,0.0,1.0,STU-11006,3.51
-0.8321324173301412,0.18307597665079087,1.0667806976328347,0.7349358931315447,-0.4301587301587301,-0.4547511312217195,1.0,0.0,0.0,1.0,0.0,0.0,0.0,1.0,STU-13194,4.55
-0.04731599039295409,-0.35470770308468497,1.0667806976328347,0.32908406418910785,0.5428571428571429,2.0271493212669687,-0.4,0.0,0.0,0.0,0.0,1.0,1.0,0.0,STU-12849,3.88
-1.826173360830673,0.12791867616510097,-1.5319151122466848,-1.38641860024038e-15,-0.734920634920635,0.7036199095022625,0.0,0.0,1.0,0.0,0.0,0.0,0.0,1.0,STU-10308,2.52
1.5790059434726125,-0.7683874567273588,-0.2837855619606873,0.016890349618003283,0.1904761904761907,0.42307692307692313,0.0,1.0,0.0,0.0,0.0,0.0,1.0,0.0,STU-12905,3.43
-1.0494385675804836,-1.2247380995076246e-15,-1.5558896612335524,0.2822550070034424,-1.1460317460317462,1.9796380090497738,-0.8,1.0,0.0,0.0,0.0,0.0,1.0,0.0,STU-10958,3.41
0.10084729386864211,0.5829664051720425,-0.7269514674755058,0.19640173549638829,-0.9174603174603175,0.11764705882352931,0.4,1.0,0.0,0.0,0.0,0.0,0.0,1.0,STU-11990,4.2
-0.01588741494352494,1.217275360757476,-1.673582901714537,0.7817649503172102,-0.21587301587301583,2.0859728506787327,0.0,0.0,0.0,1.0,0.0,0.0,1.0,0.0,STU-12341,3.95
-0.3607037855886963,0.1692866515293687,-0.45015440189985645,-1.3177377801734704,-0.28730158730158745,0.5180995475113123,0.6,0.0,0.0,0.0,0.0,1.0,1.0,0.0,STU-14506,4.61
0.9557045460931297,0.3347585529864385,-0.6085317255100708,-0.25627915063171397,-0.3634920634920634,1.2352941176470589,-0.2,0.0,1.0,0.0,0.0,0.0,1.0,0.0,STU-12770,4.27
-0.7917242488951599,-0.7959661069702043,-1.7760196110220607,-0.10798713621043882,-0.8000000000000002,-0.39819004524886875,-0.8,0.0,0.0,1.0,0.0,0.0,0.0,1.0,STU-14469,3.17
-0.27539765222595847,-1.1269099098843427,-0.9013118237436316,-0.3031082078173794,-0.9063492063492065,-0.583710407239819,0.4,0.0,0.0,0.0,0.0,1.0,1.0,0.0,STU-11973,2.62
-0.4325405294731067,-0.13407850114192527,0.9890450387966292,1.2578603650381448,-0.12222222222222218,1.0316742081447963,0.8,0.0,1.0,0.0,0.0,0.0,0.0,1.0,STU-11983,4.89
-0.14160171674124408,-1.1544885601271881,-0.7741740639647902,-0.8962762655024787,0.09365079365079364,-0.257918552036199,-0.4,0.0,0.0,0.0,1.0,0.0,0.0,1.0,STU-10003,3.36
0.5749698035057524,0.15549732640794653,0.3562622458402233,-0.43579053651009897,0.6190476190476192,-0.753393665158371,0.4,0.0,0.0,0.0,1.0,0.0,1.0,0.0,STU-12933,3.54
0.4770922399632426,1.0655927844218296,0.8444712433909745,-0.9899343798738103,0.5761904761904764,-0.48416289592760187,1.2,0.0,1.0,0.0,0.0,0.0,0.0,1.0,STU-12197,4.32
0.5947249080739653,0.18307597665079087,1.0667806976328347,0.42274217856043944,-0.15873015873015875,-0.10180995475113126,-0.8,0.0,0.0,0.0,0.0,1.0,1.0,0.0,STU-12431,4.22
-0.7872344524023845,0.5829664051720425,-0.694258900675232,-0.014329021839107243,-0.09999999999999985,1.3914027149321266,0.0,0.0,0.0,1.0,0.0,0.0,1.0,0.0,STU-12237,3.64
-0.3122139834667186,-1.140699235005766,-1.2289639932308167,0.7583504217243777,-0.5682539682539683,0.4547511312217194,-0.8,0.0,1.0,0.0,0.0,0.0,1.0,0.0,STU-13228,3.21
1.3786433757125969,-0.46502230405606476,0.19207291035440485,-1.7626138234372952,0.0,-0.8619909502262444,-1.2,0.0,0.0,0.0,1.0,0.0,1.0,0.0,STU-11589,4.47
0.6503983845843839,0.15549732640794653,0.8648132849555892,-1.28651840871636,-0.9095238095238096,0.8325791855203621,0.8,0.0,0.0,0.0,1.0,0.0,1.0,0.0,STU-14261,3.83
1.0607657840240792,0.15549732640794653,1.0667806976328347,1.4529814366450853,0.7126984126984128,-0.414027149321267,1.0,0.0,0.0,1.0,0.0,0.0,1.0,0.0,STU-14105,5.38
0.2517044560259051,1.272432661243166,0.4775879937434607,-1.044568279923754,0.3111111111111113,-0.31900452488687786,-1.0,0.0,0.0,1.0,0.0,0.0,1.0,0.0,STU-11601,4.03
0.31635752552187457,0.541598429807776,1.0667806976328347,-0.7792036225383148,0.6333333333333335,-0.1832579185520361,0.0,0.0,0.0,0.0,1.0,0.0,1.0,0.0,STU-11982,4.38
0.2121942468894794,0.7760169568719578,-3.548683233081336,0.6334729358959357,-1.7476190476190478,1.2760180995475112,-1.2,0.0,0.0,0.0,0.0,1.0,1.0,0.0,STU-12983,2.32
0.26068404901145587,-0.6856515059988245,1.0667806976328347,0.7739601074529326,0.8253968253968257,0.7692307692307692,-0.2,0.0,0.0,0.0,0.0,1.0,1.0,0.0,STU-12693,5.17
0.0,-1.140699235005766,-0.892593805930225,0.9300569647384846,0.0,-0.574660633484163,-0.4,0.0,0.0,0.0,1.0,0.0,1.0,0.0,STU-12167,3.24
-0.6372752495436772,0.43128382883639615,0.25091953059489736,0.29786469273199734,0.17619047619047612,0.6764705882352939,-0.8,0.0,0.0,0.0,1.0,0.0,1.0,0.0,STU-12354,4.08
0.7168473726774633,1.5068511883073479,-0.2162209239067882,-1.5050540089161337,-0.20317460317460312,1.3665158371040724,0.4,0.0,0.0,0.0,1.0,0.0,0.0,1.0,STU-10606,4.71
-0.5968670811086959,-0.40986500357037486,-1.0582361443849442,-1.4035910516805246,-0.5190476190476191,0.0,-0.2,0.0,0.0,0.0,1.0,0.0,0.0,1.0,STU-14529,3.13
0.5112146933083386,1.7688483656143752,-1.0324207045904966e-15,0.1729872069035559,1.0412698412698416,0.911764705882353,0.4,1.0,0.0,0.0,0.0,0.0,0.0,1.0,STU-11321,5.58
0.15562281108050516,-0.175446476506193,0.9432754452762455,-1.38641860024038e-15,0.43809523809523815,0.0,-0.4,0.0,0.0,0.0,1.0,0.0,0.0,1.0,STU-11543,4.5
-0.7459283246688477,-2.037005367898226,-0.33100815844997067,1.0471296077026493,-0.5555555555555557,0.3597285067873303,-0.6,1.0,0.0,0.0,0.0,0.0,0.0,1.0,STU-14047,3.75
-0.19907111184877138,-0.037553225291967585,-1.127253785407744,1.718346094030526,-0.5746031746031746,-0.13348416289592757,0.2,0.0,0.0,0.0,1.0,0.0,1.0,0.0,STU-12881,2.95
-1.3915610603299882,-1.816376165955466,-0.7523790194312746,0.6334729358959357,0.0,13.848818175084045,0.0,0.0,0.0,0.0,0.0,1.0,1.0,0.0,STU-12801,2.33
-9.15195071195541,-0.49260095429890915,-1.5311886107622348,-0.9353004798238674,-0.13650793650793644,-0.6809954751131222,0.2,0.0,1.0,0.0,0.0,0.0,1.0,0.0,STU-13008,3.73
1.3786433757125969,-0.5201796045417547,-0.09852768342580423,-0.27969367922454635,0.20476190476190495,-0.058823529411764656,0.2,0.0,0.0,0.0,0.0,1.0,0.0,1.0,STU-14099,4.69
-1.0718875500443619,0.30717990274359414,-1.1548608418168635,-0.34993726500304556,-1.1698412698412701,-0.8891402714932126,-0.6,0.0,0.0,0.0,1.0,0.0,1.0,0.0,STU-10472,3.79
1.3786433757125969,0.41749450371497276,1.0667806976328347,1.2188361507167575,1.5301587301587303,0.15384615384615377,0.0,0.0,0.0,1.0,0.0,0.0,1.0,0.0,STU-10235,5.68
-0.44690787824998857,0.9828568336932941,1.0667806976328347,-0.37335179359587795,-0.18253968253968264,0.0,0.6,1.0,0.0,0.0,0.0,0.0,1.0,0.0,STU-10172,6.31
0.0882758636888702,-1.457853712798482,-1.461444468254984,0.9612763361955958,-1.6222222222222222,-0.6968325791855204,-0.4,1.0,0.0,0.0,0.0,0.0,1.0,0.0,STU-11058,3.38
1.29872499814119,1.7688483656143752,1.0667806976328347,-0.7245697224883711,1.766666666666667,-0.33031674208144796,-0.2,0.0,0.0,0.0,1.0,0.0,1.0,0.0,STU-10521,6.67
1.3561943932487184,1.0518034593004075,-0.3368201703255747,0.9222521218742071,0.6825396825396824,-0.6063348416289593,-0.2,0.0,1.0,0.0,0.0,0.0,1.0,0.0,STU-11588,4.75
0.8587249418491743,-0.23060377699188292,-0.05421109287432239,-0.9118859512310343,0.6587301587301589,0.3167420814479639,-0.2,0.0,0.0,0.0,0.0,1.0,1.0,0.0,STU-10492,5.01
0.1825615900371602,-0.06513187553481316,-0.3302816569655208,-0.8806665797739238,-1.061904761904762,-0.12895927601809962,-1.0,0.0,0.0,1.0,0.0,0.0,1.0,0.0,STU-11252,3.78
0.4663167283805819,1.7688483656143752,1.0667806976328347,-0.7167648796240937,0.30952380952380976,1.6312217194570136,-1.2,0.0,0.0,0.0,0.0,1.0,1.0,0.0,STU-12055,4.67
0.2669697641013425,0.9139102080861821,0.3526297384179709,1.0159102362455394,0.7968253968253972,-0.832579185520362,0.0,0.0,0.0,0.0,1.0,0.0,1.0,0.0,STU-12731,4.77
-0.26282622204618655,0.08655070080083443,0.22331247418577782,-0.9587150084166998,-1.0031746031746032,-0.46153846153846156,-0.4,0.0,1.0,0.0,0.0,0.0,1.0,0.0,STU-10480,3.45
1.1317045686099352,0.26581192737932635,-1.2405880169820258,-0.7479842510812043,-1.0206349206349208,-0.004524886877828159,-1.2,0.0,0.0,0.0,0.0,1.0,1.0,0.0,STU-14324,3.83
1.2430515216307712,1.7274803902501075,-0.434171369241945,-0.9274956369595893,-1.1603174603174604,-0.17647058823529418,-0.6,0.0,0.0,1.0,0.0,0.0,0.0,1.0,STU-10288,4.75
0.04158198016400363,-1.0579632842772306,-1.096740723060822,-1.38641860024038e-15,-0.5460317460317461,-0.46153846153846156,0.0,0.0,1.0,0.0,0.0,0.0,1.0,0.0,STU-13784,3.2
-0.8186630278518137,0.29339057762217075,1.0667806976328347,0.3134743784605529,0.5841269841269842,0.0,-1.0,0.0,0.0,0.0,0.0,1.0,1.0,0.0,STU-14017,3.6
-0.5816017730332586,-0.4374436538132192,-1.5152055781043234,1.304689422223811,-0.14285714285714293,-0.26923076923076933,0.0,0.0,0.0,1.0,0.0,0.0,1.0,0.0,STU-10101,2.76
-0.5034793140589615,0.2382332771364808,1.0667806976328347,1.5622492367449725,0.40476190476190493,-0.6787330316742082,0.4,0.0,0.0,0.0,0.0,1.0,0.0,1.0,STU-10390,4.61
0.015541160505904207,-0.16165715138477083,-0.48066746424677853,-1.3957862088162472,0.4746031746031747,-0.07918552036199088,-0.4,0.0,0.0,0.0,0.0,1.0,1.0,0.0,STU-10570,4.68
-0.6345813716480116,-1.9404800920482692,0.804513661746196,-0.40457116505298846,-0.04761904761904746,0.058823529411764656,1.0,1.0,0.0,0.0,0.0,0.0,1.0,0.0,STU-11636,3.56
-0.3795609308583536,-0.6718621808774011,-0.20968241054673326,0.8910327504170973,0.09523809523809519,0.19683257918552038,-1.0,1.0,0.0,0.0,0.0,0.0,1.0,0.0,STU-13115,3.66
0.5327657164736613,0.78980628199338,1.0667806976328347,0.39932764996760634,1.173015873015873,0.04072398190045243,-0.6,0.0,0.0,0.0,0.0,1.0,1.0,0.0,STU-13875,5.55
0.45733713539502985,-1.4164857374342144,0.3163046641954448,-0.8260326797239802,0.2920634920634921,0.07239819004524893,0.2,0.0,0.0,0.0,0.0,1.0,1.0,0.0,STU-12935,4.38
0.5570106175346495,-1.761218865469776,-1.0324207045904966e-15,-1.005544065602366,0.1968253968253969,-0.1402714932126697,0.4,0.0,0.0,1.0,0.0,0.0,1.0,0.0,STU-10450,3.93
0.5767657221028624,0.9001208829647599,-0.7015239155197378,-0.9743246941452554,-0.030158730158730086,0.12443438914027145,-0.4,1.0,0.0,0.0,0.0,0.0,0.0,1.0,STU-14934,4.09
-0.3014384718840566,-1.0993312596414984,-1.3648197708230647,-1.3333474659020261,-0.6968253968253969,-0.5294117647058824,1.4,0.0,1.0,0.0,0.0,0.0,1.0,0.0,STU-13758,2.45
0.2948065023565518,-0.6994408311202467,-0.5097275236247998,2.3661480517655673,-0.31269841269841286,2.0316742081447967,0.2,0.0,0.0,0.0,1.0,0.0,0.0,1.0,STU-13075,4.77
-0.5780099358390387,-0.1064998508990809,-1.8639262906405742,-0.7557890939454817,-0.5619047619047619,-0.42760180995475117,-0.8,0.0,0.0,0.0,1.0,0.0,0.0,1.0,STU-14699,3.49
-1.3502549325964526,-0.8649127325773164,1.0667806976328347,-0.7635939368097592,0.38571428571428573,0.9524886877828055,0.6,0.0,0.0,0.0,0.0,1.0,1.0,0.0,STU-10944,4.14
0.4636228504849164,-0.5063902794203325,0.160106845038582,-1.6299314947445758,-0.30000000000000016,-0.328054298642534,-0.4,0.0,0.0,1.0,0.0,0.0,1.0,0.0,STU-14246,3.59
1.073337214203851,1.7688483656143752,1.0667806976328347,-0.9040811083667569,1.4269841269841272,-0.3574660633484163,1.0,0.0,0.0,0.0,0.0,1.0,1.0,0.0,STU-12318,6.06
1.366071945532825,-0.8649127325773164,0.9941305491877823,-0.9743246941452554,-0.25079365079365085,-0.5678733031674209,-0.4,0.0,0.0,1.0,0.0,0.0,1.0,0.0,STU-10754,4.34
0.0,-0.34091837796326274,1.0667806976328347,-0.5684728652028186,0.5460317460317461,0.10633484162895922,0.6,0.0,0.0,0.0,1.0,0.0,1.0,0.0,STU-10269,4.71
-1.4373569845563003,-0.8511234074558942,-3.021969656854707,-0.6465212938455952,-0.8714285714285717,-0.4638009049773755,-0.2,0.0,0.0,0.0,1.0,0.0,1.0,0.0,STU-12638,2.7
-0.11196905988892357,-0.1064998508990809,1.0667806976328347,0.555424507253159,0.7301587301587302,0.085972850678733,0.0,0.0,1.0,0.0,0.0,0.0,1.0,0.0,STU-14952,4.5
1.3786433757125969,1.0380141341789841,1.0667806976328347,0.8598133789599861,0.7571428571428575,-0.1855203619909503,-0.2,0.0,0.0,0.0,1.0,0.0,1.0,0.0,STU-14822,5.69
0.8461535116694023,0.3209692278650163,0.17027786582088936,-0.8416423654525358,-0.26507936507936514,-0.6063348416289593,-1.2,0.0,0.0,1.0,0.0,0.0,1.0,0.0,STU-11375,4.65
0.7581535004110002,1.0104354839361398,0.41147635865846344,-0.6465212938455952,0.5619047619047621,-1.0656108597285068,-1.2,0.0,0.0,0.0,1.0,0.0,1.0,0.0,STU-13823,3.97
-0.8761324229593422,-0.9200700330630064,-1.3052466490981223,0.6412777787602131,-0.4936507936507936,0.40497737556561086,1.2,1.0,0.0,0.0,0.0,0.0,1.0,0.0,STU-14510,2.99
1.3786433757125969,0.9276995332076042,0.04386660752649879,2.0071252800087973,-0.017460317460317374,0.257918552036199,0.6,0.0,0.0,1.0,0.0,0.0,1.0,0.0,STU-10963,4.63
0.0,-0.23060377699188292,0.6010932461000498,-0.8884714226382012,-0.27460317460317474,-0.6583710407239819,0.4,0.0,0.0,0.0,0.0,1.0,1.0,0.0,STU-10810,3.13
0.175377915648718,1.7688483656143752,1.0667806976328347,-0.5762777080670967,0.5126984126984129,-0.6877828054298643,0.0,0.0,0.0,0.0,0.0,1.0,1.0,0.0,STU-11236,5.24
-0.7764589408197226,-0.05134255041339098,-1.0691336666517024,-0.9509101655524224,0.05396825396825396,-0.013574660633484075,-1.0,1.0,0.0,0.0,0.0,0.0,1.0,0.0,STU-14362,3.09
-1.354744729089228,0.03139340031514451,-1.9939700563572176,0.7037165216744341,-0.9365079365079366,0.38687782805429866,-0.2,0.0,0.0,1.0,0.0,0.0,1.0,0.0,STU-11099,2.57
-0.7396426095789624,-3.4986738307690075,-1.961277489556944,-0.357742107867323,-0.853968253968254,-0.37330316742081454,-0.8,0.0,0.0,0.0,1.0,0.0,1.0,0.0,STU-12063,1.4
1.096684155966285,-1.4716430379199044,-1.2979816342536166,0.7895697931814876,0.0,-0.43891402714932126,0.4,0.0,0.0,0.0,1.0,0.0,0.0,1.0,STU-13066,3.37
0.4564391760964755,0.38991585347212837,-0.2467339862537103,0.8910327504170973,0.01587301587301582,-0.7624434389140272,1.6,0.0,0.0,0.0,0.0,1.0,0.0,1.0,STU-10199,4.54
0.13766362510940353,-1.4854323630413278,-0.8715252628811604,-0.4592050651029321,0.022222222222222317,-0.5022624434389141,-0.6,0.0,0.0,0.0,0.0,1.0,1.0,0.0,STU-10150,3.54
-0.6291936158566807,-0.20302512674903736,0.09690121589138724,-0.4904244365600426,0.4761904761904763,0.1085972850678732,-1.2,1.0,0.0,0.0,0.0,0.0,1.0,0.0,STU-13082,4.17
-0.5986629997058058,-2.050794693019648,-0.49883000135804156,-0.4201808507815441,-0.1476190476190476,-0.30995475113122173,0.6,1.0,0.0,0.0,0.0,0.0,1.0,0.0,STU-12142,3.53
-1.025193666519494,-0.658072855755979,-0.9441754113262126,1.4061523794594206,0.22063492063492077,0.8303167420814481,-0.4,0.0,0.0,0.0,1.0,0.0,1.0,0.0,STU-11294,3.63
-1.4669896414086196,-1.0303846340343863,-2.4465804811698932,0.7583504217243777,-0.18730158730158727,-0.04524886877828058,0.6,0.0,1.0,0.0,0.0,0.0,1.0,0.0,STU-10657,2.16
1.3786433757125969,1.7688483656143752,0.09690121589138724,-0.5372534937457081,0.9714285714285714,1.4502262443438914,0.2,0.0,0.0,1.0,0.0,0.0,1.0,0.0,STU-14633,5.16
-0.2170302978198743,-0.478811629177487,0.6708373886072996,0.39932764996760634,-0.017460317460317374,-0.08371040723981903,-0.8,0.0,1.0,0.0,0.0,0.0,1.0,0.0,STU-14642,3.96
-0.6561323948133344,-0.6304942055131345,-1.611103774051792,-1.4035910516805246,-1.096825396825397,-0.07918552036199088,-0.4,1.0,0.0,0.0,0.0,0.0,1.0,0.0,STU-11272,3.3
-1.0233977479223841,-0.6856515059988245,-0.6419507937947945,-1.5596879089660771,-1.115873015873016,-0.5452488687782806,-1.2,0.0,1.0,0.0,0.0,0.0,0.0,1.0,STU-11162,2.71
0.175377915648718,-0.5063902794203325,0.05331112682435526,-0.4201808507815441,-0.5333333333333333,-0.579185520361991,0.4,1.0,0.0,0.0,0.0,0.0,1.0,0.0,STU-12851,4.38
-0.4181731806962249,0.7208596563862679,-0.5431465919095234,-0.6621309795741501,0.23650793650793658,1.1674208144796379,-1.2,0.0,0.0,0.0,1.0,0.0,1.0,0.0,STU-13900,4.66
1.3786433757125969,1.0793821095432519,1.0667806976328347,-2.9645596245360495,1.0952380952380956,0.7601809954751132,-0.8,0.0,0.0,1.0,0.0,0.0,1.0,0.0,STU-14525,4.82
1.195459678807349,-0.8097554320916265,-0.6404977908258938,0.3915228071033289,-0.4650793650793651,0.17873303167420815,0.4,0.0,0.0,1.0,0.0,0.0,1.0,0.0,STU-10774,3.76
0.4770922399632426,-1.2247380995076246e-15,0.03296908525974054,0.45396155001754995,-0.05396825396825396,0.5384615384615384,-0.8,1.0,0.0,0.0,0.0,0.0,1.0,0.0,STU-14698,4.82
0.012847282610239982,0.26581192737932635,-1.2798190971423535,1.8900526370446327,-0.6666666666666669,-0.9592760180995475,-1.0,0.0,1.0,0.0,0.0,0.0,1.0,0.0,STU-13393,3.35
0.5866432743869701,1.6585337646429954,-0.17408383780865802,1.3281039508166446,0.43174603174603193,-0.09954751131221728,0.2,0.0,0.0,0.0,0.0,1.0,1.0,0.0,STU-10990,4.66
1.3786433757125969,0.8035956071148022,1.0667806976328347,0.34469374991766344,0.6476190476190478,-0.03393665158371049,0.8,0.0,0.0,0.0,1.0,0.0,1.0,0.0,STU-11566,4.84
-0.5259282965228399,-0.6718621808774011,1.0667806976328347,1.554444393880695,-0.08253968253968248,-0.45248868778280543,-0.2,0.0,0.0,0.0,1.0,0.0,1.0,0.0,STU-13450,3.03
0.3477861009713037,-0.727019481363091,-1.0324207045904966e-15,-1.61432180901602,0.2396825396825397,0.9298642533936653,-1.2,1.0,0.0,0.0,0.0,0.0,1.0,0.0,STU-14507,3.6
-2.1709897314758444,0.08655070080083443,-1.512299572166521,0.26664532127488677,-1.5904761904761906,2.47737556561086,0.4,1.0,0.0,0.0,0.0,0.0,1.0,0.0,STU-13659,2.39
-0.34633643681181325,0.5691770800506203,0.8742578042534457,-0.9274956369595893,0.0,0.4479638009049773,0.0,0.0,1.0,0.0,0.0,0.0,1.0,0.0,STU-10571,4.67
0.0,1.0793821095432519,0.29814212708418175,0.45396155001754995,1.6301587301587306,-0.4434389140271493,-1.2,1.0,0.0,0.0,0.0,0.0,1.0,0.0,STU-10667,4.57
-0.45768338983265056,-0.49260095429890915,-0.09126266858129839,0.09493877826077925,0.573015873015873,-0.755656108597285,-0.4,0.0,1.0,0.0,0.0,0.0,0.0,1.0,STU-10485,3.95
0.4546432574993643,1.0242248090575619,1.0667806976328347,-0.8104229939954253,-0.35873015873015873,-0.6809954751131222,-1.2,0.0,0.0,0.0,0.0,1.0,1.0,0.0,STU-12866,4.1
-1.7866631516942473,-1.816376165955466,-2.0571756855044128,-1.6377363376088532,-1.5079365079365081,0.0,0.0,0.0,0.0,0.0,1.0,0.0,1.0,0.0,STU-14518,1.46
-0.722581382906415,0.38991585347212837,1.0667806976328347,-1.7001750805230742,0.042857142857142795,0.2647058823529412,0.0,0.0,1.0,0.0,0.0,0.0,1.0,0.0,STU-13950,3.74
-0.0661731356626126,-1.0303846340343863,-0.24818698922261104,1.21103130785248,-0.5984126984126984,1.565610859728507,-1.2,1.0,0.0,0.0,0.0,0.0,1.0,0.0,STU-12400,3.4
-0.6785813772772127,-0.9062807079415842,0.4245533853785723,-1.7470041377087404,0.07301587301587316,-0.6470588235294118,0.4,0.0,0.0,1.0,0.0,0.0,1.0,0.0,STU-12189,3.14
1.3786433757125969,1.0242248090575619,0.6657518782161463,2.1632221372943494,1.5841269841269843,0.42986425339366524,-1.0,0.0,0.0,0.0,0.0,1.0,1.0,0.0,STU-10631,5.17
1.0939902780706194,0.18307597665079087,-0.8875082955390718,0.02469519248228074,-0.8190476190476192,1.599547511312217,-0.8,0.0,0.0,0.0,0.0,1.0,1.0,0.0,STU-12264,4.09
0.4564391760964755,1.6999017400072631,1.0573361783349782,1.3202991079523658,0.16507936507936524,-0.4434389140271493,-1.2,0.0,0.0,0.0,0.0,1.0,1.0,0.0,STU-13576,4.94
0.0,-1.7336402152269317,-0.7305839748977582,1.6168831367949161,-0.20793650793650806,-0.2714932126696833,-0.2,0.0,0.0,0.0,0.0,1.0,0.0,1.0,STU-11812,3.86
1.3786433757125969,1.4103259124573913,1.0667806976328347,-0.6699358224384276,1.298412698412699,0.0,-0.4,0.0,0.0,0.0,1.0,0.0,1.0,0.0,STU-12947,6.09
0.12778607282529583,0.4450731539578183,1.0667806976328347,-0.34213242213876743,0.40476190476190493,1.8574660633484166,0.0,0.0,0.0,0.0,0.0,1.0,0.0,1.0,STU-10730,4.3
0.0,-0.8787020576987385,-0.46686393604221876,-1.5831024375589096,12.869396303915822,0.1832579185520361,-1.2,0.0,0.0,0.0,0.0,1.0,1.0,0.0,STU-10798,3.14
0.0,1.5620084887930377,-0.40293180541057305,-0.12359682193899443,0.773015873015873,-1.1968325791855203,0.2,0.0,0.0,0.0,0.0,1.0,0.0,1.0,STU-14505,4.98
0.10443913106286319,-1.085541934520076,0.9541729675430038,1.008105393381262,-0.26507936507936514,-0.26923076923076933,1.0,0.0,0.0,0.0,1.0,0.0,1.0,0.0,STU-11193,3.97
0.9206841334494794,-1.3337497867056802,-1.0324207045904966e-15,-0.18603556485321548,-0.6650793650793652,-0.2714932126696833,-1.2,0.0,1.0,0.0,0.0,0.0,1.0,0.0,STU-14527,3.38
-1.2918875781903685,-1.5268003384055944,-1.9634569940102955,0.7037165216744341,0.0,0.0022624434389139788,-0.4,1.0,0.0,0.0,0.0,0.0,0.0,1.0,STU-11483,2.97
1.3786433757125969,1.4654832129430813,0.9200273977738294,-1.3333474659020261,0.9476190476190479,0.20361990950226252,-1.2,1.0,0.0,0.0,0.0,0.0,0.0,1.0,STU-14412,6.84
0.5992147045667406,1.3965365873359692,-1.0324207045904966e-15,-0.26408399349599143,0.43809523809523815,-0.6470588235294118,0.0,0.0,0.0,0.0,0.0,1.0,1.0,0.0,STU-13264,4.23
0.21129628759092384,-0.42365432869179703,1.0667806976328347,1.8510284227232454,0.3349206349206349,-0.26244343891402716,1.4,0.0,1.0,0.0,0.0,0.0,1.0,0.0,STU-12121,4.05
-0.4909078838791896,-1.2247380995076246e-15,-1.685933426950196,-0.7870084654025923,-1.0793650793650795,0.8778280542986425,-0.2,0.0,0.0,0.0,0.0,1.0,0.0,1.0,STU-12130,2.97
-0.018581292839190442,0.6243343805363103,-0.4995565028424925,-0.24066946490315838,-0.8650793650793652,0.0,-0.6,0.0,1.0,0.0,0.0,0.0,0.0,1.0,STU-14737,3.5
-0.6363772902451216,0.1692866515293687,-1.1483223284568087,0.2900598498677199,-0.338095238095238,-0.004524886877828159,-0.4,0.0,0.0,1.0,0.0,0.0,1.0,0.0,STU-14146,3.63
0.46541876908202634,-0.12028917602050308,-0.6099847284789717,1.101763507752593,0.3968253968253969,1.6040723981900455,0.4,0.0,0.0,0.0,0.0,1.0,1.0,0.0,STU-10115,4.3
0.0,-0.8097554320916265,1.0667806976328347,-0.9977392227380878,1.0476190476190477,-0.5113122171945702,-0.2,0.0,0.0,0.0,1.0,0.0,1.0,0.0,STU-14767,4.5
-1.1149895963750074,0.9001208829647599,0.4361774091297804,-1.38641860024038e-15,-0.7063492063492065,-0.6425339366515836,0.0,0.0,0.0,0.0,1.0,0.0,0.0,1.0,STU-12334,4.19
0.0,-0.8373340823344708,-1.823968708995795,0.009085506753725131,-1.3507936507936509,1.156108597285068,-1.2,0.0,0.0,1.0,0.0,0.0,1.0,0.0,STU-14847,1.79
0.12060239843685493,0.6932810061434224,1.0667806976328347,-1.1616409228879185,0.5301587301587303,-0.24660633484162894,0.2,0.0,0.0,1.0,0.0,0.0,1.0,0.0,STU-13235,5.16
1.2403576437351058,-0.8649127325773164,1.0667806976328347,0.6724971502173236,-0.8984126984126986,2.079185520361991,-0.4,0.0,0.0,1.0,0.0,0.0,1.0,0.0,STU-14891,4.67
-1.795642744679798,-0.5201796045417547,-1.1933654204927415,-0.10018229334616136,-1.0555555555555556,-0.8891402714932126,0.2,0.0,0.0,0.0,0.0,1.0,1.0,0.0,STU-14181,2.58
0.2840309907738898,1.3138006366074337,0.1564743376163296,-0.24066946490315838,0.36190476190476184,0.35520361990950233,-0.2,0.0,0.0,0.0,1.0,0.0,1.0,0.0,STU-14126,4.89
0.5498269431462086,-1.2247380995076246e-15,0.5589561600019196,-1.38641860024038e-15,1.058730158730159,0.6877828054298643,-0.8,0.0,0.0,1.0,0.0,0.0,1.0,0.0,STU-11544,4.18
0.07480647421054396,-1.0303846340343863,-0.5678476423808414,2.342733523172735,0.3523809523809525,1.260180995475113,0.0,0.0,0.0,0.0,1.0,0.0,1.0,0.0,STU-10347,4.02
-0.6462548425292279,-2.1197413186267613,-2.5446581815707137,-1.224079665802139,-1.042857142857143,0.9411764705882352,-0.8,0.0,0.0,1.0,0.0,0.0,1.0,0.0,STU-10531,1.58
-1.2694385957264902,1.3275899617288558,-1.4258458955169089,-1.4816394803233006,-0.5825396825396826,0.02262443438914019,-0.6,1.0,0.0,0.0,0.0,0.0,1.0,0.0,STU-14208,3.64
-1.037765096699266,-0.009974575049123234,-3.479665592058536,-0.12359682193899443,-1.5666666666666669,-0.66289592760181,-1.2,1.0,0.0,0.0,0.0,0.0,1.0,0.0,STU-11718,2.72
-0.19547927465455156,-0.2581824272347273,1.0667806976328347,-1.38641860024038e-15,0.5968253968253969,0.1855203619909503,0.0,0.0,0.0,1.0,0.0,0.0,0.0,1.0,STU-13322,4.42
0.03978606156689372,-0.9200700330630064,-0.9369103964817068,1.6012734510663613,0.6634920634920638,0.13348416289592757,1.2,0.0,1.0,0.0,0.0,0.0,1.0,0.0,STU-12732,3.41
1.0158678190963224,-0.5201796045417547,-1.0495181265715376,0.0325000353465582,0.27460317460317474,-0.5452488687782806,0.4,0.0,0.0,0.0,0.0,1.0,0.0,1.0,STU-10935,4.26
-0.18021396657911415,-0.14786782626334743,-0.6986179095819353,1.21103130785248,-0.20793650793650806,-1.1425339366515836,-0.6,0.0,0.0,1.0,0.0,0.0,0.0,1.0,STU-14718,4.59
0.0,0.7070703312648458,-1.7520450620351933,0.6490826216244906,-0.4396825396825397,-0.10407239819004524,-1.2,0.0,0.0,0.0,1.0,0.0,1.0,0.0,STU-13353,3.33
0.9260718892408092,0.9001208829647599,1.0667806976328347,-1.387981365951969,0.7587301587301588,-0.3619909502262443,1.2,0.0,0.0,0.0,0.0,1.0,1.0,0.0,STU-14018,5.63
-0.8842140566463388,-0.13407850114192527,-0.502462508780294,0.5320099786603266,-0.6936507936507937,-0.3484162895927602,0.6,0.0,0.0,0.0,0.0,1.0,0.0,1.0,STU-12031,3.72
-0.8878058938405585,-1.3337497867056802,-0.1668188229641532,-0.10798713621043882,-0.4761904761904763,-0.7217194570135747,-0.4,0.0,0.0,0.0,1.0,0.0,1.0,0.0,STU-10281,2.58
-0.25833642555341113,-1.0441739591558084,-1.8937128515030452,-1.3645668373591366,-0.4984126984126986,1.418552036199095,-0.2,1.0,0.0,0.0,0.0,0.0,1.0,0.0,STU-11448,3.26
0.2849289500724441,-0.5339689296631769,-0.4189148380684845,-1.3177377801734704,-0.42539682539682544,0.502262443438914,1.0,0.0,0.0,0.0,0.0,1.0,0.0,1.0,STU-11598,4.23
-1.5487039375771365,-1.2247380995076246e-15,-1.6045652606917375,-0.9431053226881448,-0.7873015873015874,-0.19683257918552038,0.4,0.0,0.0,1.0,0.0,0.0,0.0,1.0,STU-14678,3.07
0.3962759030932814,0.9139102080861821,0.5277165961705467,0.9768860219241507,1.4841269841269844,-1.0180995475113122,-1.2,0.0,0.0,0.0,0.0,1.0,1.0,0.0,STU-12925,5.68
-0.6731936214858817,-0.42365432869179703,-0.16754532444860307,0.2276211069534988,-0.3412698412698414,-0.5,1.2,0.0,0.0,1.0,0.0,0.0,1.0,0.0,STU-11447,3.52
1.63544460551231,-1.747429540348354,1.0667806976328347,0.0325000353465582,0.05396825396825396,0.0,-0.6,0.0,0.0,0.0,0.0,1.0,1.0,0.0,STU-13990,4.66
1.364276026935715,1.7688483656143752,-1.0324207045904966e-15,-0.396766322188711,2.0000000000000004,-0.45248868778280543,-0.4,0.0,0.0,0.0,0.0,1.0,1.0,0.0,STU-14489,6.02
-1.139234497435997,-0.547758254784599,-1.8217892045424435,0.16518236403927777,-1.4412698412698415,0.4886877828054299,-0.6,1.0,0.0,0.0,0.0,0.0,1.0,0.0,STU-14301,3.45
0.16639832266316718,0.7760169568719578,0.10343972925144115,0.1573775211750003,-0.4650793650793651,-0.39819004524886875,-1.2,0.0,0.0,0.0,1.0,0.0,1.0,0.0,STU-13681,4.73
-0.3975201168294565,0.19686530177221429,-0.7436610016178681,0.594448721574547,-0.11428571428571441,0.8190045248868779,0.4,1.0,0.0,0.0,0.0,0.0,1.0,0.0,STU-11129,3.62
-0.45768338983265056,-1.0579632842772306,-0.13993826803948353,0.9846908647884282,-0.3428571428571429,-0.4773755656108597,-1.2,0.0,0.0,0.0,0.0,1.0,1.0,0.0,STU-11500,3.48
0.5363575536678824,-0.8373340823344708,1.0667806976328347,-0.9040811083667569,-0.05396825396825396,-0.13348416289592757,0.6,0.0,0.0,0.0,0.0,1.0,1.0,0.0,STU-13593,3.78
-0.3732752157684682,-0.8097554320916265,1.0667806976328347,0.05591456393939127,0.8301587301587301,0.12217194570135748,0.8,0.0,0.0,1.0,0.0,0.0,1.0,0.0,STU-12595,4.92
-0.13352008305424756,0.6105450554148881,0.7522055548657585,0.555424507253159,-0.5873015873015873,-0.46153846153846156,0.4,0.0,0.0,0.0,0.0,1.0,1.0,0.0,STU-10796,4.57
1.3786433757125969,1.7688483656143752,0.624341293602466,1.8900526370446327,1.0317460317460323,0.11764705882352931,1.2,0.0,0.0,0.0,0.0,1.0,1.0,0.0,STU-11075,6.15
-0.27898948942017826,-0.7545981316059366,0.13467929308281412,1.9134671656374664,0.27460317460317474,0.38687782805429866,0.2,0.0,0.0,1.0,0.0,0.0,1.0,0.0,STU-10498,4.65
0.46811264697769184,1.0104354839361398,1.0667806976328347,-0.9274956369595893,0.2587301587301589,1.0972850678733033,-1.2,0.0,0.0,0.0,1.0,0.0,1.0,0.0,STU-13515,4.92
-0.2978466346898368,0.541598429807776,-0.7037034199730895,-0.44359537937437643,-0.488888888888889,-0.8733031674208146,-1.0,0.0,0.0,1.0,0.0,0.0,0.0,1.0,STU-10041,4.46
-0.19098947816177614,-0.13407850114192527,1.0537036709127248,2.420781951815511,0.7444444444444445,-0.8778280542986425,-1.0,0.0,1.0,0.0,0.0,0.0,1.0,0.0,STU-12048,5.01
0.0,0.7070703312648458,1.0667806976328347,-0.8104229939954253,0.05396825396825396,-0.2533936651583711,0.8,0.0,1.0,0.0,0.0,0.0,1.0,0.0,STU-13693,3.85
-0.45319359333987513,0.2796012525007486,0.06420864909111351,0.07932909253222434,0.37460317460317455,-0.9615384615384616,-0.2,0.0,0.0,0.0,0.0,1.0,1.0,0.0,STU-14604,3.87
-0.7809487373124979,0.9552781834504498,0.0024560229128184614,-0.5216438080171532,1.1920634920634923,-0.11312217194570136,0.4,0.0,0.0,0.0,1.0,0.0,0.0,1.0,STU-11878,4.38
-0.919234469289989,-1.3337497867056802,0.6919059316563652,0.8207891646385987,0.657142857142857,-0.9457013574660633,0.0,1.0,0.0,0.0,0.0,0.0,1.0,0.0,STU-10204,3.57
-1.0898467360154636,0.36233720322928403,-0.8206701589696236,0.5085954500674935,-0.3412698412698414,-0.48642533936651583,0.0,1.0,0.0,0.0,0.0,0.0,1.0,0.0,STU-13759,3.81
0.24990853742879515,-1.7887975157126217,0.12596127526940754,-1.0757876513808644,0.28730158730158745,0.8348416289592762,-0.6,0.0,1.0,0.0,0.0,0.0,0.0,1.0,STU-14778,3.95
0.1098268868541942,1.217275360757476,1.0667806976328347,-0.5216438080171532,0.4809523809523809,-0.823529411764706,0.2,0.0,0.0,1.0,0.0,0.0,1.0,0.0,STU-14255,5.3
1.0912964001749539,0.8173849322362243,-0.6128907344167742,-0.25627915063171397,1.0841269841269843,2.7624434389140275,0.6,0.0,1.0,0.0,0.0,0.0,0.0,1.0,STU-12285,5.04
1.3786433757125969,1.4654832129430813,0.9650704898097611,1.7261509368948034,-0.5396825396825399,-0.9140271493212669,-0.8,1.0,0.0,0.0,0.0,0.0,0.0,1.0,STU-12131,5.26
-0.17482621078778313,0.12791867616510097,-0.13630576061723113,-0.17042587912465987,0.43333333333333346,0.6131221719457014,-1.2,0.0,0.0,0.0,0.0,1.0,0.0,1.0,STU-12404,4.97
-2.184459120954171,-2.2576345698409854,-1.8937128515030452,1.1095683506168703,-1.5761904761904764,0.19683257918552038,0.8,0.0,0.0,1.0,0.0,0.0,1.0,0.0,STU-13413,1.84
-2.6100918284693044,-2.685103648605082,-0.41746183509958373,1.0237150791098169,-1.4920634920634923,-0.5271493212669683,0.0,0.0,0.0,0.0,1.0,0.0,1.0,0.0,STU-14803,2.3
0.9215820927480338,0.5002304544435082,0.17173086878979116,-0.17823072198893733,-0.3634920634920634,-0.5429864253393665,-0.2,1.0,0.0,0.0,0.0,0.0,1.0,0.0,STU-11599,5.04
1.2304800914509992,-0.7408088064845144,-0.7857980877159982,-0.06896292188905083,-0.009523809523809604,-0.30090497737556565,0.4,0.0,0.0,1.0,0.0,0.0,1.0,0.0,STU-10152,3.7
1.3786433757125969,0.665702355900578,0.19207291035440485,2.1632221372943494,1.0428571428571427,-0.13122171945701358,0.8,0.0,0.0,0.0,1.0,0.0,1.0,0.0,STU-13062,5.07
-0.8069895569705974,-0.8511234074558942,-1.8581142787649696,-0.5684728652028186,-0.880952380952381,0.04751131221719456,-1.2,0.0,0.0,0.0,1.0,0.0,1.0,0.0,STU-12726,2.35
-1.0386630559978216,-0.5339689296631769,-0.7952426070138547,1.6402976653877486,-0.7523809523809526,0.6945701357466062,1.0,0.0,0.0,0.0,0.0,1.0,1.0,0.0,STU-10671,4.03
0.09725545667442229,-0.40986500357037486,1.0667806976328347,1.0471296077026493,0.11587301587301596,-0.3778280542986425,0.8,0.0,0.0,0.0,1.0,0.0,1.0,0.0,STU-11357,4.29
-1.1374385788388857,0.2382332771364808,0.3540827413868717,0.8520085360957086,0.5904761904761907,0.8190045248868779,0.6,0.0,0.0,0.0,0.0,1.0,1.0,0.0,STU-13392,4.13
0.5606024547288706,-0.28576107747757284,0.3751512844359373,0.6412777787602131,0.0,1.7171945701357467,0.4,0.0,0.0,0.0,1.0,0.0,0.0,1.0,STU-10446,4.45
0.20321465390392732,-0.547758254784599,-0.9492609217173659,1.4998104938307515,-1.1746031746031746,-0.22398190045248875,-0.4,0.0,0.0,0.0,0.0,1.0,1.0,0.0,STU-10716,3.03
1.1281127314157142,1.7688483656143752,1.0667806976328347,0.8051794789100425,2.158730158730159,-0.6425339366515836,-0.4,0.0,0.0,0.0,0.0,1.0,0.0,1.0,STU-11553,6.63
0.15921464827472626,-2.3679491708123654,-0.6637458383283099,-0.357742107867323,-1.0904761904761906,1.7941176470588236,-0.2,0.0,0.0,0.0,0.0,1.0,0.0,1.0,STU-13781,3.14
0.40256161818316677,0.7070703312648458,1.0667806976328347,0.18859689263211082,0.7412698412698414,1.2714932126696834,-1.2,0.0,0.0,1.0,0.0,0.0,1.0,0.0,STU-11992,5.36
0.7410922737384529,-0.05134255041339098,-0.5090010221403489,0.6100584073031026,1.0174603174603178,-0.7692307692307693,0.2,0.0,0.0,0.0,0.0,1.0,1.0,0.0,STU-14182,4.85
-0.37237725646991265,-0.28576107747757284,-0.7429345001334171,-2.285538295343896,-1.412698412698413,-0.7918552036199095,-0.4,0.0,0.0,0.0,0.0,1.0,1.0,0.0,STU-13301,3.56
1.1882760044189082,-0.32712905284183935,0.6207087861802136,-1.5674927518303547,0.4777777777777778,0.4434389140271493,1.0,0.0,0.0,0.0,0.0,1.0,1.0,0.0,STU-14388,4.99
-1.8037243783667944,0.07276137567941103,-1.3982388391077893,0.9066424361456522,-1.0253968253968255,0.0,0.2,0.0,0.0,0.0,1.0,0.0,1.0,0.0,STU-11095,3.13
1.3786433757125969,1.7688483656143752,0.872804801284545,1.4217620651879757,1.0904761904761906,-0.6855203619909503,-1.0,0.0,1.0,0.0,0.0,0.0,1.0,0.0,STU-11509,5.3
1.2978270388426343,0.5553877549291981,-0.521351547376008,0.20420657836066575,0.2492063492063493,0.0,-0.4,0.0,0.0,0.0,0.0,1.0,1.0,0.0,STU-12454,4.71
1.1317045686099352,0.7484383066291123,1.0667806976328347,-1.1538360800236405,0.17777777777777798,0.20135746606334834,8.2,0.0,0.0,0.0,0.0,1.0,1.0,0.0,STU-12677,4.24
-0.5358058488069463,0.541598429807776,-1.1345188002522488,1.5310298652878627,-0.1444444444444445,-0.12443438914027145,-0.4,0.0,0.0,0.0,1.0,0.0,1.0,0.0,STU-13923,3.71
-0.26103030344907663,-0.727019481363091,0.983959528405475,0.5007906072032161,0.9809523809523814,-0.42760180995475117,1.0,0.0,0.0,0.0,0.0,1.0,1.0,0.0,STU-13871,4.03
0.381010595017844,-0.8097554320916265,-0.17553684077755877,1.1173731934811477,-0.13174603174603178,0.0,-0.2,0.0,0.0,0.0,1.0,0.0,1.0,0.0,STU-11463,4.28
0.05145953244811004,0.7070703312648458,1.0667806976328347,0.06371940680366872,0.2492063492063493,0.02488687782805437,1.0,0.0,0.0,1.0,0.0,0.0,1.0,0.0,STU-14039,4.28
-1.2451936946655018,-1.2247380995076246e-15,-1.5500776493579482,0.29786469273199734,-1.2126984126984128,0.19004524886877824,-1.2,0.0,0.0,1.0,0.0,0.0,1.0,0.0,STU-14710,2.12
-0.8896018124376698,-0.727019481363091,-1.003748533051155,-1.2162748229378615,-0.8444444444444444,-0.9570135746606336,-0.4,1.0,0.0,0.0,0.0,0.0,0.0,1.0,STU-10149,2.9
1.034724964365981,0.15549732640794653,-0.41382932767733027,0.2510356355463319,-0.5634920634920634,-0.24208144796380096,0.0,0.0,0.0,0.0,0.0,1.0,1.0,0.0,STU-12548,4.15
-2.4080509862943993,-0.8924913828201607,-2.450939490076596,-1.6299314947445758,-1.153968253968254,-0.13348416289592757,-1.2,0.0,1.0,0.0,0.0,0.0,0.0,1.0,STU-11968,2.05
1.3786433757125969,0.34854787810786064,1.0667806976328347,0.3915228071033289,0.0,1.058823529411765,-0.4,0.0,0.0,0.0,0.0,1.0,1.0,0.0,STU-12948,4.94
0.011051364013128798,-1.871533466441156,-0.966696957344178,1.008105393381262,0.0,1.7307692307692306,1.4,0.0,0.0,0.0,1.0,0.0,0.0,1.0,STU-11535,3.42
1.4931563641542516,0.665702355900578,1.0667806976328347,-0.8884714226382012,0.8333333333333337,-0.49547511312217196,0.4,1.0,0.0,0.0,0.0,0.0,1.0,0.0,STU-11736,5.65
-0.2466629546721935,1.5482191636716156,0.6882734242341128,0.36030343564621836,0.5888888888888891,0.6085972850678734,0.4,0.0,0.0,0.0,0.0,1.0,0.0,1.0,STU-10696,5.38
0.5821534778941934,1.7688483656143752,-1.0324207045904966e-15,-1.2162748229378615,0.12063492063492062,0.328054298642534,0.0,0.0,0.0,0.0,1.0,0.0,0.0,1.0,STU-13786,5.02
0.5704800070129771,0.2382332771364808,-1.0324207045904966e-15,-1.0367634370594765,0.377777777777778,-1.1153846153846154,-0.6,0.0,0.0,0.0,0.0,1.0,1.0,0.0,STU-11551,4.43
-1.0000508061599502,0.22444395201505862,0.2988686285686326,0.7271310502672672,-0.4666666666666667,-0.3144796380090497,0.6,0.0,0.0,0.0,1.0,0.0,1.0,0.0,STU-13064,3.38
-2.0533570633651217,-1.1820672103700325,-0.6128907344167742,-0.638716450981317,-0.05079365079365085,1.6063348416289593,0.6,1.0,0.0,0.0,0.0,0.0,0.0,1.0,STU-10351,3.64
-0.38764256454535007,-1.2234351857343002,-0.793063102560503,-1.1928602943450284,-1.0682539682539685,-0.49773755656108604,0.0,0.0,0.0,0.0,0.0,1.0,1.0,0.0,STU-10161,2.78
0.8659086162376164,0.15549732640794653,1.0667806976328347,0.30566953559627547,0.8936507936507939,-0.9864253393665159,-0.6,1.0,0.0,0.0,0.0,0.0,1.0,0.0,STU-12250,5.78
0.508520815412673,0.34854787810786064,-0.7894305951382506,0.8442036932314312,0.45396825396825397,0.39819004524886875,0.8,0.0,0.0,0.0,0.0,1.0,1.0,0.0,STU-12229,4.79
-1.145520212525882,-1.1544885601271881,-1.2725540822978487,1.367128165138032,-0.12380952380952373,0.03167420814479631,-1.2,1.0,0.0,0.0,0.0,0.0,0.0,1.0,STU-11852,4.52
-0.9722140679047422,-1.2247380995076246e-15,-1.0219110701624181,0.5710341929817145,0.5126984126984129,0.6538461538461537,-0.8,0.0,1.0,0.0,0.0,0.0,0.0,1.0,STU-13452,3.62
-0.4594793084297605,0.03139340031514451,-0.13921176655503265,0.13396299258216723,0.3428571428571429,0.6018099547511311,-0.2,0.0,0.0,0.0,1.0,0.0,1.0,0.0,STU-11995,4.19
0.14215342160217895,1.630955114400151,0.8858818280046549,0.5085954500674935,0.8746031746031747,0.21040723981900447,-0.6,1.0,0.0,0.0,0.0,0.0,1.0,0.0,STU-14195,4.79
-1.4589080077216232,-0.5753369050274446,0.019165557055180773,-0.6777406653027057,-0.29682539682539677,-0.7262443438914027,1.0,1.0,0.0,0.0,0.0,0.0,1.0,0.0,STU-10746,3.65
-0.5537650347780492,-1.4026964123127923,0.06784115651336592,1.164202250666814,0.3285714285714287,1.9411764705882348,1.0,0.0,1.0,0.0,0.0,0.0,1.0,0.0,STU-14970,3.31
0.3657452869424066,1.1896967105146317,0.7260515014255396,0.36810827851049654,0.09682539682539675,-0.9366515837104074,-1.2,0.0,0.0,0.0,1.0,0.0,0.0,1.0,STU-14537,4.61
-0.9892752945772895,-1.2247380995076246e-15,0.3439117206045643,-0.045548393296217765,8.663248629124936,-0.4886877828054299,-1.0,0.0,1.0,0.0,0.0,0.0,0.0,1.0,STU-14739,4.52
0.31994936271609437,0.8173849322362243,-0.14357077546173594,0.7739601074529326,-1.312698412698413,-0.05656108597285068,1.2,0.0,0.0,0.0,1.0,0.0,1.0,0.0,STU-12045,3.74
0.2903167058637751,1.217275360757476,0.9316514215250374,-0.40457116505298846,0.3047619047619048,-0.48642533936651583,-1.0,0.0,1.0,0.0,0.0,0.0,1.0,0.0,STU-11378,5.6
0.6755412449439278,-0.8373340823344708,-0.5002830043269423,0.336888907053386,-0.5968253968253969,-0.19683257918552038,0.6,1.0,0.0,0.0,0.0,0.0,0.0,1.0,STU-12357,4.57
-0.35082623330458995,-1.0303846340343863,-0.23510996250250216,-0.4904244365600426,-0.4555555555555555,-0.5972850678733032,-0.8,0.0,1.0,0.0,0.0,0.0,1.0,0.0,STU-13125,3.7
-0.713601789920863,-2.3679491708123654,-2.236621552163692,2.2100511944800156,-1.6698412698412701,-0.04072398190045243,0.0,0.0,0.0,0.0,1.0,0.0,1.0,0.0,STU-10345,2.92
-0.7531119990572887,-0.5339689296631769,-1.5544366582646512,-0.10018229334616136,-0.5984126984126984,0.6651583710407241,-0.2,0.0,0.0,1.0,0.0,0.0,1.0,0.0,STU-11007,3.55
-2.6810306130551598,-1.9818480674125358,-0.9187478593704438,-0.5996922366599291,-0.8079365079365081,0.7714932126696831,1.2,0.0,0.0,0.0,1.0,0.0,1.0,0.0,STU-13831,1.94
0.29660242095366174,-0.5339689296631769,-0.5431465919095234,-0.474814750831487,-0.7873015873015874,0.21945701357466058,0.6,0.0,0.0,0.0,1.0,0.0,1.0,0.0,STU-11084,3.5
-1.9276427615674032,-1.2510138359771459,-1.0324207045904966e-15,0.2276211069534988,-1.7476190476190478,0.036199095022624465,0.0,0.0,0.0,0.0,0.0,1.0,1.0,0.0,STU-11005,2.25
-0.8770303822578979,-1.457853712798482,-0.4726759479178228,0.516400292931771,-0.6285714285714286,-0.34389140271493224,-0.2,0.0,1.0,0.0,0.0,0.0,1.0,0.0,STU-10674,3.38
0.331622833597312,-0.9062807079415842,0.4921180234324714,0.3524985927819409,-0.36507936507936495,-0.579185520361991,1.0,0.0,0.0,1.0,0.0,0.0,1.0,0.0,STU-10344,4.16
-0.6875609702627649,-1.1544885601271881,-0.8693457584278088,-1.38641860024038e-15,-0.3396825396825398,0.3054298642533936,-0.2,0.0,0.0,0.0,1.0,0.0,0.0,1.0,STU-10295,4.12
-0.42715277368177573,0.7622276317505344,-0.30340110204085113,-0.03774355043194031,0.22698412698412698,1.3868778280542986,-0.2,0.0,0.0,0.0,1.0,0.0,1.0,0.0,STU-14009,4.54
0.4977453038300111,-0.2581824272347273,-0.12322873389712122,1.57005407960925,-0.12222222222222218,2.2782805429864252,0.2,0.0,0.0,0.0,1.0,0.0,1.0,0.0,STU-13065,4.95
0.18435750863427008,0.22444395201505862,-0.9877655003932436,0.9222521218742071,0.43333333333333346,-0.3619909502262443,1.0,0.0,0.0,0.0,0.0,1.0,1.0,0.0,STU-10435,4.41
1.3786433757125969,0.6519130307791559,0.7943426409638886,-0.27969367922454635,0.3349206349206349,-0.23076923076923087,-0.8,0.0,0.0,0.0,0.0,1.0,1.0,0.0,STU-10822,4.65
1.3786433757125969,1.7688483656143752,1.0667806976328347,-0.295303364953102,2.47936507936508,1.2104072398190047,0.0,1.0,0.0,0.0,0.0,0.0,1.0,0.0,STU-12875,5.95
-0.8330303766286955,-1.2923818113414125,-0.347717692592333,0.7271310502672672,0.011111111111111158,-0.6153846153846154,-0.2,0.0,0.0,0.0,0.0,1.0,1.0,0.0,STU-14110,3.07
-0.9237242657827645,-1.2372245108557225,0.8161376854974041,1.132982879209704,0.3666666666666668,-0.7126696832579186,-1.0,0.0,0.0,1.0,0.0,0.0,1.0,0.0,STU-11275,3.41
1.2852556086628624,0.6932810061434224,1.0667806976328347,-0.006524178974829784,0.8253968253968257,-0.41628959276018096,1.2,0.0,0.0,0.0,0.0,1.0,1.0,0.0,STU-13937,5.07
0.0,1.7688483656143752,1.0667806976328347,0.6022535644388252,1.0238095238095242,0.19230769230769224,-0.2,0.0,0.0,0.0,1.0,0.0,1.0,0.0,STU-14190,5.63
0.503133059621342,0.7622276317505344,-0.8569952331921498,-0.12359682193899443,-0.5253968253968255,0.10407239819004524,1.0,0.0,0.0,0.0,0.0,1.0,0.0,1.0,STU-14445,4.44
-0.21254050132709887,1.6447444395215731,0.6686578841539479,-0.34213242213876743,0.5269841269841271,-0.4434389140271493,1.8,0.0,0.0,0.0,1.0,0.0,0.0,1.0,STU-11764,5.11
1.2215004984654485,1.0793821095432519,0.7558380622880109,1.7261509368948034,0.25555555555555554,-0.328054298642534,-0.6,0.0,0.0,1.0,0.0,0.0,0.0,1.0,STU-14300,5.2
-1.6582549720008626,-1.2510138359771459,-2.778591659563782,-1.38641860024038e-15,-1.0603174603174605,0.21493212669683262,0.0,0.0,1.0,0.0,0.0,0.0,1.0,0.0,STU-13622,2.28
0.9305616857335859,0.47265180420066266,0.9498139586363005,0.3134743784605529,-0.5619047619047619,0.8619909502262443,-1.2,0.0,0.0,0.0,1.0,0.0,1.0,0.0,STU-11745,4.92
-0.2879690824057304,-0.40986500357037486,1.0667806976328347,-0.03774355043194031,0.350793650793651,0.6153846153846153,-1.2,1.0,0.0,0.0,0.0,0.0,1.0,0.0,STU-11882,5.03
-0.25474458835919,0.19686530177221429,1.0667806976328347,0.8520085360957086,0.25238095238095243,0.1085972850678732,0.2,0.0,0.0,0.0,1.0,0.0,1.0,0.0,STU-13519,5.16
0.14125546230362335,-0.4512329789346426,1.0667806976328347,2.467611009001177,-0.6809523809523811,0.8597285067873303,1.2,0.0,0.0,0.0,0.0,1.0,1.0,0.0,STU-12717,4.03
-1.4014386126140945,-1.085541934520076,1.0667806976328347,-0.8260326797239802,-0.03174603174603164,0.0,1.2,1.0,0.0,0.0,0.0,0.0,1.0,0.0,STU-11961,3.49
-0.3131119427652742,-0.3960756784489527,0.4739554863212083,0.539814821524604,-0.6904761904761906,0.3054298642533936,1.0,0.0,0.0,0.0,0.0,1.0,1.0,0.0,STU-11648,3.58
1.1110515047431668,-0.46502230405606476,-1.0324207045904966e-15,0.09493877826077925,0.0,0.3212669683257918,1.0,0.0,0.0,0.0,0.0,1.0,1.0,0.0,STU-13821,5.0
-0.17841804798200422,-0.2581824272347273,0.6534013529804874,-0.43579053651009897,-0.9111111111111113,-0.4253393665158371,1.0,0.0,0.0,0.0,0.0,1.0,1.0,0.0,STU-12894,3.5
0.012847282610239982,0.84496358247907,0.6330593114158727,-0.03774355043194031,0.41746031746031764,-0.8393665158371041,1.0,0.0,0.0,1.0,0.0,0.0,0.0,1.0,STU-12140,4.9
-0.9722140679047422,-0.46502230405606476,-1.3466572337118017,-2.496269052679392,-0.02380952380952387,-0.7285067873303168,0.4,0.0,0.0,0.0,0.0,1.0,0.0,1.0,STU-13469,3.35
-0.7450303653702934,-1.4854323630413278,-0.9906715063310452,0.26664532127488677,-1.0333333333333334,-0.6402714932126697,-1.2,0.0,0.0,0.0,1.0,0.0,1.0,0.0,STU-11620,2.61
0.7060718610948026,-0.6856515059988245,0.6417773292292792,-0.2718888363602689,1.0825396825396825,0.984162895927602,0.6,0.0,0.0,1.0,0.0,0.0,1.0,0.0,STU-13942,3.92
0.0,0.03139340031514451,1.0667806976328347,-0.4201808507815441,-0.3444444444444445,-0.834841628959276,-0.6,0.0,0.0,0.0,1.0,0.0,1.0,0.0,STU-12331,4.41
0.1035411717643076,1.7688483656143752,0.6359653173536741,-0.6309116081170396,0.35873015873015873,0.0,-0.6,0.0,0.0,1.0,0.0,0.0,0.0,1.0,STU-10841,4.5
1.0329290457688711,0.5829664051720425,1.0667806976328347,-1.169445765752196,0.0,0.8619909502262443,0.6,0.0,0.0,0.0,1.0,0.0,1.0,0.0,STU-11027,4.28
-0.15776498411523582,-0.2443931021133051,-0.017159517167345362,-0.46700990796720954,0.5349206349206351,1.676470588235294,0.0,0.0,0.0,0.0,0.0,1.0,0.0,1.0,STU-11349,4.12
-1.774989680813031,0.9001208829647599,-0.9143888504637404,0.2900598498677199,-0.26984126984126977,-0.09954751131221728,0.4,1.0,0.0,0.0,0.0,0.0,0.0,1.0,STU-11270,4.28
-0.17392825148922883,0.78980628199338,0.9294719170716857,-0.31871789354593505,0.6,1.0203619909502264,0.4,0.0,0.0,0.0,0.0,1.0,1.0,0.0,STU-12820,4.27
1.3786433757125969,-0.175446476506193,1.0667806976328347,-0.5528631794742637,-0.16507936507936496,-0.31900452488687786,0.4,1.0,0.0,0.0,0.0,0.0,1.0,0.0,STU-12014,4.07
1.3786433757125969,1.4516938878216579,1.0667806976328347,1.0237150791098169,1.3888888888888895,1.187782805429864,-0.4,0.0,0.0,0.0,0.0,1.0,0.0,1.0,STU-12995,6.63
0.1933371016198209,-1.3475391118271023,-0.38258976384595833,-0.23286462203888092,0.4904761904761905,0.8031674208144796,-0.4,0.0,0.0,0.0,1.0,0.0,0.0,1.0,STU-11978,4.1
0.44745958311092343,-0.3822863533275293,-0.5685741438652924,-0.5840825509313742,-0.42063492063492075,0.4751131221719456,0.2,0.0,1.0,0.0,0.0,0.0,0.0,1.0,STU-14297,3.39
-0.11376497848603474,0.3347585529864385,1.0667806976328347,-0.6933503510312606,0.0,1.402714932126697,-0.8,0.0,0.0,0.0,0.0,1.0,1.0,0.0,STU-10417,4.75
0.11431668334696961,0.26581192737932635,-0.4726759479178228,1.3983475365951432,0.04761904761904774,-0.34162895927601805,-1.2,0.0,1.0,0.0,0.0,0.0,0.0,1.0,STU-14629,4.08
-0.332867047333487,0.36233720322928403,0.3388262102134112,-0.966519851280978,0.5920634920634922,0.5656108597285066,0.6,0.0,0.0,0.0,0.0,1.0,0.0,1.0,STU-14545,4.16
0.16819424126027707,-0.3960756784489527,0.537887616952854,-0.19384040771749295,0.2095238095238096,-0.8959276018099548,0.0,0.0,0.0,0.0,0.0,1.0,1.0,0.0,STU-10597,3.74
0.6405208323002776,-1.0993312596414984,-0.3804102593926067,0.11835330685361233,-0.8936507936507938,1.7239819004524888,0.2,0.0,0.0,0.0,0.0,1.0,0.0,1.0,STU-13634,4.52
-0.7333568944890758,0.5829664051720425,0.5705801837531277,-1.38641860024038e-15,0.7698412698412699,-0.3914027149321268,1.2,0.0,0.0,0.0,1.0,0.0,1.0,0.0,STU-12748,4.95
-0.20894866413287905,-0.602915555270289,-1.722258501172722,-0.6465212938455952,-1.7476190476190478,-0.7194570135746606,0.8,1.0,0.0,0.0,0.0,0.0,1.0,0.0,STU-14971,2.52
0.05145953244811004,0.3347585529864385,-0.12104922944376957,1.062739293431204,-0.6206349206349208,0.7556561085972853,-0.4,0.0,0.0,1.0,0.0,0.0,1.0,0.0,STU-12333,2.98
0.7752147270835474,-1.306171136462836,-2.411708409916268,-0.17042587912465987,-1.4523809523809528,0.14932126696832582,-0.6,0.0,1.0,0.0,0.0,0.0,1.0,0.0,STU-13266,2.08
-0.26911193713607184,-0.5201796045417547,0.8633602819866885,-1.0835924942451418,0.6603174603174607,-0.7918552036199095,0.6,0.0,1.0,0.0,0.0,0.0,1.0,0.0,STU-13789,4.31
-0.2520507104635245,-0.3133397277204172,1.0667806976328347,-0.33432757927448997,0.646031746031746,-0.9140271493212669,0.4,0.0,0.0,0.0,0.0,1.0,1.0,0.0,STU-13654,4.07
-0.3768670529626881,0.3761265283507062,1.0667806976328347,-0.24847430776743584,-0.13650793650793644,0.03167420814479631,-0.8,0.0,0.0,0.0,1.0,0.0,0.0,1.0,STU-11879,4.25
1.3786433757125969,0.7760169568719578,0.7275045043944404,-0.12359682193899443,1.185714285714286,0.6470588235294118,-0.8,0.0,0.0,0.0,1.0,0.0,1.0,0.0,STU-12768,5.0
0.24990853742879515,-0.602915555270289,-1.3226826847249344,0.11054846398933486,0.24603174603174618,-0.6289592760180996,0.2,0.0,1.0,0.0,0.0,0.0,1.0,0.0,STU-12815,3.4
1.2206025391668929,1.6033764641573054,0.7209659910343854,3.11541296673622,0.3476190476190476,-0.5882352941176471,-0.4,0.0,0.0,0.0,0.0,1.0,1.0,0.0,STU-11952,6.08
-0.4693568607138669,0.9276995332076042,-0.11451071608371564,0.4305470214247169,0.3904761904761907,-1.0610859728506787,-0.4,0.0,1.0,0.0,0.0,0.0,0.0,1.0,STU-12238,4.4
1.1155413012359423,1.7688483656143752,1.0667806976328347,0.5007906072032161,1.0031746031746032,0.11764705882352931,0.0,0.0,0.0,0.0,1.0,0.0,1.0,0.0,STU-12903,5.7
0.0,-0.8097554320916265,-0.5605826275363366,-0.11579197907471628,-0.46031746031746046,-0.2171945701357466,1.2,0.0,1.0,0.0,0.0,0.0,1.0,0.0,STU-14607,3.37
0.5695820477144214,0.5278091046863526,1.0667806976328347,-0.6543261367098727,0.42539682539682544,-0.5972850678733032,-0.2,0.0,0.0,0.0,0.0,1.0,1.0,0.0,STU-11185,4.94
-0.4020099133222319,0.8035956071148022,1.0667806976328347,0.8832279075528199,0.9825396825396826,0.2760180995475113,-0.6,0.0,0.0,0.0,1.0,0.0,0.0,1.0,STU-14950,4.84
0.03978606156689372,-1.5405896635270178,-1.3662727737919655,-0.6153019223884847,-0.25396825396825395,-0.3687782805429864,0.6,1.0,0.0,0.0,0.0,0.0,1.0,0.0,STU-10591,3.5
-0.9776018236960718,0.7070703312648458,-1.4919575306019062,0.0871339353965018,-1.177777777777778,1.0950226244343892,0.2,0.0,1.0,0.0,0.0,0.0,0.0,1.0,STU-11320,3.52
-0.7504181211616231,-0.602915555270289,0.8132316795596025,0.6334729358959357,-0.6015873015873016,-0.42081447963800905,-0.2,0.0,0.0,0.0,0.0,1.0,1.0,0.0,STU-12319,3.47
-1.5433161817858068,-1.7750081905911996,-0.8664397524900063,-0.7870084654025923,-1.0603174603174605,0.42307692307692313,0.2,0.0,0.0,1.0,0.0,0.0,1.0,0.0,STU-13713,2.58
1.366071945532825,0.12791867616510097,0.07583267284232162,-0.6855455081669832,-0.26825396825396824,-1.1289592760180995,-0.2,0.0,0.0,0.0,0.0,1.0,1.0,0.0,STU-11457,4.2
1.2125209054798978,-0.009974575049123234,0.5698536822686768,0.24323079268205441,0.10634920634920636,-0.38687782805429866,-1.2,0.0,0.0,0.0,1.0,0.0,1.0,0.0,STU-13288,4.63
-0.462173186325426,-0.8097554320916265,-2.0804237330068296,0.0012806638894476737,-0.9857142857142859,0.5904977375565612,-0.8,0.0,0.0,1.0,0.0,0.0,1.0,0.0,STU-12936,2.43
0.8075412618315322,-0.49260095429890915,1.0667806976328347,0.11054846398933486,1.1492063492063493,0.7828054298642534,-0.4,0.0,1.0,0.0,0.0,0.0,0.0,1.0,STU-13037,4.98
-0.17931600728055855,0.34854787810786064,-0.2721615382094792,-1.7938331948944057,0.4650793650793651,-0.32579185520362003,0.6,0.0,0.0,1.0,0.0,0.0,1.0,0.0,STU-12035,4.39
-2.367642817859418,-0.7132301562416689,-1.0324207045904966e-15,2.249075408801404,-0.14603174603174604,-0.45701357466063347,0.8,1.0,0.0,0.0,0.0,0.0,0.0,1.0,STU-11929,3.46
1.3121943876195175,-1.306171136462836,1.0667806976328347,1.351518479409477,0.4523809523809524,-0.504524886877828,-1.2,0.0,0.0,0.0,1.0,0.0,1.0,0.0,STU-14303,3.94
1.1119494640417225,-0.21681445187046075,0.2109619489501188,-0.5606680223385411,0.3793650793650795,1.8619909502262444,0.4,0.0,0.0,0.0,1.0,0.0,1.0,0.0,STU-10844,3.87
0.7267249249615697,0.5140197795649304,-0.8780637762412143,-0.33432757927448997,-0.25555555555555554,-0.9343891402714932,-0.4,0.0,0.0,0.0,0.0,1.0,1.0,0.0,STU-13364,4.38
-0.08233640303660433,-0.2719717523561507,1.0667806976328347,0.24323079268205441,0.8253968253968257,0.10180995475113126,-0.6,0.0,0.0,0.0,1.0,0.0,0.0,1.0,STU-12429,5.21
0.32443915920887106,1.0380141341789841,0.04386660752649879,-1.1460312371593628,0.37460317460317455,-0.6221719457013575,-1.2,0.0,0.0,0.0,1.0,0.0,1.0,0.0,STU-11154,4.23
0.9548065867945741,1.7274803902501075,0.31775766716434556,-0.34213242213876743,0.9920634920634925,-0.8665158371040724,0.2,0.0,0.0,1.0,0.0,0.0,1.0,0.0,STU-12584,4.96
0.728520843558681,0.29339057762217075,1.0050280714545405,-1.434810423137635,0.4793650793650794,-0.3891402714932126,1.0,0.0,0.0,1.0,0.0,0.0,1.0,0.0,STU-14241,4.54
1.3705617420256002,-0.037553225291967585,0.036601592681992944,1.2422506793095898,-0.3333333333333333,0.39366515837104077,-0.2,0.0,0.0,0.0,0.0,1.0,0.0,1.0,STU-13176,4.5
-1.4176018799880876,-1.761218865469776,-1.2783660941734527,-0.9353004798238674,-1.2555555555555558,-0.7828054298642534,-1.2,0.0,0.0,1.0,0.0,0.0,1.0,0.0,STU-14850,1.98
0.48607183294879475,-0.36849702820610714,1.0667806976328347,-1.6377363376088532,0.5158730158730159,-0.08371040723981903,-0.6,0.0,0.0,1.0,0.0,0.0,1.0,0.0,STU-12181,3.51
-0.17392825148922883,-1.513011013284172,0.17536337621204356,-0.5060341222885975,-0.26984126984126977,-0.4253393665158371,0.8,0.0,0.0,1.0,0.0,0.0,1.0,0.0,STU-14471,2.81
1.2583168297062086,1.1896967105146317,1.0667806976328347,-0.6074970795242065,0.37142857142857144,-0.5927601809954751,1.4,0.0,0.0,1.0,0.0,0.0,0.0,1.0,STU-13720,4.81
0.0,-0.5339689296631769,-1.3175971743337804,-0.295303364953102,-0.5904761904761907,0.42986425339366524,0.6,1.0,0.0,0.0,0.0,0.0,1.0,0.0,STU-12344,3.53
-0.08233640303660433,0.5140197795649304,-1.1744763818970274,-0.5762777080670967,-0.20793650793650806,-0.3167420814479639,-0.4,0.0,0.0,0.0,1.0,0.0,0.0,1.0,STU-10522,3.96
0.43399019363259717,0.4450731539578183,0.9309249200405866,-1.7470041377087404,-0.40158730158730155,1.7714932126696832,0.0,0.0,0.0,0.0,0.0,1.0,0.0,1.0,STU-13016,4.29
-0.39841807612801206,-0.06513187553481316,1.0667806976328347,-0.474814750831487,1.4365079365079365,0.6538461538461537,0.4,0.0,0.0,0.0,1.0,0.0,1.0,0.0,STU-11234,4.47
0.3720310020322932,0.48644112932208605,-0.2932300812585438,-1.067982808516587,0.173015873015873,0.23303167420814486,0.8,0.0,0.0,0.0,0.0,1.0,1.0,0.0,STU-10738,4.62
0.7357045179471219,-0.9890166586701185,-0.6884468887996279,-3.1284613246858797,-1.0650793650793653,-0.04524886877828058,0.6,1.0,0.0,0.0,0.0,0.0,1.0,0.0,STU-10374,3.48
1.0095821040064372,0.18307597665079087,1.0667806976328347,-0.5450583366099861,0.7031746031746036,-0.8642533936651584,1.6,0.0,0.0,0.0,1.0,0.0,1.0,0.0,STU-13977,4.01
-1.4014386126140945,0.4450731539578183,-0.09852768342580423,0.1729872069035559,-0.6650793650793652,-0.018099547511312233,-0.8,0.0,0.0,0.0,0.0,1.0,0.0,1.0,STU-13592,4.21
-0.8033977197763763,-2.4644744466623223,-0.8075931322495137,1.3749330080023094,-0.6444444444444445,-0.49095022624434387,-1.0,0.0,0.0,1.0,0.0,0.0,0.0,1.0,STU-10323,2.64
1.3786433757125969,1.0518034593004075,0.5328021065617008,-1.38641860024038e-15,0.4650793650793651,1.3891402714932126,-1.2,1.0,0.0,0.0,0.0,0.0,1.0,0.0,STU-11443,5.86
-2.1709897314758444,-0.9200700330630064,-2.3710243267870386,-0.44359537937437643,0.0,0.0542986425339367,0.0,1.0,0.0,0.0,0.0,0.0,1.0,0.0,STU-10449,2.28
0.0,1.7688483656143752,-1.794182148133324,-0.20945009344604784,-0.7523809523809526,-0.572398190045249,0.6,0.0,0.0,0.0,1.0,0.0,1.0,0.0,STU-14416,3.49
-0.2412751988808638,-1.1269099098843427,1.0667806976328347,-0.396766322188711,-0.8841269841269842,0.18778280542986428,-0.6,0.0,0.0,0.0,0.0,1.0,1.0,0.0,STU-14473,3.52
-0.4226629771890003,0.2520226022579042,-1.0324207045904966e-15,0.2120114212249439,0.0,0.7533936651583709,1.2,0.0,0.0,0.0,0.0,1.0,1.0,0.0,STU-10751,3.83
0.6468065473901629,-2.1611092939910277,0.5858367149265883,1.4529814366450853,0.48253968253968277,-0.7850678733031675,0.0,1.0,0.0,0.0,0.0,0.0,1.0,0.0,STU-11662,3.72
0.3289289557016465,-0.35470770308468497,1.0667806976328347,-1.676760551930241,12.895478421382649,-0.35294117647058815,0.2,0.0,0.0,0.0,1.0,0.0,1.0,0.0,STU-12985,5.15
-1.429275350869304,-1.7336402152269317,-0.013527009745092956,-1.0835924942451418,-0.8222222222222223,-0.03393665158371049,0.2,0.0,0.0,1.0,0.0,0.0,1.0,0.0,STU-11335,2.92
1.3786433757125969,0.48644112932208605,-0.004082490447235458,0.6881068359458785,0.44761904761904775,-0.13574660633484156,0.0,0.0,1.0,0.0,0.0,0.0,1.0,0.0,STU-14330,4.7
-0.7728671036255015,-0.35470770308468497,0.5698536822686768,-0.7323745653526487,0.8857142857142859,-0.36651583710407243,0.0,0.0,0.0,0.0,0.0,1.0,0.0,1.0,STU-12268,4.54
1.3786433757125969,-1.2247380995076246e-15,0.7260515014255396,-0.22505977917460346,-0.3507936507936507,-0.5316742081447964,0.8,0.0,0.0,0.0,0.0,1.0,0.0,1.0,STU-10974,3.7
-0.5555609533751603,0.017604075193722337,-1.8704648040006286,-1.38641860024038e-15,-1.6634920634920638,-0.751131221719457,0.2,1.0,0.0,0.0,0.0,0.0,1.0,0.0,STU-10946,2.93
0.4645208097834707,-0.20302512674903736,1.0667806976328347,1.8588332655875228,0.13650793650793644,-0.2714932126696833,0.4,0.0,0.0,1.0,0.0,0.0,1.0,0.0,STU-11376,4.31
0.05864320683655095,-0.5201796045417547,-0.818490654516272,0.2588404784106093,-0.7285714285714286,0.04524886877828058,0.8,0.0,0.0,0.0,0.0,1.0,1.0,0.0,STU-12377,4.09
0.42950039713982174,0.7760169568719578,-0.3927607846282657,-0.28749852208882454,-0.7301587301587302,-0.3778280542986425,0.6,0.0,0.0,0.0,0.0,1.0,1.0,0.0,STU-14239,3.69
-1.9635611335096084,1.0104354839361398,-2.375383335693742,-0.8416423654525358,-0.4952380952380952,0.5927601809954751,0.0,0.0,0.0,1.0,0.0,0.0,0.0,1.0,STU-13951,2.83
0.829092284996855,0.6519130307791559,-1.1417838150967548,-0.5294486508814306,-0.7761904761904763,0.47285067873303166,0.0,0.0,0.0,0.0,1.0,0.0,0.0,1.0,STU-11808,4.08
0.09186770088309128,0.6243343805363103,-1.0324207045904966e-15,-0.8260326797239802,-1.3031746031746034,-0.11538461538461534,-0.6,0.0,1.0,0.0,0.0,0.0,1.0,0.0,STU-14788,3.8
0.0981534159729766,-0.2443931021133051,0.14557681534957134,-0.03774355043194031,-0.28730158730158745,0.9479638009049774,-0.6,0.0,0.0,0.0,1.0,0.0,1.0,0.0,STU-13893,4.78
1.2089290682856766,-1.1682778852486104,1.0667806976328347,-0.03774355043194031,0.15555555555555564,0.918552036199095,0.6,0.0,0.0,1.0,0.0,0.0,0.0,1.0,STU-12627,3.75
-0.802499760477822,-1.1544885601271881,-0.3281021525121692,0.1573775211750003,0.00793650793650805,-0.34389140271493224,0.0,0.0,0.0,0.0,0.0,1.0,1.0,0.0,STU-10782,2.93
-0.3427445996175934,0.21065462689363645,-1.1570403462702152,0.477376078610383,-0.2396825396825397,-0.5950226244343891,0.4,0.0,0.0,0.0,1.0,0.0,0.0,1.0,STU-13895,3.71
0.3962759030932814,-0.8924913828201607,0.1521153287096263,0.8910327504170973,-0.3539682539682541,0.4638009049773755,-0.4,0.0,0.0,0.0,1.0,0.0,1.0,0.0,STU-10643,3.73
1.3786433757125969,1.7688483656143752,1.0667806976328347,-0.6543261367098727,2.385714285714286,-1.0610859728506787,0.4,0.0,0.0,1.0,0.0,0.0,1.0,0.0,STU-14889,5.82
0.0,-0.2443931021133051,0.3715187770136849,-0.9977392227380878,-0.44603174603174617,-0.40723981900452483,-1.2,0.0,0.0,0.0,0.0,1.0,1.0,0.0,STU-13221,3.6
-0.9641324342177456,-1.2247380995076246e-15,-0.1072457012392098,-0.34993726500304556,0.022222222222222317,-0.06787330316742078,1.2,0.0,0.0,0.0,1.0,0.0,0.0,1.0,STU-13144,3.45
-0.7100099527266431,0.2382332771364808,-0.6681048472350133,-1.3645668373591366,-0.40793650793650804,-0.5701357466063348,0.0,0.0,0.0,1.0,0.0,0.0,1.0,0.0,STU-10584,3.59
0.3558677346583002,-0.5201796045417547,-0.37750425345480415,1.8588332655875228,-0.311111111111111,0.05203619909502252,-0.4,0.0,0.0,1.0,0.0,0.0,1.0,0.0,STU-10557,4.33
-2.1153162549654256,1.217275360757476,0.9025913621470161,-0.1314016648032719,0.2492063492063493,0.020361990950226214,-1.2,0.0,0.0,0.0,0.0,1.0,1.0,0.0,STU-12504,4.66
-0.030254763720406763,0.48644112932208605,0.17826938214984508,-0.6543261367098727,0.6111111111111112,0.4547511312217194,2.2,0.0,0.0,0.0,0.0,1.0,1.0,0.0,STU-14318,4.28
0.2858269093709997,0.6381237056577325,0.420194376471869,-0.5918873937956516,0.4285714285714288,0.3619909502262443,10.2,0.0,1.0,0.0,0.0,0.0,1.0,0.0,STU-10466,4.24
0.8686024941332806,1.3000113114860115,1.0667806976328347,-0.5216438080171532,1.2142857142857146,0.2714932126696833,0.2,0.0,0.0,1.0,0.0,0.0,0.0,1.0,STU-10792,5.09
-0.8833160973477832,1.3551686119717015,-0.8301146782674801,-0.295303364953102,-0.31587301587301597,0.3167420814479639,1.4,0.0,0.0,0.0,1.0,0.0,1.0,0.0,STU-12147,4.39
-1.0718875500443619,-0.8649127325773164,-1.7360620293772817,-0.23286462203888092,-1.1206349206349209,-0.7782805429864253,-0.4,0.0,0.0,0.0,0.0,1.0,1.0,0.0,STU-10953,2.98
0.6683575705554868,-2.1197413186267613,0.7601970711947141,-0.34993726500304556,0.009523809523809604,-0.19230769230769224,0.0,0.0,0.0,0.0,0.0,1.0,1.0,0.0,STU-14376,3.77
0.0,-1.2372245108557225,-0.3607947193124429,-1.107007022837975,-0.19841269841269846,-0.6221719457013575,-0.6,0.0,0.0,1.0,0.0,0.0,0.0,1.0,STU-14913,3.12
-0.28347928591295496,0.9414888583290276,-1.506487560290917,-0.6153019223884847,-0.07777777777777782,1.660633484162896,0.4,0.0,0.0,1.0,0.0,0.0,1.0,0.0,STU-10652,3.52
0.9314596450321402,1.3551686119717015,1.0667806976328347,-0.357742107867323,0.18888888888888883,0.3506787330316742,0.0,0.0,0.0,0.0,1.0,0.0,1.0,0.0,STU-13437,5.12
0.9646841390786806,1.6171657892787277,1.0667806976328347,-0.17042587912465987,0.22063492063492077,0.0,-0.8,0.0,0.0,0.0,1.0,0.0,0.0,1.0,STU-14820,5.83
-0.9398875331567561,-1.2096458606128782,-1.0880227052474154,-0.26408399349599143,-0.7142857142857144,-0.21266968325791866,0.2,0.0,0.0,0.0,1.0,0.0,1.0,0.0,STU-13165,2.85
-0.053601705482840684,0.22444395201505862,-0.13122025022607692,0.46957123574610554,-0.5222222222222221,0.05203619909502252,1.0,0.0,0.0,0.0,1.0,0.0,1.0,0.0,STU-11563,4.63
1.1119494640417225,-1.319960461584258,1.015199092236848,-1.247494194394972,-0.16666666666666652,-0.9660633484162895,1.0,0.0,0.0,1.0,0.0,0.0,1.0,0.0,STU-12646,3.94
-2.0856835981131066,-0.23060377699188292,-2.251878083337153,-1.130421551430808,-0.7698412698412699,-0.7941176470588236,-0.8,0.0,0.0,0.0,0.0,1.0,1.0,0.0,STU-14693,2.59
0.5902351115811899,0.3761265283507062,0.7957956439327893,0.19640173549638829,0.6031746031746034,-0.7579185520361992,-1.0,0.0,0.0,1.0,0.0,0.0,1.0,0.0,STU-12775,4.77
-0.4181731806962249,-0.9200700330630064,0.6265207980558177,1.6168831367949161,0.24444444444444463,-0.49773755656108604,-0.4,0.0,0.0,0.0,1.0,0.0,1.0,0.0,STU-14823,4.58
0.5381534722649923,1.1759073853932094,1.0667806976328347,-1.0133489084666434,-0.11428571428571441,-0.15837104072398195,-1.2,1.0,0.0,0.0,0.0,0.0,0.0,1.0,STU-10337,4.57
0.8605208604462854,1.2862219863645894,1.0667806976328347,0.7583504217243777,0.3333333333333333,0.0,0.6,1.0,0.0,0.0,0.0,0.0,0.0,1.0,STU-10016,5.4
1.2547249925119888,0.7346489815076901,-0.40511130986392474,-0.4279856936458215,-0.9126984126984129,0.0,0.8,1.0,0.0,0.0,0.0,0.0,0.0,1.0,STU-14180,4.4
-1.5397243445915856,-1.568168313769862,-1.8842683322051883,-1.4894443231875787,-0.17777777777777767,0.574660633484163,-0.8,0.0,0.0,1.0,0.0,0.0,1.0,0.0,STU-10280,2.47
0.0,1.1207500849075196,-0.18934036898211956,-0.33432757927448997,-0.2492063492063493,-0.05656108597285068,0.6,1.0,0.0,0.0,0.0,0.0,0.0,1.0,STU-10029,5.46
0.8210106513098597,-1.9404800920482692,1.0667806976328347,1.429566908052253,0.6142857142857145,-0.8891402714932126,0.0,0.0,0.0,1.0,0.0,0.0,1.0,0.0,STU-12737,4.34
0.3010922174464371,-0.5891262301488668,0.370792275529234,0.26664532127488677,0.5269841269841271,0.8393665158371041,-0.6,0.0,0.0,0.0,0.0,1.0,1.0,0.0,STU-11486,3.56
-0.3149078613623841,-0.28576107747757284,-0.6092582269945207,-1.130421551430808,-0.14920634920634915,0.22624434389140272,-1.0,0.0,0.0,0.0,0.0,1.0,0.0,1.0,STU-12691,3.06
0.5471330652505432,1.0380141341789841,-0.35643571040573957,-0.4514002222386546,-0.028571428571428532,1.2217194570135745,0.2,0.0,0.0,1.0,0.0,0.0,1.0,0.0,STU-13281,3.38
0.8847657615072736,0.2520226022579042,0.43327140319197893,-1.8640767806729044,-0.6,0.21945701357466058,0.8,0.0,0.0,0.0,0.0,1.0,1.0,0.0,STU-10026,3.79
-0.9946630503686205,0.8173849322362243,0.4260063883474741,-0.3811566364601561,0.13015873015873022,1.1990950226244343,0.2,0.0,0.0,1.0,0.0,0.0,1.0,0.0,STU-13423,3.96
0.7581535004110002,0.9414888583290276,1.0667806976328347,0.516400292931771,1.0031746031746032,0.5226244343891402,-0.6,0.0,0.0,0.0,1.0,0.0,1.0,0.0,STU-13363,5.07
1.0697453770096312,-0.05134255041339098,1.0667806976328347,1.7027364083019696,-0.17777777777777767,0.0,0.2,1.0,0.0,0.0,0.0,0.0,1.0,0.0,STU-11962,4.37
1.3786433757125969,0.11412935104367879,-0.5075480191714482,1.0939586648883153,-0.573015873015873,0.29864253393665163,0.8,0.0,0.0,1.0,0.0,0.0,1.0,0.0,STU-12008,3.87
1.1999494753001259,1.3689579370931235,1.0667806976328347,-1.38641860024038e-15,1.4031746031746037,-0.8099547511312217,-0.8,0.0,0.0,0.0,1.0,0.0,0.0,1.0,STU-10501,7.0
-0.9542548819336393,-0.12028917602050308,0.22767148309248111,0.18079204976783336,-0.4984126984126986,-0.13122171945701358,-0.4,0.0,0.0,0.0,0.0,1.0,0.0,1.0,STU-14935,3.01
1.0499902724414185,0.7484383066291123,-0.892593805930225,0.20420657836066575,0.5412698412698413,0.5610859728506786,-0.4,0.0,0.0,1.0,0.0,0.0,1.0,0.0,STU-13682,5.06
0.036194224372672626,-1.1269099098843427,0.75438505931911,1.4607862795093642,-0.37460317460317455,-0.7285067873303168,0.0,1.0,0.0,0.0,0.0,0.0,1.0,0.0,STU-13145,4.86
-1.1697651135868703,-2.2714238949624077,-0.4007523009572214,-0.295303364953102,-0.11111111111111102,0.20135746606334834,-0.4,0.0,0.0,1.0,0.0,0.0,1.0,0.0,STU-11654,3.57
0.9350514822263613,-0.037553225291967585,1.0667806976328347,0.3915228071033289,0.1968253968253969,0.24660633484162894,0.4,0.0,0.0,0.0,1.0,0.0,0.0,1.0,STU-11276,4.51
0.6108881754479583,1.7688483656143752,0.3947668245161011,-0.23286462203888092,0.4650793650793651,2.7624434389140275,-1.2,1.0,0.0,0.0,0.0,0.0,0.0,1.0,STU-10186,5.32
-1.4211937171823086,0.2382332771364808,0.44998093733434125,-0.474814750831487,-0.45396825396825397,-0.6040723981900452,-0.6,0.0,0.0,1.0,0.0,0.0,0.0,1.0,STU-14956,3.41
-1.2595610434423836,0.43128382883639615,-1.0324207045904966e-15,-0.33432757927448997,-0.40476190476190466,-0.42760180995475117,0.0,0.0,0.0,0.0,1.0,0.0,0.0,1.0,STU-10905,4.63
-1.8405407096075548,-0.9752273335486963,-2.671795941349555,0.4071324928318845,-1.5444444444444447,0.2828054298642534,-0.4,0.0,0.0,0.0,1.0,0.0,1.0,0.0,STU-10647,2.88
1.1047657896532814,1.5482191636716156,0.02933657783748813,2.077368865787296,1.1650793650793656,-0.22398190045248875,0.0,0.0,0.0,0.0,1.0,0.0,0.0,1.0,STU-13405,5.63
-0.8330303766286955,0.07276137567941103,-1.0604156488382959,0.7739601074529326,-0.484126984126984,0.6855203619909503,-1.2,0.0,1.0,0.0,0.0,0.0,1.0,0.0,STU-13783,4.13
0.9736637320642313,1.7688483656143752,-1.0324207045904966e-15,0.8051794789100425,1.2650793650793655,0.6018099547511311,0.2,0.0,0.0,0.0,0.0,1.0,1.0,0.0,STU-11582,5.84
0.04158198016400363,-1.38890708719137,-0.4363508736952967,-1.5284685375089666,-1.0190476190476192,0.5791855203619909,1.4,1.0,0.0,0.0,0.0,0.0,1.0,0.0,STU-13954,3.58
0.8533371860578445,1.3000113114860115,0.22912448606138186,-0.43579053651009897,0.44444444444444464,-0.6719457013574661,0.2,0.0,0.0,0.0,0.0,1.0,0.0,1.0,STU-13137,5.12
0.06313300332932636,0.5829664051720425,0.27997958997291866,-0.4514002222386546,7.424410957221119,2.7624434389140275,0.2,0.0,0.0,0.0,1.0,0.0,1.0,0.0,STU-10042,4.19
0.15921464827472626,-0.13407850114192527,-0.7262249659910559,1.0237150791098169,0.604761904761905,9.288515809165075,-1.2,0.0,0.0,0.0,0.0,1.0,0.0,1.0,STU-10911,4.87
0.4348881529311515,1.148328735150364,0.9854125313743758,0.8207891646385987,1.1523809523809525,-0.5972850678733032,0.4,0.0,0.0,1.0,0.0,0.0,1.0,0.0,STU-12440,5.66
0.09725545667442229,-0.28576107747757284,-0.2997685946185987,-0.49822927942432005,0.6777777777777781,0.48642533936651594,0.0,0.0,1.0,0.0,0.0,0.0,1.0,0.0,STU-10499,3.55
-0.07156089145394359,-0.49260095429890915,1.0667806976328347,0.20420657836066575,0.18253968253968264,-0.8710407239819005,-0.4,1.0,0.0,0.0,0.0,0.0,1.0,0.0,STU-14304,5.27
-1.5145814842320418,1.3689579370931235,-0.1668188229641532,0.30566953559627547,-0.06031746031746017,-0.28506787330316735,-0.4,0.0,0.0,0.0,1.0,0.0,1.0,0.0,STU-11248,3.95
-0.01588741494352494,-0.4512329789346426,-0.015706514198444606,0.5710341929817145,-0.8555555555555556,-0.49773755656108604,1.0,1.0,0.0,0.0,0.0,0.0,1.0,0.0,STU-11618,4.16
0.9961127145281097,-1.1820672103700325,-0.5881896839454561,-0.20945009344604784,0.0,0.03846153846153844,0.2,0.0,0.0,0.0,0.0,1.0,1.0,0.0,STU-14794,4.2
0.504928978218452,-1.4716430379199044,-1.1061852423586784,0.2120114212249439,0.5158730158730159,0.2601809954751132,0.6,0.0,0.0,0.0,0.0,1.0,1.0,0.0,STU-10211,2.8
-1.4759692343941717,-0.009974575049123234,-0.6986179095819353,-0.8572520511810907,-0.45079365079365086,-0.16742081447963805,0.0,0.0,0.0,0.0,1.0,0.0,1.0,0.0,STU-12464,3.51
0.6063983789551829,-0.46502230405606476,1.0667806976328347,-0.12359682193899443,0.44761904761904775,-0.25113122171945707,1.8,0.0,0.0,0.0,1.0,0.0,1.0,0.0,STU-10167,5.31
-0.6408670867378969,1.7688483656143752,-2.443674475232091,1.008105393381262,-0.8253968253968256,-0.5497737556561086,-1.2,0.0,0.0,1.0,0.0,0.0,1.0,0.0,STU-11861,4.23
0.6189698091349548,-1.2247380995076246e-15,1.0667806976328347,0.8910327504170973,0.9142857142857144,0.22398190045248875,-1.0,0.0,1.0,0.0,0.0,0.0,1.0,0.0,STU-13252,4.9
-0.4944997210734107,-0.09271052577765751,-1.815250691182389,0.18079204976783336,-1.6031746031746035,1.1266968325791855,-0.2,0.0,0.0,1.0,0.0,0.0,1.0,0.0,STU-10250,3.97
0.0,-1.0303846340343863,-1.6517878571810214,0.13396299258216723,-0.3333333333333333,0.2171945701357466,0.0,0.0,0.0,0.0,1.0,0.0,1.0,0.0,STU-12146,2.79
-1.757030494841928,-1.2247380995076246e-15,-0.03750155873196008,-0.5450583366099861,-1.053968253968254,-0.5565610859728507,8.2,0.0,0.0,0.0,1.0,0.0,1.0,0.0,STU-10438,2.99
0.5237861234881105,-1.2247380995076246e-15,1.0667806976328347,0.43835186428899503,0.8460317460317461,0.1199095022624435,-0.2,0.0,0.0,0.0,1.0,0.0,1.0,0.0,STU-11434,4.65
-0.4639691049225359,-0.05134255041339098,0.0024560229128184614,-0.09237745048188391,-0.028571428571428532,-0.8710407239819005,-1.0,0.0,0.0,1.0,0.0,0.0,1.0,0.0,STU-10881,4.16
-0.5744180986448176,-0.46502230405606476,-0.08617715819014522,-0.7713987796740374,-0.5952380952380953,1.350678733031674,0.0,0.0,0.0,0.0,1.0,0.0,0.0,1.0,STU-13358,3.21
-0.8554793590925739,-0.23060377699188292,1.0667806976328347,0.36810827851049654,0.3476190476190476,0.10633484162895922,0.8,0.0,1.0,0.0,0.0,0.0,0.0,1.0,STU-11442,4.47
1.1236229349229387,0.9001208829647599,0.38459580373379376,-1.7704186663015729,0.07619047619047627,-0.18778280542986428,-0.6,0.0,0.0,0.0,1.0,0.0,1.0,0.0,STU-11298,4.49
-0.25025479186641464,-0.40986500357037486,-2.8352587753509226,-1.6065169661517427,-0.9396825396825398,-0.11764705882352952,0.2,0.0,0.0,1.0,0.0,0.0,1.0,0.0,STU-13359,3.01
0.3540718160611903,-0.8511234074558942,-0.4385303781486483,1.070544136295483,0.288888888888889,0.2285067873303167,1.0,0.0,0.0,0.0,1.0,0.0,1.0,0.0,STU-12053,4.51
-0.30772418697394316,-0.5063902794203325,0.5219045842949426,1.5778589224735275,0.3603174603174603,1.257918552036199,0.6,0.0,0.0,1.0,0.0,0.0,1.0,0.0,STU-12179,4.71
-1.567561082846795,-1.1820672103700325,-3.169449458198163,1.3359087936809222,-0.8666666666666668,0.8144796380090499,0.2,0.0,0.0,0.0,1.0,0.0,1.0,0.0,STU-11673,2.57
-1.6160508849687714,-1.0028059837915406,0.019892058539631666,0.6803019930816011,-0.4714285714285716,0.6855203619909503,0.8,0.0,0.0,0.0,0.0,1.0,1.0,0.0,STU-13612,3.71
-0.6866630109642092,0.2382332771364808,1.0667806976328347,0.46957123574610554,1.1793650793650798,-0.3914027149321268,0.4,0.0,0.0,0.0,1.0,0.0,1.0,0.0,STU-12593,5.22
-0.33376500663204134,0.5140197795649304,0.11942276190935257,0.29786469273199734,0.1634920634920634,-0.7104072398190046,-0.6,0.0,0.0,1.0,0.0,0.0,1.0,0.0,STU-11884,3.95
0.7635412562023312,-0.8373340823344708,-0.557676621598534,0.7661552645886552,-1.2031746031746033,-0.8009049773755657,0.0,0.0,0.0,0.0,0.0,1.0,1.0,0.0,STU-13867,2.98
-1.6600508905979738,-0.9890166586701185,-1.5253765988866308,1.429566908052253,-0.980952380952381,-0.06561085972850679,0.4,0.0,0.0,1.0,0.0,0.0,1.0,0.0,STU-12058,2.51
-2.4529489512221563,-0.02376390017054541,1.0667806976328347,-0.24847430776743584,0.20476190476190495,-0.09276018099547514,-0.8,0.0,0.0,0.0,0.0,1.0,1.0,0.0,STU-14346,4.36
0.24901057813023958,1.2310646858788994,0.7798126112748779,-0.44359537937437643,0.9301587301587305,-0.28506787330316735,-0.6,0.0,0.0,0.0,1.0,0.0,0.0,1.0,STU-14945,4.55
1.025745371380429,-0.07892120065623533,0.04531961049539955,-0.05335323616049523,-0.6142857142857142,0.5995475113122171,0.2,0.0,0.0,1.0,0.0,0.0,0.0,1.0,STU-11277,5.1
-0.5546629940766048,-0.602915555270289,-1.0324207045904966e-15,-0.006524178974829784,0.12380952380952373,0.015837104072398255,-1.2,0.0,1.0,0.0,0.0,0.0,1.0,0.0,STU-11226,3.51
0.1071330089585287,1.5482191636716156,-0.10579269827030904,-0.8650568940453682,0.22063492063492077,-0.5452488687782806,0.2,0.0,0.0,0.0,0.0,1.0,0.0,1.0,STU-12438,4.46
0.961990261183015,-0.36849702820610714,1.0667806976328347,0.4305470214247169,0.3365079365079367,0.5814479638009048,-0.2,1.0,0.0,0.0,0.0,0.0,1.0,0.0,STU-11291,4.52
-0.47564257580375346,0.596755730293466,-0.2845120634451372,-1.6221266518802984,-0.06666666666666667,7.104270169345657,-0.8,0.0,0.0,0.0,1.0,0.0,1.0,0.0,STU-13143,2.37
1.3786433757125969,-2.50584242202659,0.3904078156093978,0.9768860219241507,0.022222222222222317,-1.0339366515837105,-0.6,0.0,0.0,0.0,0.0,1.0,1.0,0.0,STU-14153,3.6
-0.8985814054232206,0.8863315578433377,-1.3422982248050983,1.7495654654876358,-0.26349206349206356,0.04072398190045243,1.0,0.0,0.0,0.0,0.0,1.0,0.0,1.0,STU-12990,3.94
-0.08323436233515992,-0.05134255041339098,0.46378446553890096,-0.029938707567662853,0.6285714285714288,0.058823529411764656,0.0,0.0,0.0,0.0,0.0,1.0,1.0,0.0,STU-11806,4.43
1.3786433757125969,1.5068511883073479,1.0667806976328347,-0.40457116505298846,0.13174603174603178,0.7036199095022625,-0.4,1.0,0.0,0.0,0.0,0.0,0.0,1.0,STU-11091,4.67
0.8075412618315322,0.6105450554148881,1.0667806976328347,-0.9040811083667569,0.9888888888888888,-0.25565610859728505,2.6,1.0,0.0,0.0,0.0,0.0,1.0,0.0,STU-11758,5.34
1.2816637714686425,1.0655927844218296,1.0667806976328347,-0.10798713621043882,0.0,-0.1628959276018099,-0.2,0.0,0.0,0.0,1.0,0.0,1.0,0.0,STU-11709,5.62
-1.5020100540522698,-0.5615475799060224,-0.6724638561417166,-0.24847430776743584,-0.39523809523809533,-0.16968325791855204,-0.4,0.0,0.0,0.0,0.0,1.0,1.0,0.0,STU-12550,3.89
-0.527724215119951,1.3000113114860115,-0.9005853222591808,-1.1772506086164733,0.5412698412698413,0.0,0.0,0.0,0.0,0.0,0.0,1.0,0.0,1.0,STU-13874,4.39
1.3786433757125969,0.7070703312648458,1.0667806976328347,0.2276211069534988,0.4714285714285716,-0.755656108597285,-0.6,0.0,0.0,0.0,0.0,1.0,0.0,1.0,STU-11703,5.37
0.47350040276902283,1.7688483656143752,1.0667806976328347,-0.20945009344604784,0.6761904761904762,-0.5769230769230769,-0.2,0.0,0.0,0.0,0.0,1.0,0.0,1.0,STU-14366,4.91
0.9000310695827111,-0.23060377699188292,1.0667806976328347,-1.4816394803233006,1.288888888888889,0.0,-1.0,0.0,0.0,0.0,0.0,1.0,1.0,0.0,STU-14188,4.84
0.4618269318878065,0.7760169568719578,-0.03386905130970767,1.164202250666814,0.24761904761904774,0.5361990950226244,0.4,0.0,0.0,1.0,0.0,0.0,0.0,1.0,STU-13411,4.61
0.2894187465652208,0.47265180420066266,0.28506510036407184,-0.5762777080670967,0.7507936507936507,0.8144796380090499,1.2,0.0,0.0,0.0,0.0,1.0,0.0,1.0,STU-14251,4.65
0.175377915648718,0.8035956071148022,0.6025462490689506,-0.40457116505298846,0.29365079365079366,-0.5316742081447964,0.0,0.0,0.0,1.0,0.0,0.0,0.0,1.0,STU-11163,5.33
-0.6534385169176689,-1.4026964123127923,-0.7138744407553969,-1.0289585941951982,-0.6952380952380953,-0.751131221719457,1.6,0.0,0.0,0.0,0.0,1.0,0.0,1.0,STU-11733,3.39
0.5058269375170076,0.2796012525007486,1.0667806976328347,-0.03774355043194031,0.4873015873015874,-0.23303167420814486,-0.2,0.0,0.0,0.0,1.0,0.0,1.0,0.0,STU-14174,4.39
-0.332867047333487,-0.16165715138477083,-1.0691336666517024,-0.07676776475332829,-0.1809523809523811,-0.6787330316742082,0.2,0.0,0.0,0.0,0.0,1.0,0.0,1.0,STU-11232,3.68
-1.4184998392866432,0.5278091046863526,-0.3121191198542577,-1.130421551430808,0.31269841269841286,0.3891402714932126,-0.8,0.0,0.0,0.0,1.0,0.0,1.0,0.0,STU-13873,3.76
0.12688811352674154,-2.4368957964194773,-0.6157967403545757,-0.03774355043194031,-0.7460317460317462,0.0,-1.0,0.0,0.0,1.0,0.0,0.0,1.0,0.0,STU-13276,3.07
1.3786433757125969,-1.2247380995076246e-15,-0.2721615382094792,0.9222521218742071,0.0,0.4932126696832579,-0.2,0.0,0.0,0.0,1.0,0.0,1.0,0.0,STU-10214,5.56
0.29929629884932724,-1.085541934520076,-0.23583646398695307,-1.5440782232375216,-0.9301587301587302,-0.7171945701357466,-0.8,0.0,1.0,0.0,0.0,0.0,1.0,0.0,STU-11256,2.89
1.2403576437351058,0.8173849322362243,1.0667806976328347,0.07152424966794618,-0.17936507936507923,0.4819004524886878,-0.4,0.0,0.0,0.0,0.0,1.0,1.0,0.0,STU-11018,5.33
-1.7857651923956916,-1.9404800920482692,-1.4025978480144916,-0.5060341222885975,-1.4507936507936512,-0.1199095022624435,-0.4,0.0,0.0,0.0,1.0,0.0,0.0,1.0,STU-12845,2.08
-2.4583367070134865,0.21065462689363645,0.18698739996325167,-0.1626210362603824,-1.0111111111111113,0.42307692307692313,-1.2,1.0,0.0,0.0,0.0,0.0,0.0,1.0,STU-13578,3.78
0.35137793816552476,0.2382332771364808,-1.4912310291174553,1.7027364083019696,-0.5793650793650795,0.4638009049773755,-1.2,1.0,0.0,0.0,0.0,0.0,1.0,0.0,STU-10375,3.76
0.0,1.0104354839361398,1.0667806976328347,-0.17042587912465987,1.2047619047619051,-0.24434389140271495,-1.2,0.0,0.0,0.0,0.0,1.0,1.0,0.0,STU-14830,4.88
1.3786433757125969,0.22444395201505862,1.0667806976328347,1.0939586648883153,1.1253968253968258,-0.3800904977375565,0.4,0.0,0.0,0.0,0.0,1.0,1.0,0.0,STU-11757,5.93
0.37741875782362294,0.0038147500722989394,1.0667806976328347,1.4998104938307515,0.44285714285714306,-0.7601809954751131,-0.8,0.0,0.0,1.0,0.0,0.0,0.0,1.0,STU-10294,4.82
1.3786433757125969,-0.9200700330630064,-0.12177573092822046,-0.9899343798738103,0.19206349206349224,-0.8778280542986425,0.0,1.0,0.0,0.0,0.0,0.0,1.0,0.0,STU-13473,3.82
0.22835751426347115,-0.5615475799060224,-0.5758391587097972,-0.295303364953102,-1.2000000000000002,2.280542986425339,-0.6,0.0,0.0,1.0,0.0,0.0,1.0,0.0,STU-11608,3.28
-0.5268262558213954,0.7760169568719578,0.2225859727013269,2.990535480907778,0.9269841269841274,-0.38687782805429866,1.2,1.0,0.0,0.0,0.0,0.0,1.0,0.0,STU-14648,4.9
0.5040310189198977,1.575797813914461,0.6672048811850472,-0.061158079024773375,-0.0031746031746031074,0.0,0.2,0.0,0.0,0.0,0.0,1.0,1.0,0.0,STU-13552,5.8
-0.8276426208373645,0.08655070080083443,-0.267076027818325,2.389562580358401,0.42539682539682544,1.32579185520362,0.0,0.0,0.0,1.0,0.0,0.0,1.0,0.0,STU-12705,3.22
-0.36249970418580624,-0.547758254784599,-1.1170827646254367,1.2968845793595334,-0.9920634920634922,0.8099547511312215,0.0,0.0,0.0,1.0,0.0,0.0,1.0,0.0,STU-11840,3.7
0.9736637320642313,-0.34091837796326274,1.0667806976328347,0.1417678354464454,0.8238095238095239,-1.1425339366515836,0.0,0.0,0.0,0.0,1.0,0.0,1.0,0.0,STU-12203,5.97
-1.5172753621277073,0.9139102080861821,-1.0324207045904966e-15,-1.3567619944948592,-0.5396825396825399,1.088235294117647,0.8,0.0,0.0,0.0,0.0,1.0,1.0,0.0,STU-11322,3.06
-0.11556089708314465,1.4241152375788135,0.884428825035753,-1.38641860024038e-15,1.234920634920635,2.64027149321267,0.2,0.0,0.0,0.0,1.0,0.0,0.0,1.0,STU-12744,5.05
-1.1078059219865664,0.9966461588147175,-0.5852836780076536,-1.0913973371094194,-0.788888888888889,0.7420814479638009,9.2,0.0,0.0,1.0,0.0,0.0,0.0,1.0,STU-14210,3.88
-0.20176498974443688,-0.7545981316059366,0.01843905557072988,0.8207891646385987,-0.39523809523809533,0.10633484162895922,0.0,0.0,1.0,0.0,0.0,0.0,1.0,0.0,STU-12432,3.82
0.6791330821381476,1.1207500849075196,-0.4305388618196926,1.1407877220739815,-0.39841269841269844,-0.8823529411764707,-0.6,0.0,0.0,0.0,1.0,0.0,1.0,0.0,STU-14085,3.9
-0.11915273427736575,-1.6509042644983976,1.0667806976328347,0.375913121374774,0.6142857142857145,0.25565610859728505,0.4,1.0,0.0,0.0,0.0,0.0,1.0,0.0,STU-12270,4.12
-1.6654386463893047,-0.8097554320916265,-0.8257556693607768,0.3837179642390514,-1.5825396825396827,-0.7285067873303168,-1.2,0.0,0.0,0.0,1.0,0.0,1.0,0.0,STU-10516,3.24
-0.7917242488951599,-0.12028917602050308,-0.6855408828618265,0.24323079268205441,-0.43492063492063504,-0.06334841628959281,-0.6,1.0,0.0,0.0,0.0,0.0,1.0,0.0,STU-10202,4.56
-0.513356866343068,-0.5615475799060224,-1.3989653405922393,-1.0367634370594765,-0.942857142857143,1.1787330316742082,1.0,1.0,0.0,0.0,0.0,0.0,0.0,1.0,STU-13298,3.6
-0.7396426095789624,-2.56099972251228,-1.2485795333109815,0.04810972107511381,-1.1269841269841272,1.5067873303167418,-0.8,0.0,0.0,0.0,0.0,1.0,1.0,0.0,STU-11409,2.91
1.3786433757125969,0.6243343805363103,1.0667806976328347,-0.5528631794742637,1.2142857142857146,0.0,-0.4,0.0,0.0,0.0,0.0,1.0,1.0,0.0,STU-13391,5.15
-1.3834794266429928,-0.49260095429890915,-0.5140865325315032,0.21981626408922136,-0.2396825396825397,-0.5226244343891403,0.2,0.0,0.0,0.0,1.0,0.0,0.0,1.0,STU-13436,4.75
-0.08233640303660433,1.7688483656143752,-0.8446447079564907,-0.44359537937437643,-0.9793650793650795,-0.42081447963800905,0.8,0.0,0.0,0.0,0.0,1.0,1.0,0.0,STU-11594,4.06
1.3786433757125969,-1.9404800920482692,0.8560952671421826,0.39932764996760634,-0.1047619047619048,-0.6809954751131222,0.2,0.0,1.0,0.0,0.0,0.0,1.0,0.0,STU-14418,3.77
-1.4822549494840571,-0.7821767818487809,0.2894241092707751,0.5007906072032161,-0.0523809523809524,-0.12217194570135748,1.0,0.0,0.0,0.0,1.0,0.0,0.0,1.0,STU-12183,3.82
0.4672146876791362,-1.7060615649840862,-0.44143638408645086,-0.9118859512310343,-0.17777777777777767,-0.1085972850678734,0.2,0.0,0.0,1.0,0.0,0.0,0.0,1.0,STU-10055,4.39
0.5677861291173115,1.6447444395215731,1.0667806976328347,-1.8796864664014599,0.6968253968253968,-0.11764705882352952,0.0,0.0,1.0,0.0,0.0,0.0,1.0,0.0,STU-12853,4.49
1.3786433757125969,1.7688483656143752,1.0667806976328347,-1.5831024375589096,-0.06984126984126977,-0.7104072398190046,-0.2,0.0,0.0,0.0,1.0,0.0,0.0,1.0,STU-13124,5.13
-1.5846223095193424,-0.2719717523561507,-1.0502446280559885,0.9846908647884282,-1.46984126984127,-0.8800904977375567,0.0,1.0,0.0,0.0,0.0,0.0,1.0,0.0,STU-10890,3.07
1.0410106794558662,-0.14786782626334743,-0.1072457012392098,-0.15481619339610495,0.0,-0.25565610859728505,1.4,0.0,0.0,0.0,0.0,1.0,1.0,0.0,STU-10654,4.66
-0.16045886201090132,-0.5063902794203325,-0.7552850253690762,2.046149494330186,-0.37142857142857144,2.135746606334842,-0.6,0.0,0.0,1.0,0.0,0.0,1.0,0.0,STU-11920,3.63
-0.9425814110524217,-2.4644744466623223,-0.46686393604221876,0.539814821524604,-0.6206349206349208,-0.42986425339366513,0.2,0.0,0.0,1.0,0.0,0.0,1.0,0.0,STU-10705,2.65
-0.8060915976720417,0.0038147500722989394,-0.38186326236150747,0.3915228071033289,0.30952380952380976,1.156108597285068,0.2,0.0,0.0,0.0,0.0,1.0,1.0,0.0,STU-13556,3.62
-1.3529488104921181,0.36233720322928403,0.11143124558039687,-0.6074970795242065,-0.37142857142857144,-1.1131221719457014,-0.6,0.0,0.0,1.0,0.0,0.0,0.0,1.0,STU-11207,3.09
0.6387249137031676,0.78980628199338,0.03732809416644384,0.20420657836066575,0.0920634920634921,-0.7420814479638009,0.8,0.0,0.0,0.0,1.0,0.0,0.0,1.0,STU-11046,4.62
-0.15686702481668022,0.12791867616510097,-0.32374314360546586,1.1563974078025365,-0.45079365079365086,0.6764705882352939,0.6,0.0,0.0,0.0,0.0,1.0,1.0,0.0,STU-12530,4.59
0.4510514203051445,1.5068511883073479,0.6294268039936203,-0.5528631794742637,-0.12063492063492062,-0.41855203619909503,-0.2,0.0,0.0,0.0,1.0,0.0,1.0,0.0,STU-13980,5.15
-2.0048672612431444,-1.1544885601271881,-1.9997820682328218,-1.5362733803732442,0.0,0.9954751131221719,-0.6,0.0,1.0,0.0,0.0,0.0,1.0,0.0,STU-14742,2.83
0.11970443913830062,-0.9752273335486963,-0.14066476952393442,-0.3031082078173794,-0.057142857142857065,0.24208144796380096,0.2,0.0,0.0,0.0,1.0,0.0,1.0,0.0,STU-12161,3.46
1.2071331496885667,0.9414888583290276,1.0667806976328347,0.9222521218742071,0.3111111111111113,-0.09276018099547514,-1.2,0.0,0.0,0.0,1.0,0.0,0.0,1.0,STU-10711,4.61
1.376847457115487,1.5482191636716156,1.0667806976328347,0.9378618076027634,1.244444444444445,0.2488687782805429,0.4,0.0,0.0,1.0,0.0,0.0,1.0,0.0,STU-11644,5.57
1.3786433757125969,1.7688483656143752,1.0667806976328347,-2.098222066601233,1.1333333333333333,0.3506787330316742,-0.4,0.0,0.0,0.0,1.0,0.0,0.0,1.0,STU-14992,5.09
0.912602499762483,0.596755730293466,1.0667806976328347,-0.03774355043194031,0.6428571428571428,0.8280542986425338,1.0,0.0,0.0,1.0,0.0,0.0,1.0,0.0,STU-10697,4.38
0.8138269769214176,0.48644112932208605,0.8444712433909745,-0.8260326797239802,0.17936507936507953,1.2013574660633484,-1.0,0.0,0.0,0.0,0.0,1.0,0.0,1.0,STU-13120,4.41
0.0,1.7688483656143752,1.0667806976328347,0.7739601074529326,1.7952380952380955,0.0,-0.2,0.0,0.0,0.0,1.0,0.0,1.0,0.0,STU-14114,4.76
0.5615004140274262,0.7070703312648458,0.04531961049539955,0.7895697931814876,0.46031746031746046,-0.4457013574660634,0.4,0.0,0.0,0.0,1.0,0.0,0.0,1.0,STU-12472,4.9
-2.020132569318582,-1.319960461584258,-0.43707737517974754,0.5632293501174371,-1.1365079365079367,-0.1628959276018099,-0.2,0.0,0.0,0.0,0.0,1.0,0.0,1.0,STU-11008,2.96
-0.6687038249931063,-0.9476486833058507,-0.27797355008508323,1.6090782939306387,0.30000000000000016,0.28506787330316735,1.2,0.0,0.0,1.0,0.0,0.0,1.0,0.0,STU-10874,3.77
-1.1248671486591137,-1.747429540348354,-1.67794191062124,-0.9196907940953117,-1.5285714285714287,-0.4660633484162896,-1.2,1.0,0.0,0.0,0.0,0.0,1.0,0.0,STU-13639,2.56
-0.6130303484826889,1.0242248090575619,-1.376443794574273,0.45396155001754995,0.18730158730158727,-0.34162895927601805,0.0,0.0,0.0,0.0,0.0,1.0,0.0,1.0,STU-10112,3.98
-0.3140099020638285,0.1003400259222566,1.0667806976328347,0.3915228071033289,0.4809523809523809,-0.7036199095022624,-0.8,0.0,0.0,0.0,0.0,1.0,1.0,0.0,STU-14615,4.51
1.0248474120818747,1.6171657892787277,1.0442591516148683,-0.15481619339610495,0.26031746031746045,0.7352941176470587,-0.4,0.0,1.0,0.0,0.0,0.0,0.0,1.0,STU-11145,5.48
0.39986774028750127,1.6585337646429954,0.7049829583764741,0.1729872069035559,0.40476190476190493,-0.8891402714932126,0.6,0.0,0.0,0.0,0.0,1.0,1.0,0.0,STU-11721,5.12
1.3202760213065126,-0.5339689296631769,-0.5031890102647448,-0.23286462203888092,-0.19523809523809535,0.0,-0.4,0.0,1.0,0.0,0.0,0.0,1.0,0.0,STU-14033,4.79
-0.25833642555341113,-0.037553225291967585,-1.4214868866102055,0.0012806638894476737,-0.22380952380952387,-0.085972850678733,1.6,1.0,0.0,0.0,0.0,0.0,0.0,1.0,STU-12898,3.4
-1.0530304047747034,1.148328735150364,-1.0324207045904966e-15,-0.4592050651029321,-0.3904761904761904,2.1334841628959276,-1.2,0.0,1.0,0.0,0.0,0.0,1.0,0.0,STU-14037,3.52
1.3786433757125969,1.1759073853932094,1.0667806976328347,-1.1538360800236405,0.8095238095238096,0.26923076923076933,-1.2,0.0,0.0,0.0,1.0,0.0,1.0,0.0,STU-12929,4.77
-1.2847039038019274,-2.5196317471480123,-2.5017945939881328,-0.31091305068165687,-1.7476190476190478,-0.018099547511312233,0.8,0.0,0.0,0.0,0.0,1.0,1.0,0.0,STU-12920,1.29
-1.1850304216623078,-0.727019481363091,0.779086109790428,0.516400292931771,0.657142857142857,-1.0746606334841629,-0.6,0.0,1.0,0.0,0.0,0.0,1.0,0.0,STU-11286,3.29
0.3962759030932814,0.22444395201505862,1.0667806976328347,-0.20945009344604784,0.07777777777777782,0.08371040723981903,0.4,0.0,0.0,0.0,1.0,0.0,1.0,0.0,STU-12293,4.36
-0.841112010315692,-2.0783733432624936,0.7224189940032872,1.3905426937308643,0.12222222222222218,-0.66289592760181,-1.2,0.0,0.0,0.0,0.0,1.0,1.0,0.0,STU-12774,4.26
1.3786433757125969,1.0655927844218296,1.0667806976328347,0.9300569647384846,0.43015873015873035,-0.828054298642534,0.6,0.0,0.0,1.0,0.0,0.0,1.0,0.0,STU-11210,4.22
0.7554596225153347,0.6519130307791559,-1.0324207045904966e-15,-0.26408399349599143,0.0714285714285716,-0.41855203619909503,-1.2,0.0,0.0,0.0,0.0,1.0,1.0,0.0,STU-11869,4.53
0.30288813604354703,1.162118060271786,0.6018197475844996,-0.15481619339610495,0.323809523809524,0.04072398190045243,-1.2,0.0,1.0,0.0,0.0,0.0,1.0,0.0,STU-13524,4.26
1.1182351791316076,1.1345394100289417,-1.0324207045904966e-15,-0.8104229939954253,0.5873015873015875,1.153846153846154,0.8,1.0,0.0,0.0,0.0,0.0,0.0,1.0,STU-14284,5.39
1.3786433757125969,0.5829664051720425,0.48921201749466886,1.6168831367949161,0.09682539682539675,0.5316742081447965,-0.8,0.0,0.0,1.0,0.0,0.0,1.0,0.0,STU-14717,4.63
-1.087152858119798,-0.40986500357037486,-1.0324207045904966e-15,0.02469519248228074,0.0,0.07239819004524893,-0.8,0.0,0.0,0.0,0.0,1.0,1.0,0.0,STU-14553,3.06
0.3720310020322932,-1.319960461584258,-2.5097861103170884,-1.71578476625163,-1.6634920634920638,-0.42307692307692313,0.0,0.0,1.0,0.0,0.0,0.0,0.0,1.0,STU-13397,2.73
0.7662351340979967,-1.0441739591558084,-1.1010997319675253,-0.7713987796740374,0.0,0.3144796380090497,-0.4,0.0,1.0,0.0,0.0,0.0,0.0,1.0,STU-12330,3.95
-1.9060917384020797,-0.18923580162761516,0.25455203801714976,-0.4201808507815441,-1.226984126984127,0.2805429864253394,0.0,0.0,0.0,1.0,0.0,0.0,1.0,0.0,STU-14531,2.4
-0.09131599602215643,-0.7683874567273588,0.723871996972188,1.101763507752593,-0.061904761904762004,-0.7171945701357466,0.8,0.0,1.0,0.0,0.0,0.0,1.0,0.0,STU-11092,3.84
-0.2646221406432964,-1.2923818113414125,-2.8599598258222403,0.4071324928318845,-0.9714285714285716,-0.07466063348416291,-0.2,0.0,0.0,0.0,1.0,0.0,1.0,0.0,STU-13532,2.13
1.0006025110208863,-0.6994408311202467,1.0667806976328347,-1.0289585941951982,1.3253968253968256,-0.6085972850678733,0.0,1.0,0.0,0.0,0.0,0.0,1.0,0.0,STU-13568,5.15
-0.6704997435902162,-1.4854323630413278,0.3816897977959912,-0.3265227364102125,-1.142857142857143,1.7782805429864255,0.4,0.0,0.0,0.0,1.0,0.0,1.0,0.0,STU-12301,2.8
1.1730106963434708,-0.037553225291967585,0.6221617891491144,0.9066424361456522,0.8587301587301592,1.251131221719457,1.2,0.0,0.0,0.0,0.0,1.0,0.0,1.0,STU-10314,5.3
-0.12274457147158557,0.4588624790792405,1.0667806976328347,-1.3255426230377487,0.8412698412698413,0.09954751131221728,-1.0,1.0,0.0,0.0,0.0,0.0,0.0,1.0,STU-12841,4.22
0.41064325187016326,-0.6442835306345567,0.07946518026457403,0.09493877826077925,0.25555555555555554,1.0972850678733033,-0.2,0.0,0.0,0.0,0.0,1.0,0.0,1.0,STU-14805,4.4
0.8739902499246116,-1.319960461584258,-0.2932300812585438,0.539814821524604,-0.1968253968253969,-0.4253393665158371,-1.0,0.0,0.0,0.0,0.0,1.0,1.0,0.0,STU-10560,4.82
0.03888810226833812,-0.6442835306345567,0.75438505931911,-0.25627915063171397,-0.004761904761904661,-0.13348416289592757,-0.2,1.0,0.0,0.0,0.0,0.0,1.0,0.0,STU-13969,4.39
0.14215342160217895,1.162118060271786,1.0667806976328347,-0.357742107867323,-0.20634920634920623,2.1493212669683257,0.2,0.0,0.0,0.0,0.0,1.0,0.0,1.0,STU-14586,5.01
0.510316734009783,0.5140197795649304,-0.15156229179069164,-2.433830309765171,-0.4952380952380952,-0.7805429864253394,0.6,0.0,0.0,0.0,1.0,0.0,1.0,0.0,STU-13219,3.91
1.3786433757125969,1.2586433361217437,-0.12104922944376957,1.4998104938307515,0.8777777777777779,0.23303167420814486,0.0,1.0,0.0,0.0,0.0,0.0,0.0,1.0,STU-13371,5.35
0.7877861572633194,0.14170800128652436,-0.8591747376455015,1.6637121939805823,-0.6111111111111112,-0.28959276018099556,-1.0,0.0,1.0,0.0,0.0,0.0,1.0,0.0,STU-13414,3.76
0.7410922737384529,1.4241152375788135,0.13758529902061564,-1.918710680722848,0.5301587301587303,0.4660633484162895,0.2,0.0,0.0,0.0,1.0,0.0,0.0,1.0,STU-13573,5.25
0.2831330314753342,0.8035956071148022,0.36861277107588236,1.0237150791098169,0.5015873015873017,-0.5226244343891403,0.8,0.0,0.0,0.0,0.0,1.0,1.0,0.0,STU-14948,4.79
0.180765671440049,0.6105450554148881,1.0667806976328347,-0.22505977917460346,0.5269841269841271,0.8800904977375565,-0.4,0.0,0.0,0.0,0.0,1.0,1.0,0.0,STU-10437,4.97
-1.09972428829957,1.1896967105146317,-1.3161441713648796,0.20420657836066575,-0.7444444444444445,-0.916289592760181,0.0,0.0,0.0,0.0,1.0,0.0,1.0,0.0,STU-12857,4.41
-0.9740099865018521,-1.4164857374342144,-1.916960899005462,-1.224079665802139,-1.7476190476190478,-0.6199095022624435,0.0,0.0,1.0,0.0,0.0,0.0,1.0,0.0,STU-12133,1.59
-0.06976497285683242,1.4103259124573913,1.045712154583769,0.04810972107511381,0.8380952380952381,-0.02714932126696835,0.0,0.0,0.0,0.0,0.0,1.0,0.0,1.0,STU-11123,5.84
0.8955412730899356,-0.21681445187046075,0.49865653679252636,-1.005544065602366,-0.3285714285714287,-0.15610859728506796,-1.2,0.0,0.0,0.0,1.0,0.0,1.0,0.0,STU-14558,4.5
0.9808474064526722,0.07276137567941103,0.6410508277448284,-0.5840825509313742,0.7031746031746036,2.7624434389140275,0.6,0.0,0.0,0.0,1.0,0.0,1.0,0.0,STU-14458,4.31
0.7958677909503159,0.017604075193722337,-0.620155749261279,0.48518092147466046,-0.9920634920634922,1.3574660633484161,-1.2,1.0,0.0,0.0,0.0,0.0,0.0,1.0,STU-11760,4.26
0.6926024716164751,1.7688483656143752,-0.09998068639470499,-0.1314016648032719,0.012698412698412712,-0.49547511312217196,-1.2,0.0,0.0,0.0,0.0,1.0,1.0,0.0,STU-12605,5.3
0.2750513977883377,-0.23060377699188292,1.0667806976328347,0.8598133789599861,0.9619047619047622,0.9411764705882352,-1.2,1.0,0.0,0.0,0.0,0.0,1.0,0.0,STU-10932,4.63
-0.6327854530509017,-1.3475391118271023,-1.1228947765010409,1.4842008081021967,-1.5634920634920637,-0.14705882352941185,-0.8,1.0,0.0,0.0,0.0,0.0,1.0,0.0,STU-10430,2.33
-1.493030461066719,-1.8853227915625794,-0.2881445708673906,-1.5596879089660771,-1.0730158730158732,-0.8529411764705882,-0.2,0.0,0.0,0.0,0.0,1.0,1.0,0.0,STU-13192,2.71
1.2457453995264367,-1.6646935896198196,0.8183171899507558,1.772979994080468,-0.6746031746031748,1.0701357466063348,0.2,1.0,0.0,0.0,0.0,0.0,1.0,0.0,STU-10742,4.23
-1.3744998336574408,-0.49260095429890915,-1.4265723970013588,-1.6923702376587968,-1.1253968253968256,0.12443438914027145,-0.6,0.0,1.0,0.0,0.0,0.0,0.0,1.0,STU-10567,2.88
-0.6435609646335625,0.12791867616510097,-0.8126786426406679,0.11835330685361233,-0.6317460317460319,0.25113122171945707,0.8,1.0,0.0,0.0,0.0,0.0,0.0,1.0,STU-13842,3.31
1.3786433757125969,0.8725422327219143,-0.15882730663519748,-0.3265227364102125,0.3920634920634922,0.30769230769230776,-0.6,0.0,0.0,0.0,0.0,1.0,0.0,1.0,STU-14006,4.13
1.3786433757125969,-0.02376390017054541,1.0667806976328347,-1.372371680223414,1.2619047619047623,-0.9954751131221721,-0.8,0.0,0.0,1.0,0.0,0.0,1.0,0.0,STU-11077,5.31
0.0,1.0655927844218296,-1.1454163225190073,0.07932909253222434,-0.3412698412698414,0.0,-0.8,1.0,0.0,0.0,0.0,0.0,0.0,1.0,STU-10046,4.34
-0.6444589239321181,-2.3955278210552104,-0.7407549956800655,0.6256680930316575,-0.7285714285714286,-0.036199095022624465,1.0,1.0,0.0,0.0,0.0,0.0,1.0,0.0,STU-10861,2.87
-0.12364253077014116,-0.35470770308468497,1.0667806976328347,0.5242051357960484,0.7222222222222222,1.4570135746606336,-1.0,0.0,0.0,1.0,0.0,0.0,1.0,0.0,STU-13611,4.14
-1.9878060345705972,-1.7198508901055096,-2.7764121551104304,1.1095683506168703,-1.3619047619047622,0.3144796380090497,0.2,1.0,0.0,0.0,0.0,0.0,1.0,0.0,STU-11398,1.97
0.1762758749472736,0.41749450371497276,0.6410508277448284,2.1476124515657946,-0.3253968253968253,1.4660633484162895,-1.2,0.0,0.0,0.0,0.0,1.0,1.0,0.0,STU-13616,4.96
0.7958677909503159,-0.13407850114192527,1.0667806976328347,-0.33432757927448997,-0.550793650793651,-0.45022624434389147,1.2,0.0,0.0,1.0,0.0,0.0,1.0,0.0,STU-11817,4.81
-0.2888670417042847,0.36233720322928403,0.7391285281456486,2.046149494330186,-0.6444444444444445,0.984162895927602,-0.4,0.0,0.0,0.0,0.0,1.0,0.0,1.0,STU-13080,5.0
-2.3362142424099885,-2.1611092939910277,-1.1352453017367,-0.5450583366099861,-0.6571428571428573,0.22171945701357457,0.8,0.0,0.0,1.0,0.0,0.0,1.0,0.0,STU-14069,1.82
-0.0661731356626126,-0.8787020576987385,1.0667806976328347,-0.9431053226881448,0.9333333333333336,0.17420814479638,-0.6,0.0,0.0,0.0,0.0,1.0,0.0,1.0,STU-12630,5.3
-1.2667447178308247,-2.299002545205253,-2.949319508409655,0.2588404784106093,-1.7476190476190478,1.5588235294117647,-0.4,0.0,0.0,0.0,0.0,1.0,1.0,0.0,STU-14220,2.51
-0.41098950630778397,1.7688483656143752,-0.3695127371258485,-0.4826195936957651,1.3,-0.04977375565610854,0.6,0.0,0.0,0.0,1.0,0.0,1.0,0.0,STU-12192,4.35
0.5740718442071981,-0.5753369050274446,-0.6317797730124871,0.7973746360457651,-1.388888888888889,-0.2171945701357466,-0.6,1.0,0.0,0.0,0.0,0.0,1.0,0.0,STU-11423,3.88
0.8120310583243077,-1.2247380995076246e-15,0.7812656142437787,0.7349358931315447,0.5634920634920637,0.20814479638009048,-1.2,0.0,0.0,1.0,0.0,0.0,1.0,0.0,STU-10169,4.64
0.7626432969037755,-0.7545981316059366,0.599640243131148,-0.7401794082169267,-0.42857142857142855,0.0,1.2,0.0,0.0,0.0,0.0,1.0,1.0,0.0,STU-14774,4.21
0.7132555354832435,1.2862219863645894,0.23638950090588667,1.132982879209704,-0.23809523809523814,0.2941176470588235,-0.6,0.0,0.0,1.0,0.0,0.0,1.0,0.0,STU-12783,4.41
1.3786433757125969,1.6999017400072631,0.8931468428491597,-1.7079799233873516,0.11269841269841285,-0.06334841628959281,-0.2,0.0,0.0,0.0,0.0,1.0,1.0,0.0,STU-13638,5.69
0.9664800576757904,1.7688483656143752,1.0667806976328347,1.5310298652878627,0.6412698412698415,-0.09276018099547514,1.4,0.0,0.0,1.0,0.0,0.0,1.0,0.0,STU-10013,5.39
-0.36429562278291616,-1.8439548161983117,-0.3157516272765101,2.3349286803084577,-0.715873015873016,-0.3914027149321268,-0.8,0.0,0.0,0.0,1.0,0.0,1.0,0.0,STU-10100,3.17
-0.5097650291488481,-0.7545981316059366,-2.0085000860462277,0.7115213645387116,-1.7222222222222225,-0.2533936651583711,0.6,0.0,0.0,0.0,1.0,0.0,1.0,0.0,STU-14987,2.18
0.0,1.7688483656143752,-0.353529704467937,-1.8484670949443494,-0.3285714285714287,-0.49095022624434387,-0.6,0.0,0.0,0.0,1.0,0.0,1.0,0.0,STU-13673,4.84
-0.7881324117009388,-0.35470770308468497,-0.03386905130970767,-0.357742107867323,0.3968253968253969,-0.09049773755656117,-0.8,0.0,0.0,0.0,0.0,1.0,1.0,0.0,STU-11371,3.79
0.0,0.665702355900578,-0.4167353336151328,-0.7323745653526487,-0.41111111111111115,0.19683257918552038,-1.0,0.0,0.0,0.0,0.0,1.0,0.0,1.0,STU-13130,3.9
0.9664800576757904,-0.5753369050274446,1.0667806976328347,0.8832279075528199,0.8873015873015877,0.2714932126696833,0.2,1.0,0.0,0.0,0.0,0.0,0.0,1.0,STU-13304,5.06
-2.315561178543221,-1.3613284369485246,-0.37096574009475025,0.1573775211750003,0.6873015873015874,-0.4366515837104073,-0.4,0.0,0.0,0.0,1.0,0.0,1.0,0.0,STU-14533,3.74
1.3786433757125969,1.7688483656143752,1.0667806976328347,-1.3021280944449156,1.3206349206349206,0.13122171945701358,0.0,0.0,0.0,0.0,0.0,1.0,0.0,1.0,STU-14552,6.45
-0.7773569001182782,-2.588578372755125,-1.3873413168410311,-0.6074970795242065,-1.7460317460317463,0.9049773755656106,0.0,0.0,1.0,0.0,0.0,0.0,1.0,0.0,STU-10964,2.09
-0.2206221350140954,-0.3822863533275293,0.4172883705340675,-0.0221338647033847,0.29365079365079366,0.6651583710407241,-0.2,0.0,0.0,1.0,0.0,0.0,1.0,0.0,STU-10574,4.49
-0.9928671317715093,0.43128382883639615,0.284338598879622,0.12615814971788977,-0.2095238095238096,-0.414027149321267,-0.2,0.0,0.0,1.0,0.0,0.0,1.0,0.0,STU-14015,3.85
1.3786433757125969,1.6723230897644175,1.0667806976328347,-0.7167648796240937,0.9222222222222225,0.08371040723981903,1.6,0.0,0.0,1.0,0.0,0.0,1.0,0.0,STU-14865,5.98
-0.3867446052467945,-0.2719717523561507,-1.0324207045904966e-15,-0.40457116505298846,0.0,0.26923076923076933,-1.0,0.0,0.0,0.0,0.0,1.0,1.0,0.0,STU-11890,3.86
0.7590514597095545,1.7688483656143752,0.7834451186971303,-1.0992021799736975,0.7841269841269842,-0.9095022624434388,-0.4,1.0,0.0,0.0,0.0,0.0,1.0,0.0,STU-11831,4.84
0.6584800182713805,1.6171657892787277,1.0667806976328347,0.23542594981777626,1.2190476190476196,0.9728506787330317,0.6,0.0,0.0,0.0,0.0,1.0,0.0,1.0,STU-11264,5.88
-0.09939762970915166,-1.0993312596414984,0.15865384206968125,0.8910327504170973,-1.0015873015873018,-0.6312217194570136,-1.2,0.0,0.0,0.0,0.0,1.0,0.0,1.0,STU-14341,3.69
-0.6264997379610152,-1.5957469640127075,0.42382688389412243,1.655907351116305,0.488888888888889,0.3891402714932126,-0.8,0.0,0.0,0.0,0.0,1.0,1.0,0.0,STU-14185,4.08
-0.5690303428534866,-0.009974575049123234,-0.335367167356674,0.1729872069035559,0.0,1.5723981900452488,-1.0,0.0,0.0,1.0,0.0,0.0,0.0,1.0,STU-13332,4.23
1.3786433757125969,0.9828568336932941,0.383142800764893,0.7973746360457651,-0.346031746031746,1.0610859728506787,1.0,0.0,0.0,1.0,0.0,0.0,0.0,1.0,STU-10096,4.19
-2.162010138490293,-2.2576345698409854,-2.9435074965340506,-1.348957151630581,-1.7015873015873018,0.12443438914027145,-0.4,1.0,0.0,0.0,0.0,0.0,1.0,0.0,STU-11939,1.58
0.4555412167979199,0.1692866515293687,-0.21840042836013987,0.04030487821083566,0.08571428571428588,-0.2647058823529412,-0.4,0.0,0.0,1.0,0.0,0.0,1.0,0.0,STU-10880,3.51
-1.5118876063363762,-0.32712905284183935,-0.1159637190526164,-1.3957862088162472,0.058730158730158896,-0.9072398190045249,-0.8,0.0,1.0,0.0,0.0,0.0,1.0,0.0,STU-11665,3.7
-0.01678537424208053,0.017604075193722337,0.24220151278149177,0.24323079268205441,-0.09365079365079364,0.24434389140271495,11.2,0.0,1.0,0.0,0.0,0.0,0.0,1.0,STU-14051,4.0
-0.4540915526384295,-0.9752273335486963,-0.7690885535736359,1.1251780363454251,-0.3412698412698414,-0.1085972850678734,-1.2,1.0,0.0,0.0,0.0,0.0,1.0,0.0,STU-12883,3.92
-0.7944181267908255,0.017604075193722337,-0.17045133038640561,-0.31091305068165687,0.3698412698412699,1.3054298642533937,-0.8,0.0,0.0,0.0,0.0,1.0,1.0,0.0,STU-14837,3.96
0.2768473163854489,1.3138006366074337,1.0667806976328347,1.1798119363953687,1.6571428571428573,0.25565610859728505,-0.4,0.0,0.0,0.0,0.0,1.0,1.0,0.0,STU-14342,5.02
-0.589683406720255,0.5140197795649304,0.008268034788423551,1.3827378508665868,0.0,-0.45022624434389147,-0.4,0.0,1.0,0.0,0.0,0.0,1.0,0.0,STU-13019,3.96
0.41423508906438433,0.7760169568719578,1.0667806976328347,-0.7401794082169267,0.6301587301587304,-0.37330316742081454,-0.2,0.0,0.0,1.0,0.0,0.0,0.0,1.0,STU-14640,5.01
1.3786433757125969,1.7688483656143752,1.0667806976328347,-1.247494194394972,1.6587301587301593,0.2805429864253394,-1.2,0.0,0.0,0.0,0.0,1.0,0.0,1.0,STU-11387,6.61
1.3786433757125969,1.7688483656143752,1.0667806976328347,0.016890349618003283,2.460317460317461,0.20361990950226252,-0.6,0.0,0.0,1.0,0.0,0.0,0.0,1.0,STU-12971,6.5
-0.4047037912178974,-0.602915555270289,-0.651395313092652,0.7271310502672672,0.02698412698412698,-0.7941176470588236,1.6,1.0,0.0,0.0,0.0,0.0,0.0,1.0,STU-10109,4.51
-0.311316024168163,-0.7959661069702043,1.0667806976328347,-0.4279856936458215,0.3111111111111113,0.25565610859728505,0.8,0.0,0.0,0.0,0.0,1.0,1.0,0.0,STU-14880,4.14
-2.2976019925721176,-0.12028917602050308,-1.8450372520448601,-0.06896292188905083,-1.7476190476190478,-0.3054298642533936,-0.2,0.0,0.0,0.0,0.0,1.0,0.0,1.0,STU-11597,2.04
-0.651642598320559,1.217275360757476,0.3635272606847281,0.6100584073031026,0.47301587301587317,0.036199095022624465,0.2,0.0,0.0,0.0,1.0,0.0,0.0,1.0,STU-11166,4.71
-0.3068262276753876,0.11412935104367879,-0.6550278205149044,-0.26408399349599143,-0.5206349206349207,-0.23529411764705885,-0.8,0.0,0.0,1.0,0.0,0.0,1.0,0.0,STU-11720,3.6
0.3289289557016465,-0.14786782626334743,0.41510886608071584,-0.07676776475332829,0.0,-0.6742081447963801,-0.8,0.0,0.0,0.0,0.0,1.0,1.0,0.0,STU-13045,4.3
-0.47564257580375346,0.2382332771364808,-1.8137976882134876,-1.12261670856653,-0.38888888888888884,0.24660633484162894,-0.8,0.0,0.0,0.0,1.0,0.0,1.0,0.0,STU-10820,3.41
0.0,-1.1820672103700325,1.0667806976328347,0.6724971502173236,0.5301587301587303,0.8687782805429866,-1.2,0.0,0.0,1.0,0.0,0.0,1.0,0.0,STU-14582,4.08
-0.5250303372242855,0.19686530177221429,-0.2721615382094792,1.0315199219740943,0.21111111111111117,0.19457013574660642,-0.8,0.0,0.0,1.0,0.0,0.0,0.0,1.0,STU-10277,4.73
1.3373372479790613,-1.2247380995076246e-15,1.0667806976328347,-0.0221338647033847,1.2539682539682542,0.7533936651583709,-1.0,0.0,0.0,0.0,0.0,1.0,0.0,1.0,STU-14112,5.6
1.3786433757125969,1.0242248090575619,1.0667806976328347,1.1798119363953687,1.6269841269841276,-0.6334841628959276,-1.2,0.0,1.0,0.0,0.0,0.0,1.0,0.0,STU-14369,5.8
-0.35621398909591967,-0.2581824272347273,1.0667806976328347,-1.208469980073584,0.5714285714285715,0.0,0.8,0.0,0.0,0.0,1.0,0.0,0.0,1.0,STU-10845,4.83
0.29390854305799624,0.11412935104367879,-0.5780186631631488,0.02469519248228074,-0.0984126984126983,-0.6968325791855204,-0.6,0.0,0.0,0.0,1.0,0.0,1.0,0.0,STU-14668,4.27
0.0,-1.1820672103700325,-0.7654560461513835,-0.5138389651528756,-1.0666666666666669,0.6809954751131223,1.2,1.0,0.0,0.0,0.0,0.0,0.0,1.0,STU-14789,3.39
0.3540718160611903,0.2382332771364808,1.0667806976328347,-1.7782235091658503,1.407936507936508,-0.45701357466063347,-1.2,1.0,0.0,0.0,0.0,0.0,1.0,0.0,STU-13604,5.45
-0.6121323891841334,-0.6304942055131345,-2.476367042032365,1.6246879796591935,-1.542857142857143,0.6945701357466062,0.0,0.0,1.0,0.0,0.0,0.0,1.0,0.0,STU-10036,2.25
-1.933030517358734,1.0793821095432519,-0.017159517167345362,0.19640173549638829,0.43492063492063504,0.746606334841629,0.2,0.0,0.0,0.0,1.0,0.0,0.0,1.0,STU-13546,4.97
-1.5639692456525738,0.4588624790792405,0.6468628396204325,-1.6845653947945194,-0.4,1.6199095022624432,-0.2,0.0,0.0,1.0,0.0,0.0,1.0,0.0,STU-14975,4.13
-0.5807038137347029,-0.28576107747757284,1.0667806976328347,0.3915228071033289,-0.6158730158730158,0.0,-1.0,0.0,0.0,1.0,0.0,0.0,1.0,0.0,STU-11690,3.82
0.9197861741509239,0.3761265283507062,1.0667806976328347,0.19640173549638829,1.0,-0.5859728506787331,-1.0,1.0,0.0,0.0,0.0,0.0,1.0,0.0,STU-13557,5.47
-0.4774384944008634,0.2796012525007486,-1.9162343975210117,-0.7245697224883711,-1.5380952380952382,0.6832579185520363,-0.4,0.0,0.0,1.0,0.0,0.0,0.0,1.0,STU-10649,2.23
1.3786433757125969,-1.457853712798482,-1.0324207045904966e-15,0.6959116788101567,-1.046031746031746,0.4457013574660633,-0.2,0.0,0.0,0.0,1.0,0.0,1.0,0.0,STU-11975,3.61
-1.274826351517821,-1.375117762069948,0.216047459341273,-0.6621309795741501,0.9571428571428572,-0.4547511312217195,1.8,0.0,1.0,0.0,0.0,0.0,0.0,1.0,STU-10903,3.8
1.3786433757125969,1.7688483656143752,-1.0324207045904966e-15,-0.11579197907471628,1.4873015873015873,-0.2714932126696833,0.0,1.0,0.0,0.0,0.0,0.0,0.0,1.0,STU-13800,5.91
0.2885207872666652,0.5691770800506203,-1.0324207045904966e-15,-1.8172477234872388,0.0,-0.3823529411764707,-0.4,0.0,1.0,0.0,0.0,0.0,1.0,0.0,STU-12931,5.28
-1.3718059557617754,-1.264803161098568,-2.0317481335486445,0.21981626408922136,-1.7476190476190478,-0.20588235294117652,1.2,0.0,0.0,1.0,0.0,0.0,1.0,0.0,STU-11137,1.92
-0.9614385563220802,-1.264803161098568,1.0667806976328347,2.077368865787296,0.5492063492063495,0.4683257918552037,-0.6,0.0,0.0,0.0,0.0,1.0,1.0,0.0,STU-12417,4.33
-1.292785537488924,-0.09271052577765751,-1.0640481562605484,0.719326207402989,-0.27460317460317474,-0.23303167420814486,0.2,0.0,0.0,1.0,0.0,0.0,0.0,1.0,STU-12909,3.18
-0.4828262501921944,-1.0993312596414984,0.1535683316785281,0.6412777787602131,-0.19047619047619038,2.2918552036199094,0.6,0.0,0.0,0.0,0.0,1.0,0.0,1.0,STU-10155,3.94
-0.9964589689657304,-1.4164857374342144,-0.8984058178058291,-1.270908722987805,-0.30317460317460326,0.35294117647058815,0.6,0.0,0.0,0.0,0.0,1.0,1.0,0.0,STU-11382,2.5
0.0,-0.009974575049123234,0.544426130312909,-0.9509101655524224,0.6476190476190478,-0.085972850678733,0.6,0.0,0.0,1.0,0.0,0.0,1.0,0.0,STU-11251,4.24
1.3786433757125969,-0.42365432869179703,0.6722903915762003,1.6012734510663613,-0.3142857142857144,-0.40723981900452483,0.4,0.0,0.0,1.0,0.0,0.0,1.0,0.0,STU-11639,4.15
-0.2242139722083152,-1.4854323630413278,-1.982346032606009,-0.10018229334616136,-1.0285714285714287,-0.5226244343891403,-0.6,1.0,0.0,0.0,0.0,0.0,1.0,0.0,STU-14758,3.49
0.03529626507411831,0.6794916810220002,1.0667806976328347,-1.38641860024038e-15,0.30952380952380976,0.7963800904977377,1.0,0.0,0.0,1.0,0.0,0.0,1.0,0.0,STU-11691,4.36
-1.2918875781903685,-0.7408088064845144,-3.024149161308059,0.9690811790598732,-1.5365079365079368,-0.2941176470588235,-0.8,1.0,0.0,0.0,0.0,0.0,0.0,1.0,STU-12027,2.07
0.22476567706925132,0.07276137567941103,0.5066480531214821,-0.7479842510812043,0.0920634920634921,0.2171945701357466,0.2,0.0,0.0,0.0,0.0,1.0,1.0,0.0,STU-10030,4.47
0.432194275035486,0.5829664051720425,-1.0324207045904966e-15,0.7037165216744341,1.5603174603174605,0.24208144796380096,-1.2,0.0,1.0,0.0,0.0,0.0,0.0,1.0,STU-14389,5.94
-0.5753160579433731,-0.8649127325773164,-3.6358634112153987,1.8198090512661342,-1.5158730158730163,-0.12443438914027145,8.2,0.0,0.0,0.0,0.0,1.0,1.0,0.0,STU-14521,2.97
-0.07694864724527332,-1.8853227915625794,0.8807963176135006,-0.4201808507815441,-0.11269841269841258,-0.3687782805429864,0.6,1.0,0.0,0.0,0.0,0.0,1.0,0.0,STU-10900,3.0
0.6970922681092505,-0.07892120065623533,-0.00844149935393876,0.555424507253159,0.4,-0.8755656108597285,-0.6,0.0,0.0,0.0,0.0,1.0,0.0,1.0,STU-11309,4.57
0.23194935145769224,1.3413792868502792,1.0667806976328347,-0.43579053651009897,0.0,0.03393665158371049,-1.2,0.0,1.0,0.0,0.0,0.0,1.0,0.0,STU-10132,4.44
0.10803096825708301,-1.2247380995076246e-15,-0.06074960623437631,-1.6923702376587968,-0.19206349206349194,-0.11764705882352952,-0.6,0.0,0.0,0.0,0.0,1.0,1.0,0.0,STU-11404,3.7
0.5094187747112274,-1.0441739591558084,1.0667806976328347,0.21981626408922136,-0.3920634920634922,-0.09276018099547514,-1.2,0.0,0.0,0.0,0.0,1.0,1.0,0.0,STU-10264,4.03
-0.762989551341395,0.8725422327219143,0.09980722182918875,-0.22505977917460346,-0.5936507936507938,-0.06787330316742078,-0.6,1.0,0.0,0.0,0.0,0.0,0.0,1.0,STU-12538,3.52
-0.1353160016513575,-1.1820672103700325,0.6054522550067531,-0.22505977917460346,-0.3333333333333333,-0.15384615384615377,0.2,0.0,0.0,0.0,0.0,1.0,1.0,0.0,STU-11250,3.78
1.3786433757125969,0.3761265283507062,1.0667806976328347,0.4071324928318845,0.4285714285714288,-0.2488687782805429,-0.8,0.0,0.0,1.0,0.0,0.0,0.0,1.0,STU-14577,4.62
0.3738269206294031,-0.9062807079415842,-2.3710243267870386,1.0939586648883153,-1.520634920634921,-0.5995475113122172,0.0,1.0,0.0,0.0,0.0,0.0,0.0,1.0,STU-14647,3.6
1.2304800914509992,0.22444395201505862,0.13903830198951742,-0.8494472083168133,-0.1936507936507938,-0.5565610859728507,0.0,1.0,0.0,0.0,0.0,0.0,1.0,0.0,STU-10275,4.37
-1.4319692287649695,0.15549732640794653,-1.2427675214353775,-0.6074970795242065,0.0,0.13800904977375572,-1.0,0.0,0.0,0.0,1.0,0.0,1.0,0.0,STU-13798,3.18
1.0805208885922932,1.7688483656143752,0.611990768366807,-2.9411450959432166,0.8206349206349207,0.17420814479638,-0.4,0.0,0.0,0.0,0.0,1.0,0.0,1.0,STU-14540,5.22
0.7033779831991371,0.36233720322928403,-1.1940919219771924,1.9134671656374664,10.979323871526416,0.2828054298642534,-1.0,0.0,0.0,0.0,0.0,1.0,0.0,1.0,STU-11177,4.86
0.5210922455924449,0.5140197795649304,0.38241629928044213,0.2588404784106093,0.6873015873015874,-0.018099547511312233,0.4,0.0,0.0,1.0,0.0,0.0,1.0,0.0,STU-12007,4.18
-0.5708262614505965,-2.0094267176553813,-0.09852768342580423,-0.08457260761760575,-0.43333333333333346,-0.5678733031674209,0.8,0.0,0.0,0.0,1.0,0.0,1.0,0.0,STU-13349,3.01
-0.30503030907827766,0.9966461588147175,-1.595847242878331,-0.09237745048188391,-0.1634920634920634,0.5859728506787332,0.2,0.0,0.0,1.0,0.0,0.0,1.0,0.0,STU-10808,3.14
0.7518677853211135,0.8173849322362243,0.11070474409594701,1.429566908052253,0.7555555555555556,0.0,0.2,0.0,0.0,0.0,0.0,1.0,1.0,0.0,STU-14116,4.7
-0.4325405294731067,-0.36849702820610714,-2.5817097572776904,-0.6933503510312606,-0.7460317460317462,-0.6334841628959276,0.0,0.0,0.0,0.0,0.0,1.0,0.0,1.0,STU-10655,2.6
-0.5744180986448176,-0.3960756784489527,-1.2696480763600462,0.24323079268205441,-1.0603174603174605,-0.7036199095022624,1.4,0.0,0.0,0.0,0.0,1.0,1.0,0.0,STU-11844,2.86
0.7743167677849919,-0.4512329789346426,0.13104678566056172,-1.5752975946946322,0.7095238095238098,-0.7398190045248869,0.4,1.0,0.0,0.0,0.0,0.0,1.0,0.0,STU-10205,5.1
1.098480074563395,-0.23060377699188292,1.0667806976328347,-0.9431053226881448,0.42539682539682544,-0.6742081447963801,-0.2,0.0,0.0,0.0,0.0,1.0,1.0,0.0,STU-13205,5.66
0.843459633773738,1.4241152375788135,0.6541278544649373,-0.7011551938955382,0.6285714285714288,-0.9072398190045249,0.0,0.0,0.0,0.0,1.0,0.0,0.0,1.0,STU-10563,4.98
0.7967657502488702,-0.4374436538132192,1.0667806976328347,1.0393247648383719,0.793650793650794,-0.4343891402714932,-1.0,0.0,0.0,1.0,0.0,0.0,0.0,1.0,STU-10573,5.14
1.3786433757125969,-0.06513187553481316,1.0667806976328347,-0.061158079024773375,0.9412698412698417,0.502262443438914,-0.4,0.0,1.0,0.0,0.0,0.0,1.0,0.0,STU-13918,4.68
-1.7166223264069467,-0.36849702820610714,-1.0124665508645616,-0.5138389651528756,-1.123809523809524,-0.2805429864253394,-0.4,0.0,0.0,0.0,0.0,1.0,0.0,1.0,STU-13672,3.38
0.7797045235763229,1.093171434664674,0.7769066053370765,-0.26408399349599143,0.4936507936507936,0.17873303167420815,0.4,0.0,0.0,0.0,0.0,1.0,0.0,1.0,STU-13496,5.14
-1.5837243502207867,0.19686530177221429,0.135405794567265,0.16518236403927777,0.03809523809523813,0.6380090497737555,-1.2,1.0,0.0,0.0,0.0,0.0,0.0,1.0,STU-11482,4.07
0.3684391648380721,-1.1269099098843427,1.0667806976328347,0.18079204976783336,-0.9793650793650795,-0.21493212669683262,0.6,0.0,1.0,0.0,0.0,0.0,1.0,0.0,STU-12684,4.36
-1.156295724108544,-0.7683874567273588,0.37224527849813477,1.0393247648383719,0.6920634920634924,0.11312217194570136,-0.8,0.0,0.0,0.0,0.0,1.0,1.0,0.0,STU-11114,3.48
-0.18380580377333522,0.12791867616510097,0.5858367149265883,-0.396766322188711,-0.30634920634920637,0.006787330316742138,-1.0,0.0,0.0,0.0,0.0,1.0,1.0,0.0,STU-14982,4.54
0.9709698541685658,0.2796012525007486,1.020284602628001,0.3212792213248304,0.0,0.19230769230769224,-0.8,0.0,0.0,0.0,0.0,1.0,0.0,1.0,STU-14367,5.32
0.21937792127792033,-1.3337497867056802,-0.21404141945343655,-0.6777406653027057,-0.06031746031746017,0.16515837104072387,0.8,0.0,0.0,0.0,0.0,1.0,0.0,1.0,STU-12095,3.97
0.9583984239887939,0.5691770800506203,1.04643865606822,-0.045548393296217765,0.7523809523809526,-0.06334841628959281,0.4,0.0,0.0,1.0,0.0,0.0,1.0,0.0,STU-11727,4.63
-2.1449489118177456,-1.3475391118271023,-1.5340946167000364,-0.6933503510312606,0.12539682539682556,0.502262443438914,-0.4,0.0,0.0,0.0,0.0,1.0,1.0,0.0,STU-13641,3.05
0.643214710195943,-0.4512329789346426,-0.5671211408963905,0.48518092147466046,-0.6857142857142857,1.088235294117647,-0.4,0.0,0.0,0.0,0.0,1.0,0.0,1.0,STU-14509,4.04
0.3495820195684149,-1.5405896635270178,1.0667806976328347,0.7349358931315447,0.2952380952380952,0.2828054298642534,0.4,0.0,0.0,0.0,1.0,0.0,1.0,0.0,STU-12213,5.45
0.0,0.7070703312648458,0.2102354474656679,0.8051794789100425,0.0920634920634921,0.2714932126696833,-0.2,0.0,0.0,0.0,0.0,1.0,1.0,0.0,STU-11670,4.59
0.9081127032697075,-0.12028917602050308,-0.07600613740783786,-0.8572520511810907,0.7841269841269842,0.6221719457013573,1.6,0.0,0.0,0.0,0.0,1.0,1.0,0.0,STU-13048,4.23
-1.1500100090186576,-1.4854323630413278,-1.115629761656536,-0.638716450981317,-0.9634920634920635,0.495475113122172,1.8,0.0,0.0,0.0,0.0,1.0,1.0,0.0,STU-12882,2.38
-0.9228263064842088,-1.5957469640127075,-2.2555105907594055,-1.348957151630581,-1.0253968253968255,-0.018099547511312233,-1.2,0.0,0.0,0.0,0.0,1.0,1.0,0.0,STU-12554,2.37
1.3786433757125969,1.162118060271786,1.0667806976328347,-1.348957151630581,0.6222222222222223,-0.7013574660633485,-1.2,0.0,0.0,0.0,0.0,1.0,1.0,0.0,STU-10123,5.01
0.5983167452681863,-0.46502230405606476,-1.1316127943144474,-1.45042010886619,-0.30000000000000016,-0.9638009049773756,-0.4,0.0,0.0,1.0,0.0,0.0,1.0,0.0,STU-10896,3.91
-0.5914793253173649,1.7688483656143752,-0.06292911068772795,-0.6855455081669832,0.028571428571428532,0.5791855203619909,2.0,0.0,0.0,0.0,1.0,0.0,0.0,1.0,STU-13191,5.26
-0.33915276242337233,0.07276137567941103,-0.3222901406365651,-1.5674927518303547,-0.6206349206349208,2.4592760180995477,-1.2,0.0,0.0,0.0,0.0,1.0,1.0,0.0,STU-12168,4.35
-0.18380580377333522,-0.28576107747757284,-1.0324207045904966e-15,-1.0835924942451418,0.8222222222222226,-0.20135746606334834,-0.8,0.0,0.0,0.0,0.0,1.0,1.0,0.0,STU-11449,4.13
-1.4957243389623847,-0.9890166586701185,0.061302643153310965,-0.6153019223884847,-0.38888888888888884,-0.9547511312217194,1.8,0.0,0.0,1.0,0.0,0.0,1.0,0.0,STU-10348,3.03
1.1164392605344977,-0.6718621808774011,1.0667806976328347,1.7807848369447457,0.2,1.0656108597285068,0.2,0.0,0.0,0.0,0.0,1.0,0.0,1.0,STU-10732,4.89
0.33880650798575285,-1.6233256142555519,-0.7981486129516573,-1.8250525663515162,-0.40476190476190466,0.6085972850678734,1.0,0.0,0.0,0.0,0.0,1.0,0.0,1.0,STU-12198,3.49
-0.10658130409759384,-0.478811629177487,0.22767148309248111,0.04810972107511381,0.0523809523809524,2.567873303167421,1.6,0.0,0.0,0.0,0.0,1.0,1.0,0.0,STU-10089,3.65
0.21758200268080916,1.7688483656143752,0.11215774706484775,-0.23286462203888092,0.057142857142857065,1.9095022624434392,0.4,0.0,0.0,0.0,1.0,0.0,0.0,1.0,STU-10610,5.05
-0.35172419260314425,0.22444395201505862,0.2734410766128637,0.8129843217743213,0.35873015873015873,-0.171945701357466,-1.2,0.0,0.0,1.0,0.0,0.0,1.0,0.0,STU-11280,5.03
0.9736637320642313,1.0518034593004075,0.046046111979850445,-0.7089600367598162,0.23333333333333348,-1.1289592760180995,-0.4,0.0,0.0,1.0,0.0,0.0,1.0,0.0,STU-14969,4.72
0.3423983451799727,0.36233720322928403,0.9381899348850924,0.3837179642390514,0.8190476190476195,0.0,-0.6,0.0,0.0,1.0,0.0,0.0,1.0,0.0,STU-10329,4.83
0.5381534722649923,-0.9614380084272741,-1.419307382156854,0.6022535644388252,-0.2952380952380952,0.572398190045249,0.2,0.0,0.0,0.0,1.0,0.0,1.0,0.0,STU-11583,4.23
-0.1649486585036767,0.14170800128652436,0.18044888660319672,0.48518092147466046,0.3380952380952383,2.2398190045248865,2.0,0.0,0.0,0.0,0.0,1.0,0.0,1.0,STU-14881,4.41
1.3786433757125969,0.19686530177221429,0.841565237453173,0.375913121374774,-0.5142857142857145,-0.5995475113122172,1.8,0.0,1.0,0.0,0.0,0.0,1.0,0.0,STU-10191,4.58
-0.4900099245806353,-0.12028917602050308,0.8807963176135006,-0.40457116505298846,0.0,0.0,0.0,0.0,0.0,1.0,0.0,0.0,0.0,1.0,STU-11833,4.42
0.3684391648380721,0.43128382883639615,-0.5300695651894145,-1.3957862088162472,-0.0523809523809524,-0.5497737556561086,0.0,0.0,0.0,0.0,0.0,1.0,0.0,1.0,STU-14202,4.7
-0.2206221350140954,-0.1064998508990809,-0.681908375439573,-1.4738346374590232,0.323809523809524,0.7217194570135748,0.2,0.0,0.0,0.0,0.0,1.0,1.0,0.0,STU-12746,3.7
-0.7531119990572887,-1.3337497867056802,-1.325588690662737,1.7027364083019696,-0.41428571428571426,0.11085972850678738,0.0,0.0,0.0,0.0,1.0,0.0,1.0,0.0,STU-14347,2.79
0.7868881979647638,1.2862219863645894,0.3562622458402233,0.39932764996760634,-0.4555555555555555,-0.27375565610859726,1.6,0.0,0.0,0.0,1.0,0.0,1.0,0.0,STU-13737,4.85
0.0,0.5829664051720425,1.0667806976328347,-1.0211537513309208,1.7968253968253969,-0.3393665158371041,0.6,0.0,0.0,0.0,0.0,1.0,1.0,0.0,STU-10224,5.25
1.3786433757125969,1.0793821095432519,1.0667806976328347,0.29786469273199734,0.6650793650793652,0.14253393665158368,-0.4,0.0,0.0,0.0,1.0,0.0,0.0,1.0,STU-11843,5.45
-0.4846221687893043,0.36233720322928403,0.5516911451574138,-0.029938707567662853,-0.7126984126984128,-0.5995475113122172,0.2,0.0,0.0,0.0,1.0,0.0,1.0,0.0,STU-10931,4.19
-0.21074458272998897,1.1759073853932094,0.4913915219480205,0.30566953559627547,-0.30634920634920637,1.0950226244343892,-0.6,0.0,0.0,1.0,0.0,0.0,0.0,1.0,STU-14299,5.18
0.6710514484511524,-0.7683874567273588,-1.0324207045904966e-15,0.11054846398933486,0.06825396825396822,-0.39592760180995473,-0.4,0.0,0.0,0.0,0.0,1.0,1.0,0.0,STU-14172,4.06
0.2822350721767799,0.18307597665079087,-0.5511381082384791,-1.38641860024038e-15,-0.022222222222222317,0.9660633484162897,-0.6,0.0,0.0,0.0,1.0,0.0,1.0,0.0,STU-12585,4.06
1.3391331665761712,1.7688483656143752,1.0667806976328347,-1.3021280944449156,0.942857142857143,0.38687782805429866,-0.8,0.0,0.0,0.0,0.0,1.0,1.0,0.0,STU-12786,5.73
0.0,-2.5472103973908573,-0.558403123082985,-0.474814750831487,-0.8126984126984128,2.0610859728506785,0.6,0.0,0.0,0.0,1.0,0.0,0.0,1.0,STU-11315,2.92
-0.16674457710078663,0.38991585347212837,1.0667806976328347,-0.9196907940953117,0.3920634920634922,1.3733031674208143,1.6,0.0,0.0,0.0,0.0,1.0,0.0,1.0,STU-14008,3.75
-0.1640506992051224,1.7550590404929531,-0.9216538653082463,-1.8172477234872388,-0.7746031746031747,-0.4547511312217195,-0.2,0.0,0.0,1.0,0.0,0.0,0.0,1.0,STU-11101,4.42
-0.6489487204248935,-0.5201796045417547,-0.5598561260518857,-0.3031082078173794,-0.06349206349206356,-0.66289592760181,-0.6,1.0,0.0,0.0,0.0,0.0,0.0,1.0,STU-12030,4.16
1.16403110335792,-0.5339689296631769,1.0667806976328347,-2.098222066601233,0.7888888888888891,-0.18778280542986428,-1.2,1.0,0.0,0.0,0.0,0.0,1.0,0.0,STU-11445,5.08
-0.7423364874746279,-1.2247380995076246e-15,0.29814212708418175,-0.8962762655024787,0.42380952380952386,-0.414027149321267,-0.6,0.0,0.0,0.0,0.0,1.0,0.0,1.0,STU-11512,3.63
0.13227586931807253,0.05897205055798886,0.611990768366807,1.304689422223811,0.03174603174603192,0.6583710407239818,0.8,0.0,0.0,1.0,0.0,0.0,1.0,0.0,STU-14024,4.48
0.8138269769214176,-0.3822863533275293,0.9868655343432775,0.29786469273199734,-0.8015873015873017,0.19230769230769224,0.4,0.0,0.0,0.0,1.0,0.0,1.0,0.0,STU-10585,4.12
0.448357542409479,1.093171434664674,-1.0324207045904966e-15,1.3983475365951432,0.5079365079365082,1.153846153846154,0.0,0.0,0.0,0.0,1.0,0.0,0.0,1.0,STU-13753,4.88
-0.09131599602215643,0.9276995332076042,-0.1501092888217909,0.9300569647384846,-0.16190476190476186,0.03167420814479631,-0.4,0.0,0.0,1.0,0.0,0.0,1.0,0.0,STU-10178,5.07
1.0526841503370838,0.6243343805363103,-0.28523856492958805,-0.5450583366099861,0.012698412698412712,2.4864253393665163,-1.2,0.0,1.0,0.0,0.0,0.0,0.0,1.0,STU-10357,4.63
1.0499902724414185,1.2586433361217437,1.0667806976328347,-0.7713987796740374,1.1111111111111116,2.0746606334841635,0.4,0.0,0.0,0.0,0.0,1.0,1.0,0.0,STU-13558,6.53
-0.8671528299737914,0.6932810061434224,-0.11886972499041792,2.249075408801404,-0.4809523809523809,-0.8800904977375567,-0.8,0.0,0.0,0.0,1.0,0.0,0.0,1.0,STU-10325,4.91
0.7258269656630154,-0.3960756784489527,-1.0324207045904966e-15,1.5466395510164177,-1.053968253968254,-0.06334841628959281,-1.0,0.0,0.0,0.0,0.0,1.0,0.0,1.0,STU-10073,3.92
-1.625928437252878,0.969067508571872,-1.1119972542342826,0.45396155001754995,0.2492063492063493,-0.9185520361990952,1.6,0.0,0.0,0.0,1.0,0.0,1.0,0.0,STU-14492,3.81
1.1182351791316076,0.5002304544435082,1.0667806976328347,0.18079204976783336,0.6476190476190478,-0.23076923076923087,-0.4,0.0,0.0,0.0,1.0,0.0,0.0,1.0,STU-14245,6.26
-1.645683541821092,-0.009974575049123234,-0.26053751445827006,-0.18603556485321548,-0.5888888888888888,-0.7081447963800905,-0.8,0.0,0.0,0.0,0.0,1.0,1.0,0.0,STU-10256,3.19
0.0,-1.7060615649840862,-1.8297807208713992,-1.3177377801734704,-1.5111111111111113,1.1221719457013575,-0.6,0.0,0.0,0.0,0.0,1.0,1.0,0.0,STU-11108,1.59
-0.6381732088422315,0.6243343805363103,-1.542812634513443,-0.8728617369096463,-0.36190476190476184,0.32579185520362003,0.8,0.0,0.0,0.0,1.0,0.0,0.0,1.0,STU-12564,3.44
0.26068404901145587,0.6932810061434224,0.7282310058788913,0.2120114212249439,0.3222222222222222,-0.21266968325791866,-1.0,0.0,0.0,1.0,0.0,0.0,1.0,0.0,STU-10162,5.11
1.3786433757125969,1.7550590404929531,-1.0324207045904966e-15,-0.06896292188905083,0.7793650793650798,0.006787330316742138,0.4,0.0,0.0,1.0,0.0,0.0,1.0,0.0,STU-12759,5.15
0.06043912543366086,1.148328735150364,1.0667806976328347,-1.38641860024038e-15,0.5936507936507938,0.0,-0.2,0.0,0.0,0.0,0.0,1.0,0.0,1.0,STU-14706,5.1
-0.5824997323318141,0.5829664051720425,0.9541729675430038,3.11541296673622,0.38571428571428573,-0.37556561085972856,0.4,1.0,0.0,0.0,0.0,0.0,0.0,1.0,STU-14885,5.31
1.3786433757125969,0.969067508571872,0.6112642668823571,1.0471296077026493,1.3492063492063497,0.0,0.6,0.0,0.0,0.0,1.0,0.0,1.0,0.0,STU-13247,4.96
-1.1131936777778975,-1.2247380995076246e-15,-1.7578570739107977,0.0325000353465582,-1.0984126984126985,-0.1515837104072398,0.0,0.0,0.0,0.0,0.0,1.0,1.0,0.0,STU-14517,2.1
0.08019423000187496,-0.547758254784599,1.0667806976328347,-1.6299314947445758,1.2365079365079368,-0.17873303167420815,0.4,0.0,0.0,0.0,1.0,0.0,1.0,0.0,STU-14478,4.48
-0.8473977254055786,-0.36849702820610714,1.0667806976328347,-0.10018229334616136,0.3761904761904764,-0.24208144796380096,0.4,0.0,0.0,0.0,1.0,0.0,1.0,0.0,STU-10130,3.29
0.04337789876111354,1.7688483656143752,-1.0880227052474154,0.7817649503172102,-0.25396825396825395,1.2782805429864252,0.6,1.0,0.0,0.0,0.0,0.0,1.0,0.0,STU-13856,4.4
1.1002759931605062,0.43128382883639615,1.0667806976328347,-0.8494472083168133,0.8634920634920635,-1.097285067873303,0.0,1.0,0.0,0.0,0.0,0.0,1.0,0.0,STU-13272,4.63
-0.4199690992933348,-0.9752273335486963,-1.4527264504415787,0.594448721574547,-1.1190476190476193,0.6402714932126695,1.4,0.0,0.0,0.0,0.0,1.0,1.0,0.0,STU-10885,2.23
1.2376637658394416,0.6932810061434224,0.6417773292292792,1.2968845793595334,0.28571428571428586,-0.3800904977375565,0.4,0.0,0.0,0.0,0.0,1.0,1.0,0.0,STU-12718,5.54
0.41603100766149426,0.6794916810220002,0.296689124115281,-1.348957151630581,0.2492063492063493,-0.7850678733031675,0.8,0.0,0.0,1.0,0.0,0.0,1.0,0.0,STU-11678,4.45
-0.2116425420285433,-0.6442835306345567,-2.2555105907594055,0.24323079268205441,-0.9904761904761907,-0.3393665158371041,0.4,1.0,0.0,0.0,0.0,0.0,1.0,0.0,STU-10785,2.96
0.7841943200690983,0.665702355900578,1.0667806976328347,-0.5762777080670967,1.193650793650794,-0.9389140271493214,-0.6,1.0,0.0,0.0,0.0,0.0,1.0,0.0,STU-13530,5.66
0.8641126976405052,-0.175446476506193,0.2857916018485227,-2.098222066601233,-0.15238095238095226,1.6199095022624432,-1.2,0.0,0.0,0.0,1.0,0.0,1.0,0.0,STU-14260,4.24
0.9943167959309998,0.0038147500722989394,-0.24746048773816118,0.3524985927819409,-0.5476190476190476,-0.11764705882352952,0.8,0.0,0.0,0.0,0.0,1.0,1.0,0.0,STU-11295,4.27
-0.4127854249048939,-1.1958565354914559,-1.3306742010538903,-0.6465212938455952,-1.6492063492063496,0.20135746606334834,-1.2,0.0,0.0,1.0,0.0,0.0,1.0,0.0,STU-11330,2.22
0.0,0.6243343805363103,1.0667806976328347,-0.6074970795242065,-0.173015873015873,-0.42760180995475117,0.4,0.0,0.0,1.0,0.0,0.0,0.0,1.0,STU-11474,4.77
0.2669697641013425,-0.2443931021133051,0.9331044244939382,-1.0211537513309208,0.9444444444444448,0.812217194570136,-0.4,0.0,0.0,0.0,0.0,1.0,1.0,0.0,STU-12696,3.4
-0.12813232726291657,-2.050794693019648,0.9265659111338832,-1.4894443231875787,0.0031746031746031074,-0.07013574660633476,-0.4,0.0,0.0,0.0,1.0,0.0,0.0,1.0,STU-13883,3.26
0.7536637039182248,1.7688483656143752,0.7536585578346592,-0.0221338647033847,1.760317460317461,-0.3348416289592761,-0.6,1.0,0.0,0.0,0.0,0.0,1.0,0.0,STU-11596,5.4
1.3786433757125969,-0.4512329789346426,-2.9006439089514697,0.36030343564621836,-0.5555555555555557,0.1855203619909503,0.8,0.0,0.0,1.0,0.0,0.0,0.0,1.0,STU-11740,3.77
-0.2331935651938673,-0.28576107747757284,1.0667806976328347,0.8285940075028763,0.37460317460317455,0.42760180995475106,0.2,0.0,0.0,1.0,0.0,0.0,0.0,1.0,STU-12960,4.34
1.3786433757125969,1.7688483656143752,-0.360068217827992,-1.4660297945947456,-0.1634920634920634,1.3076923076923077,-0.6,0.0,0.0,1.0,0.0,0.0,1.0,0.0,STU-14488,5.04
-1.209275322723296,-1.0028059837915406,0.46596396999225265,1.5466395510164177,0.21111111111111117,-0.744343891402715,-0.4,1.0,0.0,0.0,0.0,0.0,1.0,0.0,STU-12101,4.36
1.3786433757125969,1.0242248090575619,1.0667806976328347,-1.0367634370594765,1.0730158730158732,1.1085972850678731,0.8,0.0,1.0,0.0,0.0,0.0,0.0,1.0,STU-14213,5.53
3.1509791468246147,-1.2247380995076246e-15,1.0667806976328347,-1.0133489084666434,1.6571428571428573,-0.37330316742081454,-0.4,0.0,1.0,0.0,0.0,0.0,1.0,0.0,STU-10477,4.9
1.16403110335792,1.7688483656143752,1.0667806976328347,0.12615814971788977,0.6825396825396824,-0.16742081447963805,0.4,0.0,0.0,0.0,1.0,0.0,1.0,0.0,STU-14016,5.54
-1.2954794153845894,-0.5339689296631769,-1.573325696860365,0.539814821524604,0.04126984126984124,1.6153846153846154,-0.4,0.0,0.0,1.0,0.0,0.0,1.0,0.0,STU-10012,3.15
0.7635412562023312,-0.12028917602050308,1.0667806976328347,0.11054846398933486,0.022222222222222317,-0.8031674208144796,2.2,0.0,0.0,0.0,0.0,1.0,0.0,1.0,STU-13277,4.12
-0.6327854530509017,-2.2162665944767177,-0.6746433605950681,1.5232250224235853,-0.20158730158730157,0.2828054298642534,-0.8,0.0,0.0,0.0,0.0,1.0,1.0,0.0,STU-12271,3.1
-0.9353977366639807,-0.5753369050274446,-0.3753247490014525,0.10274362112505671,-0.6365079365079366,0.7488687782805429,-1.2,0.0,1.0,0.0,0.0,0.0,1.0,0.0,STU-12057,3.17
1.3786433757125969,1.6447444395215731,0.8234027003419099,-0.966519851280978,0.8619047619047623,0.7805429864253394,0.0,0.0,0.0,1.0,0.0,0.0,1.0,0.0,STU-11181,5.63
0.046071776656779036,0.665702355900578,0.9396429378539931,-0.05335323616049523,0.0,-0.5656108597285068,-0.6,1.0,0.0,0.0,0.0,0.0,0.0,1.0,STU-14874,4.68
-2.311969341349,-1.0441739591558084,-0.37750425345480415,0.7349358931315447,-0.43650793650793657,-0.1742081447963802,-0.4,0.0,1.0,0.0,0.0,0.0,1.0,0.0,STU-11823,2.92
-0.4909078838791896,-0.23060377699188292,-2.2998271813108877,-0.8026181511311471,-0.7222222222222223,-0.004524886877828159,0.0,0.0,0.0,0.0,0.0,1.0,1.0,0.0,STU-14204,3.01
0.6899085937208096,0.48644112932208605,1.0667806976328347,-0.4123760079172659,0.12857142857142867,-0.7194570135746606,-0.2,0.0,0.0,1.0,0.0,0.0,1.0,0.0,STU-14477,4.53
-0.21792825711842986,1.7688483656143752,1.0544301723971756,0.5866438787102695,1.1333333333333333,-0.3710407239819004,-1.2,0.0,0.0,0.0,0.0,1.0,1.0,0.0,STU-12217,6.5
0.7069698203933569,1.0380141341789841,0.8430182404220737,-1.309932937309193,0.5269841269841271,0.09049773755656117,-0.2,0.0,0.0,0.0,0.0,1.0,1.0,0.0,STU-11085,5.57
1.2035413124943457,-0.3960756784489527,1.0667806976328347,-0.8182278368597028,-0.40317460317460313,1.2488687782805432,2.2,0.0,0.0,1.0,0.0,0.0,1.0,0.0,STU-13819,4.22
1.3786433757125969,-0.18923580162761516,1.0667806976328347,-0.34213242213876743,0.13015873015873022,0.27375565610859726,-0.2,0.0,0.0,0.0,1.0,0.0,1.0,0.0,STU-12612,5.2
0.13137791001951693,-0.16165715138477083,-1.4781540023973465,-0.5606680223385411,-0.7920634920634922,0.2760180995475113,0.0,0.0,0.0,0.0,0.0,1.0,1.0,0.0,STU-10369,3.94
1.2206025391668929,1.1207500849075196,-0.6746433605950681,0.09493877826077925,0.1047619047619048,-0.07013574660633476,0.0,0.0,0.0,0.0,0.0,1.0,0.0,1.0,STU-12165,4.67
-0.47294869790808797,0.2382332771364808,-2.036107142455348,0.6412777787602131,-0.41746031746031736,-0.22398190045248875,0.0,0.0,1.0,0.0,0.0,0.0,1.0,0.0,STU-11299,2.45
-0.3499282740060343,-1.761218865469776,-0.08254465076789179,-0.19384040771749295,-1.6047619047619048,-0.4027149321266969,-0.2,1.0,0.0,0.0,0.0,0.0,1.0,0.0,STU-10054,3.87
1.3786433757125969,1.2586433361217437,-0.5445995948784252,1.7417606226233582,0.17460317460317457,0.2533936651583711,-0.2,0.0,0.0,1.0,0.0,0.0,1.0,0.0,STU-11587,3.67
0.6584800182713805,0.9139102080861821,0.00027651845946681075,-1.7001750805230742,-0.5476190476190476,-0.20814479638009048,-1.2,0.0,0.0,0.0,0.0,1.0,1.0,0.0,STU-11719,4.81
-1.4032345312112058,0.6794916810220002,-0.6179762448079273,-0.8572520511810907,-0.9603174603174605,-1.0995475113122173,0.2,0.0,0.0,0.0,1.0,0.0,0.0,1.0,STU-12546,4.11
0.9790514878555623,0.2520226022579042,-1.0324207045904966e-15,-0.7479842510812043,0.1015873015873017,1.9479638009049773,-1.0,1.0,0.0,0.0,0.0,0.0,1.0,0.0,STU-13797,4.07
1.1263168128186043,-0.2443931021133051,1.0079340773923422,0.6178632501673801,0.061904761904762004,-0.3710407239819004,0.0,0.0,0.0,1.0,0.0,0.0,1.0,0.0,STU-12616,5.21
0.2858269093709997,-0.20302512674903736,-0.5198985444071071,-0.9431053226881448,0.4285714285714288,0.0,1.0,0.0,0.0,0.0,1.0,0.0,0.0,1.0,STU-11797,4.46
-1.8629896920714337,-0.28576107747757284,-1.0324207045904966e-15,-1.309932937309193,-1.4158730158730162,0.32352941176470584,0.6,0.0,0.0,0.0,0.0,1.0,1.0,0.0,STU-13859,1.53
0.637826954404612,0.36233720322928403,1.0667806976328347,-0.6699358224384276,0.4841269841269843,-0.5271493212669683,-1.2,0.0,1.0,0.0,0.0,0.0,0.0,1.0,STU-14163,5.41
1.1415821208940415,1.2862219863645894,1.0667806976328347,-0.2016452505817704,1.4,0.5316742081447965,1.6,0.0,1.0,0.0,0.0,0.0,1.0,0.0,STU-13920,4.97
-1.3233161536397988,-0.478811629177487,-0.18643436304431701,0.016890349618003283,-0.0460317460317459,0.574660633484163,-1.2,0.0,0.0,1.0,0.0,0.0,0.0,1.0,STU-11787,3.37
-1.7704998843202542,-1.3613284369485246,0.26327005583055635,0.3915228071033289,-0.02380952380952387,1.2624434389140269,1.2,1.0,0.0,0.0,0.0,0.0,1.0,0.0,STU-14544,3.74
1.2206025391668929,1.4516938878216579,1.0667806976328347,0.23542594981777626,0.3476190476190476,0.509049773755656,-0.8,0.0,0.0,0.0,0.0,1.0,0.0,1.0,STU-12452,5.51
0.6279494021205057,1.162118060271786,1.0667806976328347,1.3202991079523658,1.23968253968254,-0.6425339366515836,-0.6,1.0,0.0,0.0,0.0,0.0,1.0,0.0,STU-10846,5.03
0.009255445416018889,1.7688483656143752,1.0667806976328347,1.1876167792596464,0.6968253968253968,0.9547511312217194,-1.0,0.0,1.0,0.0,0.0,0.0,1.0,0.0,STU-13021,6.13
0.11162280545130411,0.3209692278650163,0.7587440682258133,-0.34213242213876743,-0.40158730158730155,1.1832579185520362,-1.2,0.0,0.0,0.0,0.0,1.0,1.0,0.0,STU-10453,4.3
0.9485208717046875,0.665702355900578,-0.04694607802981655,-0.5060341222885975,-0.0984126984126983,-0.7330316742081449,0.8,0.0,0.0,0.0,0.0,1.0,1.0,0.0,STU-11746,4.49
-0.45229563404131956,0.19686530177221429,-0.14865628585289015,1.6871267225734146,-0.3047619047619048,-0.6425339366515836,0.6,0.0,0.0,0.0,0.0,1.0,1.0,0.0,STU-14696,4.7
0.26068404901145587,0.9276995332076042,1.0667806976328347,1.000300550516983,0.5095238095238097,-1.167420814479638,0.0,0.0,0.0,0.0,1.0,0.0,1.0,0.0,STU-13505,5.21
-1.025193666519494,-0.7821767818487809,-1.7731136050842589,-10.71914127190889,-0.692063492063492,0.12895927601809962,-1.2,0.0,0.0,0.0,0.0,1.0,1.0,0.0,STU-12862,3.4
-1.3682141185675556,-0.3960756784489527,-0.6637458383283099,-1.3021280944449156,-1.7111111111111112,0.4253393665158371,-0.6,0.0,0.0,0.0,0.0,1.0,0.0,1.0,STU-10729,3.2
-0.378662971559798,0.5691770800506203,-1.1446898210345562,-0.014329021839107243,-0.7380952380952381,0.2918552036199095,0.6,0.0,0.0,1.0,0.0,0.0,0.0,1.0,STU-14614,4.13
-0.47384665720664226,-0.2443931021133051,-0.13122025022607692,-1.38641860024038e-15,0.13650793650793644,-0.4457013574660634,-0.2,0.0,0.0,0.0,0.0,1.0,1.0,0.0,STU-10739,4.62
1.218806620569783,1.7688483656143752,1.0667806976328347,-0.15481619339610495,0.7349206349206352,0.39366515837104077,1.0,0.0,1.0,0.0,0.0,0.0,1.0,0.0,STU-12351,5.49
1.3786433757125969,0.6243343805363103,1.0667806976328347,-0.4904244365600426,1.8650793650793658,0.6153846153846153,0.0,0.0,0.0,0.0,0.0,1.0,1.0,0.0,STU-12459,4.95
0.7024800239005815,-0.547758254784599,0.3998523349072543,0.2510356355463319,-0.13968253968253955,-0.04072398190045243,-0.8,1.0,0.0,0.0,0.0,0.0,1.0,0.0,STU-10835,3.97
0.6593779775699348,0.38991585347212837,0.4586989551477468,-1.411395894544802,0.03968253968253969,1.6990950226244346,0.8,0.0,0.0,1.0,0.0,0.0,1.0,0.0,STU-14799,4.98
1.3786433757125969,1.7688483656143752,0.5088275575748327,1.4607862795093642,1.8777777777777782,0.8846153846153845,0.0,1.0,0.0,0.0,0.0,0.0,1.0,0.0,STU-12860,5.84
-0.3202956171537151,0.7208596563862679,1.0667806976328347,-0.5918873937956516,-0.08888888888888899,-0.5995475113122172,-0.2,0.0,0.0,0.0,0.0,1.0,0.0,1.0,STU-13660,4.65
-1.4571120891245133,1.4379045627002356,0.1731838717586919,-0.9274956369595893,0.20793650793650806,-0.19683257918552038,-0.2,0.0,0.0,1.0,0.0,0.0,1.0,0.0,STU-13843,4.37
-0.15417314692101472,1.4379045627002356,-1.2137074620573562,-0.3655469507316005,-0.049206349206349295,-0.9819004524886877,-0.2,0.0,0.0,0.0,1.0,0.0,1.0,0.0,STU-13967,4.48
-1.046744689684818,0.4450731539578183,-1.090202209700767,-0.7011551938955382,-0.11428571428571441,0.9683257918552037,-0.2,0.0,0.0,0.0,0.0,1.0,1.0,0.0,STU-13128,3.19
-0.05629558337850618,0.43128382883639615,-1.0262700790691215,1.6168831367949161,0.11904761904761907,1.1040723981900453,-0.8,0.0,1.0,0.0,0.0,0.0,0.0,1.0,STU-11368,4.7
-0.36339766348436187,-0.6304942055131345,0.40784385123621103,0.04030487821083566,0.22539682539682543,1.5927601809954752,-0.4,0.0,0.0,0.0,0.0,1.0,1.0,0.0,STU-13050,5.09
-0.8438058882113575,-0.6442835306345567,-1.0324207045904966e-15,-0.014329021839107243,0.0,-0.22171945701357476,0.2,0.0,0.0,0.0,1.0,0.0,1.0,0.0,STU-11031,3.02
-1.4140100427938664,-3.705513707590345,-1.153407838847963,1.0237150791098169,-1.3936507936507938,0.6945701357466062,-0.4,0.0,0.0,0.0,0.0,1.0,1.0,0.0,STU-11534,1.95
0.9916229180353342,1.7688483656143752,0.903317863631467,0.414937335696162,0.13174603174603178,0.9751131221719457,0.8,0.0,0.0,0.0,0.0,1.0,1.0,0.0,STU-14227,5.4
-0.09760171111204174,1.0655927844218296,1.0667806976328347,-0.7167648796240937,1.2317460317460318,-0.18778280542986428,-1.0,0.0,0.0,1.0,0.0,0.0,1.0,0.0,STU-10728,4.68
0.01464320120734989,-0.6856515059988245,0.7631030771325157,0.0871339353965018,0.41269841269841273,-0.16742081447963805,0.0,0.0,0.0,0.0,0.0,1.0,1.0,0.0,STU-14100,3.84
0.180765671440049,-0.8924913828201607,-1.9678160029169989,-1.4035910516805246,-1.493650793650794,-0.5859728506787331,0.0,0.0,0.0,0.0,1.0,0.0,0.0,1.0,STU-10396,2.74
-0.10478538550048265,0.3761265283507062,-0.5780186631631488,-1.1148118657022523,0.15079365079365098,0.21493212669683262,-0.6,0.0,1.0,0.0,0.0,0.0,1.0,0.0,STU-10663,3.39
0.508520815412673,0.15549732640794653,0.10489273222034294,0.05591456393939127,0.3571428571428572,-0.02488687782805437,-1.2,1.0,0.0,0.0,0.0,0.0,1.0,0.0,STU-14605,3.84
1.3786433757125969,0.36233720322928403,1.0667806976328347,1.6402976653877486,1.1444444444444446,0.9479638009049774,-1.2,0.0,0.0,0.0,0.0,1.0,1.0,0.0,STU-10737,5.13
0.2517044560259051,-0.5753369050274446,-1.1926389190082904,-0.9743246941452554,-0.6460317460317461,1.0678733031674208,0.4,0.0,0.0,0.0,0.0,1.0,1.0,0.0,STU-12805,4.16
-1.6807039544647409,1.093171434664674,-1.958371483619142,1.132982879209704,-1.3873015873015875,1.1176470588235294,0.4,0.0,0.0,1.0,0.0,0.0,0.0,1.0,STU-12405,5.05
-1.5927039432063388,-1.2096458606128782,-0.669557850203915,-0.6777406653027057,0.17777777777777798,0.7714932126696831,0.0,0.0,0.0,0.0,0.0,1.0,0.0,1.0,STU-11676,3.16
-0.5483772789867182,-0.602915555270289,-1.1163562631409858,0.7505455788600996,-1.0650793650793653,-0.30995475113122173,0.2,0.0,0.0,0.0,1.0,0.0,1.0,0.0,STU-14436,4.17
-1.3646222813733344,-0.7959661069702043,-2.652180401269391,-1.2787135658520825,-0.5888888888888888,-0.665158371040724,0.8,0.0,0.0,0.0,0.0,1.0,0.0,1.0,STU-14106,2.53
-1.347561054700787,-1.0303846340343863,-0.37096574009475025,-1.2787135658520825,-0.1634920634920634,-0.30995475113122173,0.6,0.0,0.0,1.0,0.0,0.0,1.0,0.0,STU-12620,2.69
0.40525549607883227,0.3347585529864385,-0.09416867451910094,0.18859689263211082,0.17936507936507953,2.717194570135747,0.4,0.0,0.0,1.0,0.0,0.0,1.0,0.0,STU-12107,3.98
0.41872488555715975,-0.9200700330630064,1.0667806976328347,0.09493877826077925,0.0,-0.29864253393665163,-0.4,0.0,0.0,0.0,1.0,0.0,1.0,0.0,STU-12414,4.2
-0.5816017730332586,-0.4374436538132192,-1.0324207045904966e-15,0.30566953559627547,-0.15238095238095226,0.5203619909502262,1.0,0.0,0.0,0.0,1.0,0.0,1.0,0.0,STU-13096,4.11
1.3786433757125969,0.5691770800506203,1.0667806976328347,-0.014329021839107243,0.3396825396825398,1.0678733031674208,-1.0,1.0,0.0,0.0,0.0,0.0,1.0,0.0,STU-10761,4.81
1.3786433757125969,0.21065462689363645,0.1949789162922074,0.594448721574547,1.2000000000000002,-0.4117647058823529,-1.2,0.0,0.0,0.0,0.0,1.0,1.0,0.0,STU-13435,4.29
1.3786433757125969,1.3551686119717015,1.0667806976328347,-0.4904244365600426,0.719047619047619,-0.3823529411764707,1.0,0.0,0.0,0.0,1.0,0.0,1.0,0.0,STU-12413,5.6
-0.8330303766286955,-0.7683874567273588,-1.3183236758182313,-0.25627915063171397,-0.6492063492063493,0.12443438914027145,0.2,1.0,0.0,0.0,0.0,0.0,1.0,0.0,STU-11016,3.53
-0.35441807049880975,-1.2247380995076246e-15,1.0667806976328347,-1.1382263942950854,0.47301587301587317,0.19909502262443438,-0.8,0.0,0.0,1.0,0.0,0.0,1.0,0.0,STU-13328,4.58
-0.007805781256528436,0.9001208829647599,0.5633151689086219,-0.4592050651029321,0.3412698412698414,-0.9570135746606336,0.0,0.0,1.0,0.0,0.0,0.0,1.0,0.0,STU-11414,4.15
0.049663613851000134,0.9276995332076042,0.41510886608071584,0.7895697931814876,0.7253968253968253,-0.32352941176470584,-0.2,0.0,1.0,0.0,0.0,0.0,0.0,1.0,STU-10576,5.6
-0.19188743746033046,-0.14786782626334743,-0.2133149179689867,0.26664532127488677,-0.004761904761904661,-0.5384615384615384,-1.2,0.0,1.0,0.0,0.0,0.0,1.0,0.0,STU-13097,3.62
0.9988065924237751,1.4654832129430813,1.0667806976328347,0.7583504217243777,0.7793650793650798,-0.4705882352941177,0.2,1.0,0.0,0.0,0.0,0.0,0.0,1.0,STU-10156,5.82
0.5758677628043081,0.9001208829647599,0.31921067013324633,0.477376078610383,-0.19047619047619038,1.404977375565611,0.6,1.0,0.0,0.0,0.0,0.0,1.0,0.0,STU-13617,3.58
-1.274826351517821,-1.9129014418054238,0.5175455753882393,-0.5528631794742637,0.6777777777777781,1.2918552036199096,-1.0,0.0,0.0,1.0,0.0,0.0,1.0,0.0,STU-12766,2.82
0.4223167227513796,-0.478811629177487,-1.077851684465108,-1.2552990372592494,-0.4904761904761905,-0.6063348416289593,0.8,0.0,0.0,0.0,1.0,0.0,0.0,1.0,STU-13078,3.2
1.2412556030336614,0.9414888583290276,-1.0324207045904966e-15,0.3212792213248304,0.1968253968253969,1.4389140271493213,0.2,0.0,0.0,0.0,0.0,1.0,1.0,0.0,STU-12397,4.62
0.008357486117463295,0.596755730293466,1.0667806976328347,1.413957222323698,0.8158730158730159,-0.8642533936651584,0.6,0.0,0.0,1.0,0.0,0.0,0.0,1.0,STU-11743,5.16
0.6306432800161711,0.07276137567941103,1.0667806976328347,0.009085506753725131,0.9206349206349206,0.25113122171945707,-0.4,0.0,0.0,0.0,0.0,1.0,1.0,0.0,STU-10927,5.17
0.2777452756840032,0.6381237056577325,1.0667806976328347,-0.09237745048188391,0.950793650793651,0.6108597285067874,-0.6,0.0,0.0,1.0,0.0,0.0,1.0,0.0,STU-14226,4.87
-0.36249970418580624,-0.46502230405606476,-0.32519614657436663,0.6256680930316575,-0.5333333333333333,0.6447963800904979,1.6,0.0,0.0,1.0,0.0,0.0,1.0,0.0,STU-14618,4.15
0.0,0.08655070080083443,-0.0527580899054206,-0.5138389651528756,0.0,1.2126696832579187,-1.0,0.0,0.0,1.0,0.0,0.0,1.0,0.0,STU-12474,4.22
-1.7309896751838285,-0.037553225291967585,0.17463687472759268,1.5154201795593065,0.7507936507936507,-0.19457013574660642,-0.8,0.0,0.0,0.0,1.0,0.0,0.0,1.0,STU-11112,5.02
1.3786433757125969,1.3551686119717015,1.0667806976328347,0.11835330685361233,1.0253968253968255,1.2963800904977374,0.6,0.0,0.0,0.0,1.0,0.0,1.0,0.0,STU-14463,5.64
-1.4014386126140945,0.5140197795649304,-2.1218343176205097,-0.49822927942432005,-1.0714285714285716,0.11312217194570136,0.0,0.0,0.0,0.0,1.0,0.0,0.0,1.0,STU-12979,4.12
0.9224800520465893,1.2310646858788994,0.035875091197543084,0.7973746360457651,1.2920634920634921,1.5475113122171948,0.4,0.0,0.0,0.0,1.0,0.0,1.0,0.0,STU-10119,4.38
-0.52233645932862,-0.20302512674903736,-2.393545872805005,0.42274217856043944,-1.6269841269841272,1.6945701357466063,0.2,0.0,1.0,0.0,0.0,0.0,1.0,0.0,STU-13688,3.12
-1.6555610941051984,1.7688483656143752,-0.2881445708673906,0.594448721574547,-0.8317460317460319,0.42760180995475106,0.6,0.0,0.0,0.0,1.0,0.0,0.0,1.0,STU-12528,4.36
0.31007181043198795,1.7688483656143752,-0.0483990809987173,-1.6689557090659637,0.7904761904761904,0.7194570135746607,-1.2,0.0,1.0,0.0,0.0,0.0,1.0,0.0,STU-14892,4.44
-0.8069895569705974,1.4379045627002356,-0.6041727166033676,-1.5050540089161337,0.40793650793650804,-0.171945701357466,-1.2,0.0,0.0,0.0,0.0,1.0,1.0,0.0,STU-10298,4.51
0.01464320120734989,0.6519130307791559,-0.7959691084983056,-1.8172477234872388,-0.4587301587301589,-0.9683257918552037,0.2,0.0,0.0,0.0,0.0,1.0,1.0,0.0,STU-11550,3.83
-0.6722956621873274,-2.61615702299797,-0.8976793163213792,0.43835186428899503,-0.18888888888888883,0.30769230769230776,-0.6,0.0,0.0,0.0,0.0,1.0,1.0,0.0,STU-10008,2.65
-0.4855201280878599,-1.140699235005766,-1.0324207045904966e-15,0.555424507253159,-0.15873015873015875,2.233031674208145,0.0,0.0,1.0,0.0,0.0,0.0,1.0,0.0,STU-14155,3.18
0.37921467642073414,0.12791867616510097,0.33737320724450937,-0.7557890939454817,-0.23333333333333348,1.6561085972850678,-0.8,1.0,0.0,0.0,0.0,0.0,0.0,1.0,STU-12163,4.87
-0.39841807612801206,-1.6233256142555519,-0.5758391587097972,-0.46700990796720954,-0.4793650793650794,-0.911764705882353,-0.6,0.0,0.0,1.0,0.0,0.0,1.0,0.0,STU-13993,2.62
-0.3939282796352354,-0.6994408311202467,-2.0353806409708977,1.148592564938259,-0.7142857142857144,1.3914027149321266,-0.4,0.0,0.0,0.0,0.0,1.0,0.0,1.0,STU-11838,3.55
0.12599015422818594,-0.658072855755979,-0.36588022970359607,-0.357742107867323,-0.9650793650793652,0.42986425339366524,-0.4,1.0,0.0,0.0,0.0,0.0,1.0,0.0,STU-13303,3.0
-0.3355609252291525,-1.2247380995076246e-15,-0.3215636391521142,1.1876167792596464,0.0,-0.4343891402714932,0.6,0.0,0.0,1.0,0.0,0.0,1.0,0.0,STU-13200,2.94
-0.9551528412321936,-0.14786782626334743,0.028610076353037237,-0.5996922366599291,0.12063492063492062,-0.35520361990950233,1.0,0.0,0.0,0.0,0.0,1.0,1.0,0.0,STU-14584,3.05
-0.3310711287363771,-0.2443931021133051,-0.4356243722108468,0.11835330685361233,0.11428571428571441,-0.10407239819004524,-0.4,0.0,0.0,0.0,1.0,0.0,0.0,1.0,STU-10084,3.87
1.3786433757125969,0.8587529076004922,-0.3593417163435411,-1.45042010886619,1.1412698412698414,0.2647058823529412,0.6,0.0,0.0,0.0,1.0,0.0,1.0,0.0,STU-12992,5.28
-0.18021396657911415,1.7688483656143752,-0.9950305152377484,-0.3265227364102125,0.28412698412698434,1.1402714932126696,0.4,0.0,0.0,1.0,0.0,0.0,1.0,0.0,STU-10502,4.22
1.3786433757125969,1.7688483656143752,-1.0324207045904966e-15,-0.18603556485321548,1.6936507936507939,1.0361990950226243,0.4,0.0,0.0,0.0,1.0,0.0,1.0,0.0,STU-13563,5.99
-1.9554794998226124,-1.5405896635270178,-2.1334583413717176,0.18079204976783336,0.0,-0.03167420814479631,0.0,0.0,0.0,0.0,0.0,1.0,1.0,0.0,STU-14756,1.31
-0.8195609871503693,-0.7545981316059366,-0.6128907344167742,0.2588404784106093,-0.5761904761904761,-0.1855203619909503,-0.6,0.0,0.0,0.0,0.0,1.0,1.0,0.0,STU-14370,3.17
0.0,-1.2923818113414125,0.11143124558039687,-0.31091305068165687,-0.8650793650793652,-0.15837104072398195,0.0,0.0,0.0,0.0,1.0,0.0,1.0,0.0,STU-13847,2.98
0.8075412618315322,0.1692866515293687,1.0667806976328347,0.009085506753725131,0.8253968253968257,0.8280542986425338,-1.0,0.0,0.0,0.0,1.0,0.0,1.0,0.0,STU-14997,5.33
1.3786433757125969,0.8863315578433377,-0.5816511705854012,-0.5216438080171532,0.11746031746031751,-0.4796380090497738,-1.2,0.0,0.0,1.0,0.0,0.0,0.0,1.0,STU-14317,4.25
1.3786433757125969,1.5895871390358833,0.736222522207847,0.8910327504170973,2.0730158730158736,0.7239819004524888,0.0,0.0,0.0,1.0,0.0,0.0,1.0,0.0,STU-14145,6.2
1.0446025166500874,0.8035956071148022,0.7282310058788913,1.0159102362455394,0.44126984126984126,-0.3687782805429864,-0.2,0.0,0.0,0.0,0.0,1.0,1.0,0.0,STU-14731,4.33
-0.09221395532071074,-0.5615475799060224,-0.5511381082384791,0.2120114212249439,-0.3444444444444445,0.4027149321266969,-0.4,0.0,0.0,0.0,1.0,0.0,0.0,1.0,STU-14579,4.39
-0.5573568719722702,0.15549732640794653,0.00390902588172025,-0.5450583366099861,-1.0190476190476192,-0.12217194570135748,1.0,0.0,0.0,1.0,0.0,0.0,0.0,1.0,STU-12924,3.78
-0.0625812984683915,1.7274803902501075,-1.0324207045904966e-15,-0.8182278368597028,0.07777777777777782,-0.3800904977375565,0.0,0.0,0.0,0.0,1.0,0.0,0.0,1.0,STU-10577,4.88
-0.8581732369882393,0.34854787810786064,0.18117538808764763,1.6324928225234712,-0.43650793650793657,-0.042986425339366606,-1.0,0.0,0.0,0.0,0.0,1.0,0.0,1.0,STU-14455,4.21
-1.6941733439430684,-1.2096458606128782,-0.9528934291396183,0.34469374991766344,-1.4031746031746033,0.11312217194570136,-0.4,0.0,0.0,0.0,0.0,1.0,1.0,0.0,STU-11712,3.15
-0.7342548537876313,1.6171657892787277,-1.0324207045904966e-15,0.21981626408922136,0.40793650793650804,-0.4705882352941177,-1.2,0.0,1.0,0.0,0.0,0.0,0.0,1.0,STU-11533,4.83
-0.7261732201006349,0.36233720322928403,-0.9005853222591808,-0.6465212938455952,-0.44761904761904775,0.20361990950226252,-0.4,0.0,0.0,1.0,0.0,0.0,1.0,0.0,STU-12582,3.36
0.49235754803868004,0.22444395201505862,-1.2878106134713092,-0.4123760079172659,0.16190476190476186,0.7104072398190044,0.4,0.0,0.0,0.0,1.0,0.0,1.0,0.0,STU-13429,3.51
-0.29874459398839237,-0.037553225291967585,0.8263087062797114,0.7817649503172102,-0.03809523809523813,-0.43891402714932126,-0.8,0.0,0.0,1.0,0.0,0.0,1.0,0.0,STU-12012,4.85
1.3786433757125969,-0.28576107747757284,0.6919059316563652,-1.4426152660019125,1.134920634920635,-0.26923076923076933,-0.6,0.0,0.0,0.0,1.0,0.0,1.0,0.0,STU-11487,4.25
-0.9587446784264146,-1.4026964123127923,0.4427159224898354,1.5310298652878627,-0.4523809523809524,-0.03393665158371049,-0.2,0.0,0.0,0.0,1.0,0.0,1.0,0.0,STU-12581,3.63
1.3786433757125969,0.0038147500722989394,1.0667806976328347,0.34469374991766344,1.1206349206349209,0.8665158371040722,-1.0,0.0,0.0,1.0,0.0,0.0,1.0,0.0,STU-10790,4.72
-1.1571936834070984,-1.8439548161983117,-0.9470814172640142,0.6490826216244906,-0.43333333333333346,-0.47511312217194573,-0.6,1.0,0.0,0.0,0.0,0.0,1.0,0.0,STU-11976,3.23
0.06582688122499186,0.03139340031514451,-0.19079337195102034,-0.49822927942432005,0.8555555555555555,-0.12669683257918543,1.2,0.0,0.0,0.0,1.0,0.0,1.0,0.0,STU-12433,4.85
-0.7827446559096078,-1.7198508901055096,-0.9063973341347847,0.19640173549638829,-1.5000000000000002,-0.4547511312217195,-1.2,0.0,0.0,0.0,0.0,1.0,1.0,0.0,STU-12126,1.6
-0.3149078613623841,-0.1064998508990809,1.0667806976328347,0.13396299258216723,0.5603174603174603,-0.753393665158371,0.6,0.0,0.0,0.0,1.0,0.0,1.0,0.0,STU-14777,4.5
0.15831668897617066,0.7484383066291123,1.0667806976328347,-1.208469980073584,0.8428571428571431,0.36425339366515846,0.2,0.0,0.0,0.0,0.0,1.0,0.0,1.0,STU-13491,4.48
-0.5798058544361486,0.14170800128652436,-1.2434940229198272,1.9524913799588537,0.1809523809523811,-0.15837104072398195,0.8,0.0,0.0,1.0,0.0,0.0,0.0,1.0,STU-12482,4.67
1.1029698710561715,-0.8649127325773164,1.0667806976328347,0.1417678354464454,0.08730158730158744,-0.927601809954751,0.0,0.0,1.0,0.0,0.0,0.0,1.0,0.0,STU-12686,4.76
-1.3906631010314339,0.2382332771364808,0.5967342371933465,0.8910327504170973,0.4873015873015874,0.6312217194570136,1.0,1.0,0.0,0.0,0.0,0.0,1.0,0.0,STU-14733,3.87
0.36664324624096223,-0.46502230405606476,-0.4741289508867236,0.5710341929817145,-0.3317460317460318,-0.746606334841629,-0.8,0.0,1.0,0.0,0.0,0.0,0.0,1.0,STU-11851,3.82
0.5713779663115326,0.0038147500722989394,0.6279738010247184,0.4305470214247169,0.13015873015873022,-0.9570135746606336,1.2,0.0,1.0,0.0,0.0,0.0,1.0,0.0,STU-14401,4.64
-0.7324589351905215,-0.18923580162761516,1.0667806976328347,-1.309932937309193,13.510314494770762,-0.3619909502262443,0.4,0.0,1.0,0.0,0.0,0.0,1.0,0.0,STU-12446,3.89
1.3786433757125969,1.7688483656143752,1.0667806976328347,-0.9977392227380878,1.3285714285714287,-0.5429864253393665,-0.2,0.0,0.0,0.0,0.0,1.0,1.0,0.0,STU-13166,4.88
1.3786433757125969,0.38991585347212837,1.0667806976328347,-1.28651840871636,0.0,0.6244343891402716,-0.6,0.0,0.0,0.0,0.0,1.0,1.0,0.0,STU-12051,5.8
-0.22870376870109188,-0.06513187553481316,0.803787160261745,1.8744429513160779,0.3015873015873017,-0.5972850678733032,-1.0,0.0,0.0,1.0,0.0,0.0,1.0,0.0,STU-12939,4.59
0.5893371522826343,-0.547758254784599,-1.5980267473316825,0.43835186428899503,-1.3365079365079366,0.21040723981900447,-1.0,0.0,0.0,0.0,0.0,1.0,1.0,0.0,STU-11484,3.32
0.23554118865191206,0.5140197795649304,0.4260063883474741,-0.9353004798238674,0.18571428571428572,1.1990950226244343,-1.2,0.0,0.0,1.0,0.0,0.0,1.0,0.0,STU-10479,4.26
-1.787561110992803,-0.32712905284183935,-1.0324207045904966e-15,-0.5060341222885975,-1.3158730158730159,0.020361990950226214,-0.2,0.0,0.0,0.0,1.0,0.0,1.0,0.0,STU-10441,2.1
-0.7971120046864909,0.30717990274359414,0.1564743376163296,-1.387981365951969,1.1317460317460322,-0.916289592760181,-0.4,1.0,0.0,0.0,0.0,0.0,1.0,0.0,STU-13767,4.57
-1.9249488836717377,-0.8649127325773164,-0.7472935090401205,-0.49822927942432005,-1.0444444444444447,0.8823529411764705,-0.4,0.0,1.0,0.0,0.0,0.0,1.0,0.0,STU-13142,2.21
1.156847428969479,0.541598429807776,1.0667806976328347,-1.0289585941951982,1.1380952380952383,-0.6900452488687783,-0.2,0.0,1.0,0.0,0.0,0.0,1.0,0.0,STU-13916,4.43
-0.06976497285683242,0.5691770800506203,-0.7531055209157245,-0.31871789354593505,-1.5650793650793653,-0.10407239819004524,0.0,0.0,0.0,0.0,1.0,0.0,1.0,0.0,STU-14664,3.77
-1.942010110344285,-1.2372245108557225,-1.871191305485079,-9.073657626061491,0.24761904761904774,0.042986425339366606,0.0,0.0,0.0,1.0,0.0,0.0,1.0,0.0,STU-12580,2.45
0.0,-1.4026964123127923,-0.8584482361610505,-0.2718888363602689,-0.8301587301587302,-0.3393665158371041,0.4,0.0,0.0,0.0,1.0,0.0,1.0,0.0,STU-10867,1.67
-1.0126222363397221,-0.9890166586701185,-2.682693463616313,0.8910327504170973,-0.5952380952380953,0.32352941176470584,0.2,0.0,1.0,0.0,0.0,0.0,0.0,1.0,STU-13716,3.59
-1.1715610321839816,0.15549732640794653,-2.0738852196467747,-1.38641860024038e-15,-0.9015873015873017,-0.6221719457013575,0.0,0.0,0.0,0.0,0.0,1.0,0.0,1.0,STU-13239,3.37
0.8937453544928244,1.7688483656143752,0.3199371716176972,-0.6777406653027057,-0.09682539682539675,0.15384615384615377,-0.4,0.0,0.0,1.0,0.0,0.0,1.0,0.0,STU-14902,4.91
-0.3732752157684682,0.8311742573576478,0.8510097567510294,2.085173708651573,0.7142857142857146,-0.3212669683257918,-1.2,0.0,1.0,0.0,0.0,0.0,1.0,0.0,STU-14089,4.88
0.7626432969037755,-2.037005367898226,-1.6583263705410758,0.1729872069035559,-1.3603174603174606,0.14479638009049767,-1.0,1.0,0.0,0.0,0.0,0.0,1.0,0.0,STU-14142,2.3
-1.05931611986459,-0.6856515059988245,0.22113296973242616,-0.9587150084166998,0.20476190476190495,-0.8054298642533937,0.2,0.0,0.0,1.0,0.0,0.0,0.0,1.0,STU-10210,3.4
0.8641126976405052,-0.009974575049123234,0.13395279159836324,-1.2006651372093065,0.40793650793650804,-0.6334841628959276,-0.4,1.0,0.0,0.0,0.0,0.0,1.0,0.0,STU-11953,4.35
-0.7746630222226126,-1.3337497867056802,-0.397119793534969,-1.7470041377087404,0.41111111111111115,1.3846153846153846,-1.2,0.0,0.0,0.0,1.0,0.0,0.0,1.0,STU-14671,4.74
-0.4882140059835254,-0.14786782626334743,0.5923752282866432,-0.9353004798238674,-0.06666666666666667,-0.09954751131221728,0.0,0.0,0.0,0.0,0.0,1.0,1.0,0.0,STU-14824,3.56
-0.6480507611263379,-2.340370520569521,-0.015706514198444606,-0.7713987796740374,-0.29682539682539677,0.6040723981900454,-0.2,0.0,0.0,0.0,0.0,1.0,1.0,0.0,STU-12636,3.23
-0.023969048630521444,0.9139102080861821,-1.0324207045904966e-15,-1.387981365951969,-0.1603174603174603,-0.12895927601809962,-0.2,0.0,0.0,0.0,1.0,0.0,1.0,0.0,STU-10258,3.52
1.0571739468298593,-0.3960756784489527,1.0667806976328347,-0.1470113505318268,-0.21746031746031738,-0.03846153846153844,0.0,0.0,0.0,0.0,1.0,0.0,1.0,0.0,STU-10743,4.93
0.8650106569390608,1.0242248090575619,1.0667806976328347,0.5788390358459921,1.4047619047619049,0.4366515837104072,1.2,0.0,0.0,0.0,1.0,0.0,1.0,0.0,STU-12959,5.11
-0.5941732032130305,-0.14786782626334743,-1.0324207045904966e-15,0.0871339353965018,-0.44603174603174617,-0.11085972850678738,-0.4,0.0,0.0,1.0,0.0,0.0,1.0,0.0,STU-12347,3.66
-2.440377521042384,-0.6994408311202467,-0.13049374874162706,-1.1772506086164733,-0.10793650793650791,0.3461538461538462,0.2,0.0,1.0,0.0,0.0,0.0,1.0,0.0,STU-10915,3.11
1.3786433757125969,1.3000113114860115,1.0667806976328347,1.1407877220739815,0.8000000000000003,0.23303167420814486,-0.2,0.0,0.0,0.0,0.0,1.0,0.0,1.0,STU-10038,6.48
-0.5591527905693802,0.5553877549291981,1.0217376055969019,-1.224079665802139,0.12539682539682556,1.3416289592760182,1.0,0.0,0.0,1.0,0.0,0.0,1.0,0.0,STU-14064,4.66
0.6171738905378437,0.1003400259222566,-0.1748103392931089,-0.6777406653027057,-0.8412698412698414,-0.5656108597285068,0.4,0.0,0.0,1.0,0.0,0.0,1.0,0.0,STU-12263,3.89
-0.38764256454535007,0.0038147500722989394,1.0667806976328347,0.6803019930816011,0.7380952380952382,-0.6153846153846154,0.2,0.0,0.0,0.0,0.0,1.0,1.0,0.0,STU-12880,4.77
-0.25474458835919,-0.7959661069702043,-2.7415400838568056,-0.9587150084166998,-1.4238095238095239,1.400452488687783,1.6,0.0,0.0,1.0,0.0,0.0,1.0,0.0,STU-13400,2.49
-0.1586629434137914,1.0518034593004075,-0.23510996250250216,-0.20945009344604784,0.3206349206349206,-0.823529411764706,-0.6,0.0,0.0,0.0,1.0,0.0,1.0,0.0,STU-12150,4.26
0.16370444476750168,1.630955114400151,1.0667806976328347,-1.2552990372592494,0.3142857142857144,0.07239819004524893,0.8,0.0,0.0,1.0,0.0,0.0,0.0,1.0,STU-11584,4.74
0.1735819970516081,1.3965365873359692,-0.5562236186296333,0.21981626408922136,-1.042857142857143,0.38687782805429866,-0.8,0.0,0.0,0.0,0.0,1.0,1.0,0.0,STU-11714,4.15
-1.1356426602417757,-1.5957469640127075,1.0667806976328347,-0.13920650766754936,-0.40476190476190466,0.10633484162895922,-0.6,1.0,0.0,0.0,0.0,0.0,1.0,0.0,STU-12408,3.2
0.6602759368684904,1.7274803902501075,1.0667806976328347,-1.38641860024038e-15,0.8730158730158735,0.2647058823529412,0.2,0.0,0.0,0.0,0.0,1.0,1.0,0.0,STU-11813,5.95
0.9539086274960185,1.4654832129430813,1.0667806976328347,-0.6153019223884847,1.4650793650793652,-0.35294117647058815,0.2,0.0,0.0,1.0,0.0,0.0,1.0,0.0,STU-12396,5.96
-1.4427447403476314,-1.3475391118271023,-0.26417002188052247,0.18859689263211082,0.05555555555555551,0.0,-0.8,0.0,0.0,1.0,0.0,0.0,1.0,0.0,STU-10240,2.52
0.0,1.3275899617288558,0.5894692223488417,0.34469374991766344,-0.22380952380952387,-0.06561085972850679,0.0,0.0,1.0,0.0,0.0,0.0,1.0,0.0,STU-14186,4.92
0.0191329977001253,-0.2443931021133051,1.0667806976328347,0.09493877826077925,0.3603174603174603,-0.21493212669683262,-1.0,0.0,0.0,0.0,0.0,1.0,0.0,1.0,STU-13567,4.83
0.32533711850742536,-0.6856515059988245,0.9105828784759719,-0.5762777080670967,0.3301587301587302,-0.6199095022624435,0.2,0.0,0.0,0.0,0.0,1.0,1.0,0.0,STU-10330,3.43
-0.10209150760481715,-1.319960461584258,0.29450961966192934,-1.8094428806229608,-1.096825396825397,1.744343891402715,0.4,1.0,0.0,0.0,0.0,0.0,1.0,0.0,STU-14169,3.62
-2.8660102285575175,-2.0232160427768036,-1.3459307322273508,-0.3265227364102125,-0.43333333333333346,-0.4434389140271493,-0.6,0.0,1.0,0.0,0.0,0.0,1.0,0.0,STU-13046,2.49
0.0,-1.2785924862199902,-0.9855859959398919,0.2822550070034424,-1.0666666666666669,-0.5135746606334842,1.2,0.0,0.0,0.0,1.0,0.0,1.0,0.0,STU-14263,2.81
0.9090106625682619,0.8035956071148022,0.4049378452984085,-0.5840825509313742,0.6650793650793652,-0.8597285067873303,0.6,0.0,0.0,0.0,1.0,0.0,1.0,0.0,STU-11109,5.44
0.24721465953312965,-0.547758254784599,-2.3136307095154476,-1.005544065602366,-1.1444444444444446,-0.19230769230769224,0.8,0.0,0.0,0.0,1.0,0.0,1.0,0.0,STU-14994,2.99
0.4492555017080346,-0.175446476506193,-1.0324207045904966e-15,-1.247494194394972,-0.288888888888889,-1.095022624434389,0.6,0.0,0.0,0.0,0.0,1.0,1.0,0.0,STU-12762,4.15
0.788684116561875,1.1207500849075196,-0.7916100995916023,-0.2172549363103253,0.6142857142857145,0.09502262443438912,-1.2,0.0,0.0,0.0,1.0,0.0,1.0,0.0,STU-14700,4.6
-0.22331601290976089,-0.8924913828201607,0.07002066096671757,-0.7713987796740374,-0.04761904761904746,0.0022624434389139788,0.4,0.0,0.0,0.0,0.0,1.0,1.0,0.0,STU-11917,3.82
-0.20356090834154805,0.9001208829647599,0.2988686285686326,0.36810827851049654,0.08253968253968248,2.513574660633484,-0.8,0.0,0.0,1.0,0.0,0.0,1.0,0.0,STU-11802,4.57
-0.4540915526384295,-0.5063902794203325,-3.6787269987979796,-0.7792036225383148,-1.7476190476190478,-0.3212669683257918,-0.2,0.0,0.0,0.0,0.0,1.0,1.0,0.0,STU-11373,2.85
1.3579903118458283,1.6447444395215731,0.7492995489279559,0.7271310502672672,1.631746031746032,-0.45701357466063347,0.6,0.0,0.0,0.0,1.0,0.0,0.0,1.0,STU-14917,6.04
0.12599015422818594,-0.07892120065623533,1.0667806976328347,-1.38641860024038e-15,1.074603174603175,-0.6855203619909503,-0.4,0.0,0.0,1.0,0.0,0.0,0.0,1.0,STU-11341,5.75
0.9036229067769308,0.34854787810786064,0.5095540590592836,0.7427407359958221,0.46349206349206357,1.2013574660633484,0.8,0.0,0.0,1.0,0.0,0.0,1.0,0.0,STU-12640,5.34
1.3786433757125969,1.1759073853932094,1.0667806976328347,0.7583504217243777,2.27936507936508,-0.8167420814479638,0.6,0.0,1.0,0.0,0.0,0.0,1.0,0.0,STU-13262,5.91
-0.9389895738582018,-1.5543789886484398,-1.2769130912045519,0.42274217856043944,0.0,-0.8710407239819005,-0.4,0.0,0.0,0.0,1.0,0.0,1.0,0.0,STU-11781,2.62
1.3786433757125969,0.5553877549291981,0.18989340590105422,-1.6377363376088532,0.011111111111111158,0.13800904977375572,0.4,0.0,1.0,0.0,0.0,0.0,0.0,1.0,STU-13652,4.55
-0.9713161086061866,1.093171434664674,1.0667806976328347,-0.17042587912465987,-0.07460317460317471,0.8755656108597285,0.6,0.0,0.0,1.0,0.0,0.0,0.0,1.0,STU-12177,4.83
-0.27898948942017826,-0.5201796045417547,0.667931382669498,-0.7323745653526487,0.5190476190476191,0.5045248868778279,0.4,0.0,0.0,0.0,1.0,0.0,1.0,0.0,STU-13373,3.24
0.25799017111579037,0.22444395201505862,0.06929415948226668,1.101763507752593,0.03333333333333347,-1.004524886877828,0.0,0.0,1.0,0.0,0.0,0.0,0.0,1.0,STU-14627,3.37
0.4555412167979199,0.14170800128652436,0.46523746850780173,1.0315199219740943,0.15555555555555564,0.08371040723981903,-0.4,1.0,0.0,0.0,0.0,0.0,1.0,0.0,STU-10310,3.96
-0.03564251951173777,-0.2443931021133051,-1.5340946167000364,-0.1314016648032719,-0.8444444444444444,1.0814479638009051,0.6,0.0,0.0,0.0,1.0,0.0,1.0,0.0,STU-12565,3.14
0.03350034647700712,-0.4374436538132192,-0.9245598712460478,2.0695640229230183,0.06031746031746045,2.5746606334841635,-0.2,0.0,0.0,0.0,0.0,1.0,1.0,0.0,STU-13995,4.34
0.032602387178452805,0.29339057762217075,0.4034848423295077,-0.029938707567662853,-0.17777777777777767,-0.1085972850678734,-0.2,0.0,0.0,0.0,1.0,0.0,1.0,0.0,STU-11863,4.9
-0.8285405801359201,-1.678482914741242,-3.169449458198163,0.8129843217743213,-1.26984126984127,-0.6923076923076923,-1.2,1.0,0.0,0.0,0.0,0.0,1.0,0.0,STU-11750,2.99
1.036520882963091,0.6381237056577325,1.0667806976328347,1.0861538220240379,0.23809523809523814,1.0294117647058822,-0.2,0.0,0.0,0.0,0.0,1.0,0.0,1.0,STU-13640,5.46
0.41333712976582876,0.8035956071148022,-1.0139195538334624,1.6402976653877486,0.44444444444444464,-0.2285067873303167,0.4,0.0,0.0,0.0,1.0,0.0,1.0,0.0,STU-10542,3.58
-1.5415202631886955,0.045182725436566686,-1.0324207045904966e-15,1.492005650966474,-0.2,-0.49321266968325794,-1.2,0.0,0.0,0.0,1.0,0.0,1.0,0.0,STU-13838,5.0
0.5965208266710764,1.148328735150364,-0.06801462107888216,-0.8806665797739238,0.49682539682539706,0.13800904977375572,-0.2,0.0,0.0,0.0,1.0,0.0,0.0,1.0,STU-13220,5.2
-0.27539765222595847,-0.2719717523561507,0.12814077972275917,0.4305470214247169,-0.4936507936507936,0.34162895927601805,0.0,0.0,0.0,0.0,0.0,1.0,1.0,0.0,STU-12178,3.79
0.6575820589728248,0.596755730293466,1.0667806976328347,-0.8572520511810907,0.5142857142857145,0.39366515837104077,0.0,0.0,0.0,1.0,0.0,0.0,1.0,0.0,STU-12346,4.58
1.1622351847608101,0.11412935104367879,-0.08109164779899103,-0.34213242213876743,-0.5571428571428572,0.4004524886877827,0.6,0.0,0.0,0.0,0.0,1.0,1.0,0.0,STU-10445,3.89
0.6845208379294786,-1.0579632842772306,-0.5075480191714482,1.9134671656374664,-1.1285714285714288,1.251131221719457,0.0,0.0,0.0,0.0,1.0,0.0,1.0,0.0,STU-11660,3.24
0.8730922906260573,-0.46502230405606476,0.05258462533990539,-0.357742107867323,0.3492063492063494,1.4072398190045248,-0.2,0.0,0.0,0.0,1.0,0.0,1.0,0.0,STU-11124,4.38
0.308275891834878,0.9139102080861821,-1.0324207045904966e-15,1.008105393381262,1.4,-0.828054298642534,0.2,0.0,0.0,0.0,0.0,1.0,1.0,0.0,STU-14727,6.26
-1.0404589745949315,-0.42365432869179703,-1.133792298767799,-2.1762704952440095,-1.7476190476190478,-0.02262443438914019,-0.2,0.0,0.0,0.0,1.0,0.0,0.0,1.0,STU-12141,2.35
-1.0844589802241338,-0.175446476506193,-1.8254217119646963,0.9690811790598732,-0.23174603174603164,-0.4479638009049774,0.4,0.0,0.0,0.0,0.0,1.0,1.0,0.0,STU-14641,3.05
0.5237861234881105,1.2448540110003217,1.0667806976328347,-0.8728617369096463,0.0,-0.26696832579185514,0.6,0.0,0.0,0.0,1.0,0.0,1.0,0.0,STU-13377,5.18
-0.25474458835919,-2.230055919598141,-0.7240454615377042,-1.2396893515306946,-0.8031746031746032,-0.5497737556561086,1.4,1.0,0.0,0.0,0.0,0.0,1.0,0.0,STU-10825,2.81
-0.14070375744268848,1.0104354839361398,1.0667806976328347,1.070544136295483,0.5285714285714287,-0.4479638009049774,-1.2,0.0,0.0,0.0,0.0,1.0,1.0,0.0,STU-14372,5.85
-0.6273976972595707,-0.40986500357037486,-0.7603705357602304,0.7037165216744341,-0.6555555555555557,1.9117647058823528,-1.0,0.0,0.0,1.0,0.0,0.0,1.0,0.0,STU-11020,3.55
-0.06707109496116691,0.03139340031514451,1.0667806976328347,0.26664532127488677,1.0412698412698416,1.0656108597285068,-0.8,0.0,0.0,0.0,0.0,1.0,1.0,0.0,STU-14193,4.76
0.7464800295297825,0.6794916810220002,1.0667806976328347,-1.28651840871636,1.30952380952381,-0.058823529411764656,-0.4,0.0,1.0,0.0,0.0,0.0,1.0,0.0,STU-12115,5.64
0.8398677965795169,-0.21681445187046075,1.0667806976328347,0.6412777787602131,1.6285714285714288,-0.029411764705882328,1.2,0.0,0.0,0.0,1.0,0.0,1.0,0.0,STU-14859,4.84
0.180765671440049,-1.4854323630413278,0.06493515057556337,0.42274217856043944,-0.692063492063492,-0.042986425339366606,-0.4,0.0,0.0,0.0,0.0,1.0,1.0,0.0,STU-14564,4.03
0.29929629884932724,0.5140197795649304,-0.07818564186118951,1.2656652079024235,-0.15873015873015875,0.39819004524886875,0.4,0.0,0.0,0.0,0.0,1.0,1.0,0.0,STU-12025,4.51
1.16582702195503,0.05897205055798886,0.5473321362507104,-0.9196907940953117,0.6968253968253968,-1.0565610859728507,0.6,0.0,1.0,0.0,0.0,0.0,1.0,0.0,STU-11674,4.54
-0.3472343961103688,-0.009974575049123234,-0.8155846485784695,-0.8884714226382012,-1.5142857142857145,0.006787330316742138,1.0,0.0,0.0,1.0,0.0,0.0,0.0,1.0,STU-11478,3.27
-1.2829079852048175,0.03139340031514451,0.18626089847880078,-0.4201808507815441,-0.9126984126984129,0.495475113122172,-0.6,0.0,0.0,0.0,1.0,0.0,1.0,0.0,STU-12355,2.9
0.5902351115811899,-0.16165715138477083,0.5967342371933465,-1.981149423637069,-0.1841269841269842,-0.9773755656108598,-0.4,1.0,0.0,0.0,0.0,0.0,1.0,0.0,STU-12572,4.8
0.027214631387121803,-0.6994408311202467,0.11143124558039687,-0.08457260761760575,-0.12539682539682528,-0.8733031674208146,0.0,0.0,0.0,1.0,0.0,0.0,0.0,1.0,STU-13060,4.23
-1.7866631516942473,-0.3133397277204172,0.4630579640544501,-0.5918873937956516,0.461904761904762,-0.6153846153846154,-0.8,1.0,0.0,0.0,0.0,0.0,1.0,0.0,STU-11762,4.04
-1.3421732989094561,-1.085541934520076,-1.0800311889184597,-1.411395894544802,-0.5396825396825399,0.40950226244343885,-0.6,0.0,0.0,1.0,0.0,0.0,1.0,0.0,STU-12252,2.67
-0.26013234415052106,0.0038147500722989394,1.0667806976328347,1.2812748936309786,0.04761904761904774,0.1855203619909503,-0.4,0.0,0.0,0.0,1.0,0.0,1.0,0.0,STU-13960,5.57
0.19513302021693082,1.7688483656143752,0.7863511246349328,1.0159102362455394,0.5047619047619049,0.058823529411764656,1.2,0.0,0.0,1.0,0.0,0.0,1.0,0.0,STU-12870,4.86
0.0,-0.5339689296631769,-0.5220780488604588,0.7505455788600996,-0.22063492063492077,1.0542986425339365,-0.8,0.0,1.0,0.0,0.0,0.0,0.0,1.0,STU-14125,4.55
-1.3385814617152363,-1.0303846340343863,-0.8758842717878627,-1.3645668373591366,-0.9492063492063493,0.02714932126696835,-1.2,0.0,0.0,1.0,0.0,0.0,1.0,0.0,STU-11933,2.87
1.0437045573515318,0.9828568336932941,-1.3437512277740002,1.1251780363454251,-1.1825396825396828,-0.8167420814479638,-0.4,1.0,0.0,0.0,0.0,0.0,1.0,0.0,STU-13544,4.08
1.3454188816660564,-0.8511234074558942,1.0667806976328347,0.11054846398933486,1.3190476190476192,0.5045248868778279,-0.6,0.0,0.0,0.0,1.0,0.0,1.0,0.0,STU-14512,3.84
0.6333371579118366,0.7208596563862679,-0.6746433605950681,0.6334729358959357,-0.017460317460317374,1.4276018099547512,1.2,0.0,0.0,0.0,0.0,1.0,1.0,0.0,STU-12542,4.76
0.08019423000187496,0.0038147500722989394,1.0667806976328347,0.7427407359958221,0.8079365079365083,0.2828054298642534,1.0,0.0,0.0,0.0,0.0,1.0,0.0,1.0,STU-13676,4.96
0.20321465390392732,0.78980628199338,0.69917094650087,-2.285538295343896,0.29047619047619055,-0.3891402714932126,1.0,0.0,0.0,0.0,1.0,0.0,0.0,1.0,STU-10644,5.28
0.9063167846725964,0.6932810061434224,0.4463484299120878,-0.1314016648032719,-0.2460317460317459,-0.171945701357466,-0.4,0.0,0.0,0.0,1.0,0.0,1.0,0.0,STU-13412,4.42
0.6126840940450682,0.8311742573576478,1.0667806976328347,-0.396766322188711,0.5015873015873017,0.2918552036199095,1.6,0.0,0.0,0.0,0.0,1.0,1.0,0.0,STU-11501,4.54
1.3786433757125969,0.03139340031514451,1.0667806976328347,-0.8884714226382012,-0.40793650793650804,0.2375565610859728,-0.4,0.0,0.0,1.0,0.0,0.0,1.0,0.0,STU-12423,4.17
0.09096974158453569,0.29339057762217075,-0.34699119110788207,-0.5840825509313742,0.2428571428571428,-0.23529411764705885,-1.2,0.0,1.0,0.0,0.0,0.0,1.0,0.0,STU-12212,3.71
-0.4936017617748551,0.15549732640794653,-1.4272988984858097,0.1417678354464454,-1.6190476190476193,-0.9457013574660633,-0.2,0.0,0.0,0.0,0.0,1.0,1.0,0.0,STU-11515,3.48
0.09007178228598137,-1.4716430379199044,0.40203183936060594,-1.38641860024038e-15,-0.025396825396825425,0.19909502262443438,0.6,0.0,1.0,0.0,0.0,0.0,1.0,0.0,STU-14663,3.92
-2.3631530213666427,-0.6856515059988245,-3.0059866241967956,-1.387981365951969,-0.8222222222222223,0.042986425339366606,-1.2,0.0,0.0,0.0,0.0,1.0,1.0,0.0,STU-11972,1.59
0.6557861403757149,-1.3475391118271023,-0.30776011094755445,0.2510356355463319,-0.3539682539682541,0.13348416289592757,0.4,1.0,0.0,0.0,0.0,0.0,0.0,1.0,STU-12968,4.55
-1.2389079795756166,-2.299002545205253,-1.8174301956357406,0.6724971502173236,-1.261904761904762,1.5,1.4,0.0,0.0,0.0,0.0,1.0,1.0,0.0,STU-13009,1.92
-0.4118874656063383,-0.6994408311202467,0.0562171327621578,0.7583504217243777,0.42222222222222233,-0.47285067873303166,0.6,0.0,0.0,0.0,1.0,0.0,1.0,0.0,STU-12322,3.68
-0.7899283302980501,-1.513011013284172,-0.9950305152377484,-0.045548393296217765,-0.8904761904761905,0.6583710407239818,-0.4,0.0,0.0,0.0,0.0,1.0,0.0,1.0,STU-11364,3.04
1.06615353981541,0.8725422327219143,0.22476547715467857,0.2510356355463319,0.10634920634920636,1.092760180995475,-0.6,1.0,0.0,0.0,0.0,0.0,1.0,0.0,STU-11845,4.73
-0.004213944062308618,-0.658072855755979,1.0667806976328347,-0.05335323616049523,0.07460317460317471,-0.583710407239819,0.4,0.0,0.0,0.0,0.0,1.0,1.0,0.0,STU-11048,3.31
0.9081127032697075,-1.2247380995076246e-15,-0.6310532715280373,0.7115213645387116,-0.40317460317460313,-0.6561085972850679,-1.0,0.0,0.0,1.0,0.0,0.0,0.0,1.0,STU-10619,4.03
-0.2637241813447421,1.5206405134287713,1.0667806976328347,0.6100584073031026,0.39523809523809533,10.095484016179158,-1.2,0.0,0.0,0.0,0.0,1.0,1.0,0.0,STU-12266,4.67
-0.9416834517538674,-0.5891262301488668,-0.47921446127787776,0.6334729358959357,-0.36190476190476184,-0.11312217194570136,0.4,1.0,0.0,0.0,0.0,0.0,1.0,0.0,STU-14470,3.14
0.264275886205677,-0.4512329789346426,-0.03895456170086083,0.7037165216744341,-0.10793650793650791,-0.5497737556561086,-0.8,0.0,1.0,0.0,0.0,0.0,0.0,1.0,STU-11246,4.64
-1.3466630954022316,1.0380141341789841,-0.12104922944376957,1.9759059085516861,-0.5238095238095237,-0.8167420814479638,-0.6,0.0,0.0,0.0,1.0,0.0,0.0,1.0,STU-10957,4.61
0.07570443350909828,1.7688483656143752,0.216047459341273,0.5710341929817145,0.5936507936507938,2.32579185520362,1.6,0.0,1.0,0.0,0.0,0.0,1.0,0.0,STU-13302,4.97
-1.1805406251695325,-1.0028059837915406,-1.3829823079343277,-0.8728617369096463,-0.9380952380952383,-0.19909502262443438,-0.2,0.0,0.0,0.0,1.0,0.0,1.0,0.0,STU-14897,2.2
-2.2562958648385814,0.3347585529864385,-1.935123436116725,-2.5430981098650576,-0.842857142857143,0.5135746606334842,0.2,1.0,0.0,0.0,0.0,0.0,1.0,0.0,STU-13744,2.62
0.1035411717643076,-0.7683874567273588,-1.2718275808133976,0.3837179642390514,-0.5174603174603175,0.38687782805429866,0.6,0.0,1.0,0.0,0.0,0.0,0.0,1.0,STU-13776,3.07
1.302316835335411,0.6794916810220002,1.0667806976328347,0.009085506753725131,0.07301587301587316,-0.6855203619909503,1.4,0.0,0.0,0.0,0.0,1.0,0.0,1.0,STU-13039,4.63
-0.8563773183911294,-1.6509042644983976,-0.09707468045690244,1.6324928225234712,-0.004761904761904661,-0.029411764705882328,0.0,1.0,0.0,0.0,0.0,0.0,0.0,1.0,STU-11204,3.88
-1.3466630954022316,-0.8511234074558942,-2.1189283116827076,0.6178632501673801,-1.4841269841269844,0.3778280542986425,0.6,0.0,0.0,0.0,1.0,0.0,1.0,0.0,STU-12083,2.44
-0.9228263064842088,-0.478811629177487,-2.240254059585945,0.19640173549638829,-1.6444444444444446,0.5452488687782804,-0.6,0.0,1.0,0.0,0.0,0.0,1.0,0.0,STU-14199,1.39
1.3786433757125969,-0.5063902794203325,-1.0324207045904966e-15,1.2422506793095898,-0.025396825396825425,-0.2760180995475113,0.8,1.0,0.0,0.0,0.0,0.0,1.0,0.0,STU-11915,4.93
-0.14070375744268848,1.4379045627002356,0.8154111840129542,-0.08457260761760575,0.9984126984126988,-0.8076923076923077,-0.4,0.0,0.0,0.0,0.0,1.0,0.0,1.0,STU-10869,6.17
-0.6471528018277836,0.15549732640794653,-1.2166134679951588,0.39932764996760634,0.0,-0.4457013574660634,0.4,0.0,0.0,0.0,1.0,0.0,0.0,1.0,STU-10476,2.93
0.3468881416727494,0.9001208829647599,-0.017886018651796256,-0.9509101655524224,0.1603174603174603,0.35520361990950233,0.6,1.0,0.0,0.0,0.0,0.0,0.0,1.0,STU-11642,4.28
-0.7522140397587344,0.30717990274359414,-2.6790609561940606,1.0159102362455394,-0.4952380952380952,-0.8167420814479638,0.8,0.0,0.0,1.0,0.0,0.0,1.0,0.0,STU-11432,3.49
1.3786433757125969,1.7688483656143752,1.0667806976328347,1.585663765337805,0.5936507936507938,-0.46153846153846156,1.2,0.0,0.0,1.0,0.0,0.0,1.0,0.0,STU-14054,5.97
-0.17572417008633873,-0.02376390017054541,-0.39784629501941887,-1.4894443231875787,0.20793650793650806,1.8054298642533937,-0.2,0.0,0.0,0.0,0.0,1.0,0.0,1.0,STU-12839,3.45
0.7761126863821031,1.7688483656143752,1.0667806976328347,0.18079204976783336,1.0984126984126985,0.006787330316742138,-0.4,0.0,0.0,0.0,0.0,1.0,1.0,0.0,STU-10412,6.06
-2.3173570971403303,-2.3679491708123654,-1.5805907117048699,1.289079736495256,-1.6952380952380954,2.0339366515837103,0.4,0.0,0.0,0.0,0.0,1.0,1.0,0.0,STU-10301,1.9
-0.18200988517622405,0.43128382883639615,0.897505851755863,0.6022535644388252,1.1761904761904767,-0.020361990950226214,0.4,0.0,0.0,0.0,1.0,0.0,1.0,0.0,STU-13342,4.65
0.5489289838476543,0.05897205055798886,0.2916036137241268,-0.08457260761760575,0.9571428571428572,0.0,0.0,0.0,0.0,1.0,0.0,0.0,0.0,1.0,STU-14447,5.59
-0.3005405125855023,-1.2372245108557225,0.6802819079051571,-0.08457260761760575,0.10000000000000014,2.7624434389140275,-1.2,0.0,0.0,1.0,0.0,0.0,1.0,0.0,STU-11134,2.9
-0.394826238933791,-1.3475391118271023,-1.0262700790691215,-0.15481619339610495,-1.2000000000000002,-0.3167420814479639,-0.6,0.0,1.0,0.0,0.0,0.0,1.0,0.0,STU-11805,2.88
0.8084392211300878,1.7688483656143752,1.0667806976328347,0.7817649503172102,0.8396825396825399,-0.49095022624434387,0.4,0.0,1.0,0.0,0.0,0.0,0.0,1.0,STU-10078,5.97
-1.0108263177426122,-1.306171136462836,0.3046806404442367,-0.10798713621043882,-0.37777777777777766,0.0,-1.2,0.0,0.0,1.0,0.0,0.0,1.0,0.0,STU-10192,3.02
0.3630514090467411,-0.8235447572130487,0.27634708255066626,-0.44359537937437643,-0.14920634920634915,0.32579185520362003,-0.4,0.0,0.0,0.0,1.0,0.0,1.0,0.0,STU-12096,3.44
-1.0664997942530308,-1.4992216881627498,-0.22711844617354646,0.3837179642390514,0.0,0.27375565610859726,-0.6,0.0,0.0,0.0,1.0,0.0,1.0,0.0,STU-10829,3.82
0.15203097388628534,0.6105450554148881,0.258911046923853,0.2510356355463319,-0.23492063492063503,0.414027149321267,0.0,0.0,0.0,0.0,0.0,1.0,1.0,0.0,STU-11783,5.13
-0.9776018236960718,-0.7821767818487809,-2.6572659116605446,0.4305470214247169,-1.7476190476190478,-0.40497737556561086,0.6,0.0,0.0,1.0,0.0,0.0,1.0,0.0,STU-11891,2.16
1.0410106794558662,1.3138006366074337,0.5916487268021923,-0.05335323616049523,0.43174603174603193,1.1447963800904977,0.6,0.0,0.0,0.0,0.0,1.0,1.0,0.0,STU-14049,4.83
0.9152963776581484,0.8725422327219143,1.0667806976328347,0.8754230646885424,1.0793650793650793,-0.7171945701357466,-1.2,0.0,0.0,1.0,0.0,0.0,1.0,0.0,STU-11981,5.38
-0.19637723395310713,0.4450731539578183,1.0667806976328347,0.32908406418910785,0.27460317460317474,2.0226244343891406,-0.2,0.0,0.0,0.0,0.0,1.0,0.0,1.0,STU-11744,4.99
0.6692555298540411,-0.9200700330630064,1.0667806976328347,1.8588332655875228,1.3111111111111113,0.15837104072398195,-1.2,0.0,0.0,1.0,0.0,0.0,1.0,0.0,STU-13201,5.45
-0.3993160354265664,0.6519130307791559,-0.3368201703255747,-0.061158079024773375,-0.5825396825396826,0.5045248868778279,1.2,1.0,0.0,0.0,0.0,0.0,0.0,1.0,STU-14020,5.01
-0.45229563404131956,-0.2719717523561507,-3.704154550753748,-0.7948133082668697,-1.666666666666667,0.4479638009049773,0.4,0.0,0.0,0.0,0.0,1.0,1.0,0.0,STU-13279,1.76
-0.4774384944008634,-0.3133397277204172,1.0667806976328347,-0.8104229939954253,0.3571428571428572,0.7149321266968324,-0.6,1.0,0.0,0.0,0.0,0.0,1.0,0.0,STU-14954,4.8
0.31186772902909915,-0.037553225291967585,1.0667806976328347,-1.4660297945947456,0.5476190476190479,0.0,0.2,0.0,0.0,0.0,1.0,0.0,0.0,1.0,STU-14486,4.61
0.8066433025329767,-1.2247380995076246e-15,0.6141702728201587,0.7271310502672672,0.573015873015873,0.13800904977375572,0.6,1.0,0.0,0.0,0.0,0.0,1.0,0.0,STU-11722,5.03
0.2517044560259051,-0.14786782626334743,0.4993830382769762,0.4929857643389379,0.3539682539682541,-0.8099547511312217,0.4,0.0,1.0,0.0,0.0,0.0,1.0,0.0,STU-10660,3.3
0.7572555411124445,0.6381237056577325,-0.005535493416137247,-0.40457116505298846,0.2984126984126986,0.0,1.2,1.0,0.0,0.0,0.0,0.0,1.0,0.0,STU-14624,5.38
0.3415003858814184,0.38991585347212837,0.897505851755863,0.8129843217743213,0.30000000000000016,-0.20135746606334834,0.2,0.0,0.0,0.0,0.0,1.0,0.0,1.0,STU-13996,4.64
-1.9249488836717377,0.8863315578433377,-0.8976793163213792,0.2120114212249439,0.0,-0.8506787330316743,-0.4,0.0,0.0,0.0,0.0,1.0,1.0,0.0,STU-13513,3.41
-1.0207038700267186,-0.7959661069702043,-0.5424200904250736,-0.4123760079172659,-0.6253968253968254,-0.9773755656108598,2.0,0.0,0.0,0.0,0.0,1.0,1.0,0.0,STU-10690,3.04
-0.33825480312481804,-1.678482914741242,-1.5181115840421249,0.4617663928818274,-0.4761904761904763,-0.39819004524886875,0.0,0.0,0.0,1.0,0.0,0.0,1.0,0.0,STU-14980,3.03
-0.031152723018962356,0.6105450554148881,-1.4025978480144916,-1.1148118657022523,0.46031746031746046,0.671945701357466,-0.4,1.0,0.0,0.0,0.0,0.0,0.0,1.0,STU-10004,3.9
-0.9336018180668708,-0.7959661069702043,0.7391285281456486,-0.5138389651528756,-0.39523809523809533,1.4140271493212668,1.2,0.0,0.0,0.0,1.0,0.0,1.0,0.0,STU-10482,4.11
1.3786433757125969,-1.38890708719137,-0.49156498651353675,1.4529814366450853,-0.661904761904762,0.3597285067873303,-1.2,0.0,0.0,0.0,1.0,0.0,1.0,0.0,STU-10080,3.9
-0.9802957015917374,0.36233720322928403,0.38241629928044213,-2.4806593669508366,-0.04126984126984124,-0.3144796380090497,1.2,0.0,0.0,0.0,0.0,1.0,1.0,0.0,STU-11167,4.18
-0.20086703044588256,-0.06513187553481316,-2.820002244177462,0.34469374991766344,0.034920634920635026,-0.5429864253393665,-0.4,0.0,0.0,0.0,1.0,0.0,0.0,1.0,STU-14287,3.05
-1.225438590097289,-1.678482914741242,-0.7291309719288573,-1.38641860024038e-15,-0.9206349206349208,0.25565610859728505,0.4,0.0,0.0,1.0,0.0,0.0,0.0,1.0,STU-14609,3.68
-0.19278539675888606,0.7208596563862679,-1.3960593346544377,-0.40457116505298846,0.25714285714285734,-0.6990950226244343,0.8,0.0,0.0,0.0,1.0,0.0,0.0,1.0,STU-14375,3.58
0.4663167283805819,1.3689579370931235,0.03732809416644384,-0.7557890939454817,0.950793650793651,-0.052036199095022724,-0.6,0.0,0.0,1.0,0.0,0.0,1.0,0.0,STU-11556,4.81
0.23284731075624657,1.7688483656143752,-1.0324207045904966e-15,-0.5606680223385411,0.7253968253968253,0.8800904977375565,0.0,0.0,0.0,0.0,0.0,1.0,0.0,1.0,STU-12821,5.21
-0.41368338420344825,0.1692866515293687,-1.560975171624706,0.7739601074529326,-0.5460317460317461,0.6221719457013573,0.2,1.0,0.0,0.0,0.0,0.0,1.0,0.0,STU-11470,3.09
0.9206841334494794,0.969067508571872,0.8749843057378965,1.008105393381262,0.3206349206349206,-0.4660633484162896,-0.4,0.0,0.0,0.0,0.0,1.0,0.0,1.0,STU-10817,5.46
-0.22600989080542638,0.34854787810786064,1.0667806976328347,-0.6777406653027057,1.1206349206349209,0.7850678733031674,-0.8,1.0,0.0,0.0,0.0,0.0,1.0,0.0,STU-10949,4.31
1.2708882598859805,0.05897205055798886,1.0667806976328347,-2.4182206240366155,0.6190476190476192,-0.3461538461538462,-0.8,0.0,0.0,0.0,1.0,0.0,0.0,1.0,STU-11329,4.73
1.2529290739148777,-0.727019481363091,-0.24237497734700697,-0.2172549363103253,-0.904761904761905,-0.5701357466063348,0.2,0.0,0.0,1.0,0.0,0.0,1.0,0.0,STU-13484,3.83
0.46272489118636084,0.3761265283507062,-0.030963045371905126,-0.33432757927448997,-0.21746031746031738,-0.018099547511312233,-0.4,0.0,0.0,0.0,0.0,1.0,1.0,0.0,STU-13701,4.32
-0.04641803109439977,0.07276137567941103,-1.0324207045904966e-15,1.000300550516983,-0.13333333333333333,-0.48416289592760187,0.6,0.0,0.0,0.0,0.0,1.0,0.0,1.0,STU-10865,5.24
0.0,0.48644112932208605,-0.7887040936538008,0.18079204976783336,-0.8174603174603176,0.6515837104072398,-1.2,0.0,0.0,0.0,1.0,0.0,1.0,0.0,STU-10558,3.58
0.4465616238123691,0.541598429807776,0.4034848423295077,0.4461567071532725,-0.06507936507936511,0.1085972850678732,0.0,0.0,0.0,0.0,0.0,1.0,0.0,1.0,STU-13825,4.87
0.8928473951942701,0.43128382883639615,0.41147635865846344,0.5866438787102695,-0.3222222222222222,-0.28733031674208154,0.0,0.0,0.0,0.0,1.0,0.0,1.0,0.0,STU-12873,4.31
0.20141873530681742,0.29339057762217075,-0.28741806938293973,0.21981626408922136,0.0,-0.9004524886877828,-0.4,0.0,0.0,1.0,0.0,0.0,1.0,0.0,STU-12490,4.04
-0.09311191461926634,-1.0303846340343863,-0.7233189600532534,1.304689422223811,-0.07619047619047627,1.4728506787330318,-1.2,0.0,0.0,1.0,0.0,0.0,1.0,0.0,STU-11868,2.98
-0.5573568719722702,-1.38890708719137,-1.1708438744747751,-1.1382263942950854,-0.3571428571428572,-0.5180995475113123,0.2,0.0,0.0,0.0,0.0,1.0,0.0,1.0,STU-10341,3.19
1.3786433757125969,-0.49260095429890915,-1.0324207045904966e-15,-0.357742107867323,0.2825396825396825,-0.5135746606334842,-1.2,0.0,0.0,0.0,0.0,1.0,1.0,0.0,STU-14763,5.76
1.255622951810543,-0.299550402598995,-0.4000257994727705,0.34469374991766344,-0.6126984126984127,0.8484162895927599,-0.4,0.0,0.0,1.0,0.0,0.0,1.0,0.0,STU-10283,3.9
0.7509698260225592,-0.8511234074558942,1.0667806976328347,-0.295303364953102,0.5587301587301587,1.9728506787330315,-0.2,0.0,0.0,0.0,1.0,0.0,1.0,0.0,STU-13036,4.64
0.0191329977001253,-1.1544885601271881,0.6868204212652109,-1.1538360800236405,0.3349206349206349,-0.4660633484162896,0.2,0.0,0.0,0.0,0.0,1.0,1.0,0.0,STU-11567,4.65
-2.2302550451804826,-0.49260095429890915,-0.9412694053884101,0.3915228071033289,-0.661904761904762,-0.2601809954751132,-1.2,0.0,0.0,1.0,0.0,0.0,1.0,0.0,STU-12338,3.33
-0.09849967041059733,-0.40986500357037486,-0.1501092888217909,-1.7470041377087404,-0.5301587301587303,-1.1357466063348416,1.0,0.0,1.0,0.0,0.0,0.0,0.0,1.0,STU-11507,3.15
-0.311316024168163,-0.32712905284183935,-1.2849046075335075,0.2276211069534988,-0.42857142857142855,0.13348416289592757,0.0,0.0,0.0,0.0,0.0,1.0,1.0,0.0,STU-11739,3.13
0.0,0.6243343805363103,-0.7727210609958883,1.6090782939306387,-0.05555555555555551,-0.2285067873303167,-1.2,0.0,0.0,0.0,0.0,1.0,0.0,1.0,STU-14594,5.26
-1.317928397848468,-3.3194126041905156,0.8183171899507558,1.9446865370945763,-1.1444444444444446,0.0,-0.4,0.0,1.0,0.0,0.0,0.0,1.0,0.0,STU-12729,2.89
0.5974187859696308,1.162118060271786,0.9868655343432775,0.6022535644388252,0.3523809523809525,-0.3914027149321268,-0.8,0.0,0.0,0.0,1.0,0.0,0.0,1.0,STU-12184,5.03
-0.5708262614505965,-0.20302512674903736,-0.4995565028424925,0.7739601074529326,-0.7904761904761906,-0.7081447963800905,-0.2,0.0,0.0,1.0,0.0,0.0,1.0,0.0,STU-12632,3.69
0.7258269656630154,-0.23060377699188292,1.0667806976328347,-1.3333474659020261,0.8571428571428573,-0.24208144796380096,-1.2,0.0,1.0,0.0,0.0,0.0,1.0,0.0,STU-10219,4.73
-0.9623365156206345,-1.1682778852486104,-1.2689215748755962,-0.6699358224384276,-0.3206349206349206,-0.3891402714932126,1.0,0.0,0.0,0.0,0.0,1.0,1.0,0.0,STU-12110,2.54
1.3786433757125969,0.6932810061434224,1.0667806976328347,-0.8104229939954253,1.1142857142857148,0.8144796380090499,0.8,0.0,1.0,0.0,0.0,0.0,0.0,1.0,STU-11697,5.77
0.5866432743869701,-0.18923580162761516,0.22621848012358037,0.0012806638894476737,-0.3476190476190476,-0.6832579185520362,-1.0,0.0,0.0,0.0,0.0,1.0,1.0,0.0,STU-14747,4.79
0.06852075912065736,0.9414888583290276,0.3751512844359373,0.8207891646385987,0.24444444444444463,-0.31221719457013575,-0.4,0.0,0.0,0.0,1.0,0.0,0.0,1.0,STU-13670,4.18
0.8183167734141942,-0.6167048803917123,0.296689124115281,0.9612763361955958,0.173015873015873,1.3619909502262444,-0.8,0.0,1.0,0.0,0.0,0.0,1.0,0.0,STU-11873,3.81
1.302316835335411,0.03139340031514451,0.4071173497517601,1.3124942650880884,0.0,-1.0723981900452488,-0.4,0.0,0.0,0.0,1.0,0.0,1.0,0.0,STU-13053,4.49
0.5704800070129771,0.9966461588147175,1.0667806976328347,-1.4035910516805246,0.8285714285714288,0.0,-0.6,0.0,0.0,1.0,0.0,0.0,0.0,1.0,STU-10182,4.95
-0.34094868102048353,-0.6167048803917123,-1.0324207045904966e-15,0.24323079268205441,-0.4746031746031747,-0.45248868778280543,-1.2,0.0,0.0,1.0,0.0,0.0,1.0,0.0,STU-12703,3.79
0.0,-0.35470770308468497,-0.5090010221403489,0.2822550070034424,0.7174603174603178,-0.4660633484162896,-0.2,0.0,1.0,0.0,0.0,0.0,1.0,0.0,STU-14852,4.2
-0.5555609533751603,-0.2581824272347273,0.6098112639134554,0.05591456393939127,0.3190476190476191,-0.14253393665158368,0.2,0.0,0.0,0.0,0.0,1.0,1.0,0.0,STU-10712,3.98
1.3786433757125969,1.1069607597860962,1.0667806976328347,0.07152424966794618,0.8333333333333337,0.0,-0.6,0.0,0.0,0.0,1.0,0.0,1.0,0.0,STU-11359,5.64
-0.28258132661439933,1.272432661243166,-0.9340043905439053,0.477376078610383,-0.5666666666666668,2.020361990950226,-1.2,1.0,0.0,0.0,0.0,0.0,1.0,0.0,STU-14022,3.77
1.3139903062166274,-0.2719717523561507,0.4681434744456043,0.7817649503172102,-0.030158730158730086,0.09276018099547514,-1.2,0.0,0.0,0.0,1.0,0.0,0.0,1.0,STU-10608,4.18
-0.18470376307188954,-0.32712905284183935,-0.3266491495432684,-0.6855455081669832,-0.9126984126984129,-0.6764705882352942,1.4,1.0,0.0,0.0,0.0,0.0,0.0,1.0,STU-10766,3.39
-0.25474458835919,-0.4512329789346426,1.0667806976328347,1.492005650966474,0.4984126984126986,-0.20135746606334834,-0.6,0.0,0.0,0.0,1.0,0.0,1.0,0.0,STU-13589,4.23
-0.6130303484826889,-0.8373340823344708,-1.5878557265493751,0.7271310502672672,-1.7476190476190478,-0.018099547511312233,-0.8,0.0,0.0,0.0,0.0,1.0,0.0,1.0,STU-12017,3.15
0.12419423563107602,1.7688483656143752,0.4586989551477468,-0.40457116505298846,0.20158730158730157,0.0972850678733031,-0.8,0.0,0.0,1.0,0.0,0.0,1.0,0.0,STU-14750,4.77
1.3220719399036238,0.2520226022579042,-0.2808795560228848,-0.7870084654025923,-0.7857142857142859,-0.6900452488687783,-1.2,0.0,0.0,0.0,1.0,0.0,1.0,0.0,STU-11038,4.04
0.0,-0.5201796045417547,1.0667806976328347,2.2724899373942367,0.4682539682539685,1.0995475113122173,0.6,0.0,0.0,0.0,0.0,1.0,1.0,0.0,STU-12370,5.02
-0.9569487598293047,-2.4093171461766323,-1.8167036941512897,1.2500555221738674,-0.8047619047619048,-0.3778280542986425,1.0,0.0,0.0,1.0,0.0,0.0,1.0,0.0,STU-13542,2.99
0.3585616125539657,1.3413792868502792,1.0667806976328347,-1.3021280944449156,1.058730158730159,14.100967923296276,-0.2,0.0,0.0,0.0,1.0,0.0,0.0,1.0,STU-10593,4.91
0.6019085824624062,0.05897205055798886,0.28143259294181944,-0.05335323616049523,0.3634920634920637,-0.3687782805429864,-1.0,1.0,0.0,0.0,0.0,0.0,0.0,1.0,STU-11002,5.74
0.24811261883168398,-1.0579632842772306,0.10779873815814446,0.43835186428899503,1.06984126984127,0.10633484162895922,-1.2,0.0,0.0,1.0,0.0,0.0,0.0,1.0,STU-14651,5.08
0.2750513977883377,-0.46502230405606476,0.9476344541829489,-0.1470113505318268,0.6015873015873018,0.4253393665158371,0.0,0.0,0.0,0.0,0.0,1.0,1.0,0.0,STU-13992,5.29
0.25978608971290157,0.9552781834504498,1.0667806976328347,0.32908406418910785,0.6492063492063496,-0.1855203619909503,-0.2,0.0,0.0,1.0,0.0,0.0,1.0,0.0,STU-10487,4.8
-0.8240507836431447,1.7688483656143752,-1.0324207045904966e-15,-1.005544065602366,-0.12857142857142867,0.9434389140271495,0.0,0.0,0.0,1.0,0.0,0.0,0.0,1.0,STU-14223,3.75
0.9305616857335859,0.045182725436566686,-0.1079722027236607,-1.6689557090659637,-0.01587301587301582,1.3733031674208143,-0.4,0.0,0.0,0.0,0.0,1.0,1.0,0.0,STU-10831,4.7
1.3786433757125969,1.0518034593004075,0.6221617891491144,1.0861538220240379,0.7793650793650798,2.3552036199095023,-1.0,0.0,1.0,0.0,0.0,0.0,1.0,0.0,STU-11290,4.99
0.036194224372672626,1.3413792868502792,-1.2870841119868592,1.3827378508665868,-0.2492063492063493,-0.2760180995475113,-1.0,0.0,0.0,0.0,1.0,0.0,0.0,1.0,STU-13887,4.48
0.050561573149554444,-1.513011013284172,-1.6699503942922844,0.07152424966794618,11.688521841049075,-0.8031674208144796,-1.0,0.0,0.0,0.0,1.0,0.0,1.0,0.0,STU-13956,3.55
0.7267249249615697,1.7688483656143752,0.17754288066539523,0.5632293501174371,0.4190476190476192,1.2194570135746605,1.2,0.0,0.0,0.0,0.0,1.0,0.0,1.0,STU-11668,5.01
1.3687658234284903,0.9828568336932941,1.0667806976328347,-1.8094428806229608,1.1603174603174606,-0.29638009049773745,-0.8,0.0,0.0,0.0,0.0,1.0,1.0,0.0,STU-10383,5.33
0.0,-0.8235447572130487,1.0667806976328347,-0.40457116505298846,-0.08412698412698404,0.47285067873303166,-0.2,1.0,0.0,0.0,0.0,0.0,1.0,0.0,STU-14516,4.95
-0.38494868664968457,-1.1820672103700325,-0.6441302982481462,1.7417606226233582,-1.4047619047619049,-0.9027149321266968,-1.0,0.0,0.0,1.0,0.0,0.0,0.0,1.0,STU-13709,2.85
0.89643923238849,-0.2581824272347273,-2.0499106706599077,0.20420657836066575,-0.30634920634920637,-0.2285067873303167,0.6,0.0,0.0,0.0,1.0,0.0,1.0,0.0,STU-13259,3.31
1.2906433644541935,0.7070703312648458,1.0667806976328347,0.30566953559627547,0.4492063492063493,0.8325791855203621,0.4,0.0,0.0,0.0,0.0,1.0,1.0,0.0,STU-10589,5.36
-1.2847039038019274,0.8725422327219143,0.11143124558039687,0.4305470214247169,-0.025396825396825425,0.0,0.6,0.0,0.0,0.0,1.0,0.0,1.0,0.0,STU-12587,3.34
0.8919494358957145,-1.2247380995076246e-15,0.9294719170716857,-0.9743246941452554,-0.6539682539682541,0.10407239819004524,0.8,0.0,0.0,0.0,1.0,0.0,0.0,1.0,STU-10765,3.39
0.8632147383419508,-0.13407850114192527,0.537887616952854,-0.20945009344604784,0.3539682539682541,-0.6900452488687783,0.0,1.0,0.0,0.0,0.0,0.0,0.0,1.0,STU-11009,5.26
1.1101535454446125,0.47265180420066266,0.580751204535435,-0.9509101655524224,0.3365079365079367,-0.40497737556561086,-0.4,0.0,0.0,1.0,0.0,0.0,1.0,0.0,STU-14459,3.47
0.0,-0.9890166586701185,-0.4675904375266696,0.4929857643389379,0.19523809523809535,0.02714932126696835,1.2,0.0,1.0,0.0,0.0,0.0,1.0,0.0,STU-10870,3.97
-0.8204589464489236,0.07276137567941103,-0.37023923861029934,0.6334729358959357,0.20158730158730157,-0.38461538461538464,-0.2,0.0,0.0,0.0,0.0,1.0,0.0,1.0,STU-13384,3.79
0.2777452756840032,-0.2581824272347273,0.7892571305727354,-1.6611508662016863,0.4666666666666667,-0.15610859728506796,-0.4,0.0,0.0,1.0,0.0,0.0,1.0,0.0,STU-10303,4.0
0.35137793816552476,1.0518034593004075,-1.2718275808133976,-0.029938707567662853,-0.4761904761904763,0.6402714932126695,-0.4,0.0,0.0,0.0,0.0,1.0,0.0,1.0,STU-10688,4.0
1.16403110335792,0.29339057762217075,0.4594254566321977,0.29786469273199734,0.13174603174603178,-0.1628959276018099,1.0,0.0,0.0,0.0,0.0,1.0,1.0,0.0,STU-10553,3.95
0.12150035773541051,1.6723230897644175,-2.3986313831961588,-0.25627915063171397,-0.977777777777778,0.16742081447963805,0.2,0.0,0.0,1.0,0.0,0.0,0.0,1.0,STU-11034,4.14
0.4223167227513796,1.1207500849075196,1.0667806976328347,-0.5060341222885975,0.8031746031746034,0.020361990950226214,-0.8,0.0,0.0,1.0,0.0,0.0,0.0,1.0,STU-10611,5.26
0.12239831703396611,-1.871533466441156,1.0006690625478374,-0.26408399349599143,-0.4952380952380952,1.5067873303167418,0.6,0.0,0.0,0.0,1.0,0.0,1.0,0.0,STU-11258,2.82
-0.9174385506928778,-1.0028059837915406,-2.700856000727576,-0.4904244365600426,-1.2126984126984128,0.7330316742081446,0.0,0.0,0.0,0.0,0.0,1.0,1.0,0.0,STU-10965,2.49
1.107459667548947,0.5002304544435082,1.0667806976328347,0.8129843217743213,1.6444444444444448,-0.23529411764705885,0.0,0.0,0.0,0.0,0.0,1.0,1.0,0.0,STU-13596,5.29
0.11162280545130411,-1.761218865469776,1.0667806976328347,-1.0601779656523087,0.28571428571428586,-0.9434389140271493,-0.4,0.0,1.0,0.0,0.0,0.0,1.0,0.0,STU-13581,3.09
-1.13474470094322,0.7622276317505344,-0.7240454615377042,-1.9265155235871254,-0.7634920634920636,-1.0316742081447965,0.4,0.0,0.0,0.0,0.0,1.0,1.0,0.0,STU-10304,3.4
0.38729631010772936,-0.7408088064845144,0.008994536272873414,-1.224079665802139,-0.20634920634920623,-0.5610859728506787,0.2,0.0,0.0,0.0,0.0,1.0,1.0,0.0,STU-11538,3.75
0.7464800295297825,0.4037051785935506,0.44998093733434125,1.9290768513660215,0.5190476190476191,-0.8144796380090498,-0.4,0.0,0.0,0.0,0.0,1.0,1.0,0.0,STU-11285,5.27
-0.09311191461926634,-0.9476486833058507,0.011174040726225064,-0.7245697224883711,-0.5142857142857145,1.66289592760181,-0.6,0.0,0.0,0.0,1.0,0.0,0.0,1.0,STU-13492,3.22
-0.9883773352787338,0.0038147500722989394,-0.05203158842097074,-0.22505977917460346,-0.7396825396825398,-0.6425339366515836,0.8,0.0,0.0,0.0,1.0,0.0,1.0,0.0,STU-14685,4.13
0.6090922568508483,-0.09271052577765751,1.0667806976328347,0.8207891646385987,1.5126984126984129,-0.35294117647058815,0.0,0.0,1.0,0.0,0.0,0.0,1.0,0.0,STU-12411,5.95
0.33611263009008735,-0.727019481363091,-1.6147362814740445,-0.7870084654025923,-0.3571428571428572,1.5746606334841629,-0.8,0.0,0.0,0.0,0.0,1.0,0.0,1.0,STU-10404,3.58
0.2723575198926735,-2.299002545205253,-0.8787902777256652,-0.4826195936957651,-0.5317460317460317,-0.37330316742081454,-1.2,1.0,0.0,0.0,0.0,0.0,1.0,0.0,STU-13747,3.03
1.3786433757125969,-0.34091837796326274,1.0667806976328347,0.8832279075528199,1.1222222222222222,0.09049773755656117,0.0,1.0,0.0,0.0,0.0,0.0,1.0,0.0,STU-11331,5.41
0.0,0.03139340031514451,-0.29105057680519214,-0.5450583366099861,-0.20476190476190467,-0.02488687782805437,0.0,0.0,0.0,0.0,1.0,0.0,1.0,0.0,STU-13904,3.77
1.3786433757125969,1.7688483656143752,1.0667806976328347,0.9690811790598732,0.6301587301587304,0.8959276018099548,-0.2,0.0,0.0,0.0,1.0,0.0,1.0,0.0,STU-11901,6.37
-1.6340100709398744,-1.8439548161983117,1.0667806976328347,0.8207891646385987,-0.08412698412698404,0.5995475113122171,0.6,0.0,0.0,1.0,0.0,0.0,0.0,1.0,STU-12245,3.33
-0.35172419260314425,0.47265180420066266,-1.0324207045904966e-15,-1.38641860024038e-15,-0.4809523809523809,-0.6334841628959276,-1.2,0.0,0.0,0.0,0.0,1.0,1.0,0.0,STU-14981,4.17
-0.8599691555853505,-0.9062807079415842,-1.3604607619163613,-0.4279856936458215,-0.4746031746031747,0.0,1.4,0.0,0.0,0.0,0.0,1.0,1.0,0.0,STU-14092,3.15
0.7536637039182248,1.4792725380645035,1.0667806976328347,0.7583504217243777,1.9777777777777779,2.416289592760181,0.4,0.0,0.0,0.0,0.0,1.0,1.0,0.0,STU-11867,6.43
0.15831668897617066,-0.5891262301488668,-1.7789256169598628,0.539814821524604,0.0,0.27828054298642524,-0.4,0.0,1.0,0.0,0.0,0.0,1.0,0.0,STU-12202,3.23
0.2894187465652208,0.29339057762217075,-1.3393922188672969,-0.6699358224384276,-0.7238095238095239,0.10633484162895922,-0.2,0.0,0.0,1.0,0.0,0.0,1.0,0.0,STU-14985,3.49
0.8201126920113041,1.0242248090575619,0.6875469227496619,0.0012806638894476737,0.13809523809523827,-0.7941176470588236,-0.4,0.0,0.0,0.0,0.0,1.0,0.0,1.0,STU-14532,3.92
1.3005209167382998,-0.009974575049123234,0.25237253356379913,-1.2006651372093065,0.0,0.0,0.6,0.0,0.0,0.0,1.0,0.0,0.0,1.0,STU-13327,4.9
0.9350514822263613,1.4516938878216579,1.0667806976328347,0.18859689263211082,2.5825396825396836,-0.10633484162895922,0.6,1.0,0.0,0.0,0.0,0.0,0.0,1.0,STU-10188,5.55
1.314888265515183,1.0655927844218296,1.0667806976328347,-0.6309116081170396,0.9412698412698417,0.5656108597285066,0.2,1.0,0.0,0.0,0.0,0.0,1.0,0.0,STU-12246,5.5
0.4618269318878065,-0.49260095429890915,1.0667806976328347,-0.43579053651009897,0.061904761904762004,0.0,0.6,1.0,0.0,0.0,0.0,0.0,1.0,0.0,STU-12719,4.68
0.29750038025221603,-1.4164857374342144,0.45724595217884606,0.6959116788101567,0.6650793650793652,-0.2760180995475113,0.0,0.0,0.0,0.0,1.0,0.0,1.0,0.0,STU-13853,3.4
0.7716228898893264,1.7688483656143752,1.0667806976328347,1.6793218797091372,1.2523809523809524,0.5972850678733032,0.6,1.0,0.0,0.0,0.0,0.0,1.0,0.0,STU-10125,5.99
0.8865616801043835,0.38991585347212837,1.0667806976328347,1.8120042084018568,-0.028571428571428532,1.056561085972851,1.6,1.0,0.0,0.0,0.0,0.0,1.0,0.0,STU-10461,5.9
0.4259085599456007,0.18307597665079087,1.0667806976328347,1.9056623227731877,-0.11111111111111102,2.7624434389140275,-0.8,0.0,0.0,0.0,0.0,1.0,1.0,0.0,STU-12249,5.56
-1.1239691893605595,-0.14786782626334743,-0.7000709125508361,0.414937335696162,-1.4555555555555557,-0.4886877828054299,2.0,0.0,1.0,0.0,0.0,0.0,1.0,0.0,STU-10244,2.61
-0.851887521898354,0.4588624790792405,-1.0324207045904966e-15,2.186636665887183,0.49682539682539706,-0.6470588235294118,-0.4,0.0,0.0,1.0,0.0,0.0,0.0,1.0,STU-14927,5.85
1.2206025391668929,0.8863315578433377,1.0057545729389905,0.07932909253222434,0.4063492063492065,-0.2533936651583711,-0.2,0.0,0.0,0.0,1.0,0.0,0.0,1.0,STU-11947,5.89
-1.0144181549368334,0.6932810061434224,-1.412768868796799,-1.4660297945947456,-0.4666666666666667,-0.49095022624434387,0.6,0.0,0.0,0.0,1.0,0.0,0.0,1.0,STU-13675,3.02
-1.2389079795756166,-0.07892120065623533,0.07002066096671757,0.7505455788600996,-0.7380952380952381,0.0,0.0,1.0,0.0,0.0,0.0,0.0,0.0,1.0,STU-11044,4.22
0.6926024716164751,-0.8235447572130487,0.8066931661995476,-1.38641860024038e-15,0.8158730158730159,1.0452488687782806,-0.8,0.0,0.0,0.0,1.0,0.0,0.0,1.0,STU-12038,5.21
0.180765671440049,-0.299550402598995,0.46596396999225265,-0.28749852208882454,0.3809523809523811,1.9117647058823528,-1.0,0.0,0.0,1.0,0.0,0.0,1.0,0.0,STU-13997,4.76
-0.869846707869457,-1.3475391118271023,-1.493410533570807,0.6646923073530462,-0.6301587301587304,0.5972850678733032,-1.2,0.0,0.0,1.0,0.0,0.0,1.0,0.0,STU-11820,3.12
0.0,-1.3613284369485246,-0.4189148380684845,-0.5918873937956516,-1.7476190476190478,2.339366515837104,-1.0,0.0,1.0,0.0,0.0,0.0,1.0,0.0,STU-14958,2.01
-1.567561082846795,-0.547758254784599,-1.616915785927396,-0.5918873937956516,-0.7111111111111111,-1.0814479638009051,0.2,0.0,0.0,0.0,1.0,0.0,1.0,0.0,STU-14562,3.47
-0.3481323554089244,1.203486035636054,0.6686578841539479,-0.9118859512310343,1.1428571428571432,0.5701357466063349,0.4,0.0,0.0,1.0,0.0,0.0,0.0,1.0,STU-10839,5.26
-1.556785571264133,0.2520226022579042,-1.4527264504415787,-1.3177377801734704,-0.6095238095238096,-0.9208144796380091,0.2,0.0,0.0,0.0,0.0,1.0,1.0,0.0,STU-12033,3.25
0.16190852617039175,-1.2247380995076246e-15,0.13177328714501158,1.0159102362455394,-0.20476190476190467,-0.9095022624434388,-1.0,0.0,0.0,0.0,1.0,0.0,0.0,1.0,STU-13538,4.27
-0.2376833616866427,0.36233720322928403,-0.054937594358772254,-1.7079799233873516,-0.5333333333333333,0.0,-1.2,0.0,0.0,0.0,0.0,1.0,1.0,0.0,STU-14734,3.82
-1.3448671768051217,-1.5405896635270178,-1.2572975511243871,-2.106026909465511,-1.7476190476190478,1.8054298642533937,1.2,0.0,0.0,0.0,1.0,0.0,1.0,0.0,STU-11504,2.07
-0.03743843810884767,0.6381237056577325,-0.13775876358613187,-0.5528631794742637,-0.6206349206349208,0.6199095022624433,0.8,0.0,0.0,0.0,0.0,1.0,1.0,0.0,STU-14726,4.32
0.5579085768332052,1.1069607597860962,0.9890450387966292,0.7661552645886552,0.39523809523809533,0.0,-0.2,0.0,0.0,0.0,0.0,1.0,1.0,0.0,STU-12532,5.31
0.30199017674499273,1.1896967105146317,1.0667806976328347,-1.4660297945947456,0.40476190476190493,-1.0656108597285068,-0.8,0.0,0.0,1.0,0.0,0.0,1.0,0.0,STU-13236,4.91
0.9081127032697075,0.4588624790792405,-0.161733312572999,-1.38641860024038e-15,-0.8126984126984128,0.5769230769230769,-1.0,0.0,0.0,0.0,1.0,0.0,1.0,0.0,STU-13637,3.97
1.3786433757125969,1.6171657892787277,1.0667806976328347,-0.6309116081170396,1.173015873015873,0.42307692307692313,0.0,0.0,0.0,1.0,0.0,0.0,0.0,1.0,STU-14198,5.39
0.5650922512216461,1.7688483656143752,0.39694632896945276,-0.3811566364601561,-1.4111111111111114,-0.41628959276018096,1.4,1.0,0.0,0.0,0.0,0.0,0.0,1.0,STU-14081,4.68
1.0939902780706194,-0.5339689296631769,1.0667806976328347,1.2812748936309786,0.26825396825396824,-0.2398190045248868,0.0,0.0,0.0,1.0,0.0,0.0,1.0,0.0,STU-12002,5.23
1.3786433757125969,-0.5753369050274446,0.8481037508132269,-0.17042587912465987,1.3555555555555558,-0.22398190045248875,0.8,0.0,0.0,1.0,0.0,0.0,1.0,0.0,STU-14281,5.61
0.9045208660754864,0.5829664051720425,0.14920932277182478,1.5934686082020837,0.08888888888888899,0.4027149321266969,-0.6,0.0,1.0,0.0,0.0,0.0,0.0,1.0,STU-11826,5.31
-1.092540613911129,0.9966461588147175,-0.48793247909128434,-1.895296152130015,-0.9730158730158731,0.7330316742081446,-0.2,0.0,0.0,0.0,0.0,1.0,0.0,1.0,STU-14912,3.79
0.6207657277320647,0.47265180420066266,0.12741427823830828,0.9456666504670409,-0.26507936507936514,0.4457013574660633,0.0,0.0,0.0,0.0,1.0,0.0,1.0,0.0,STU-14612,4.37
0.5606024547288706,0.9001208829647599,0.4507074388187911,-0.1470113505318268,1.0888888888888892,-0.751131221719457,1.0,0.0,0.0,1.0,0.0,0.0,1.0,0.0,STU-13092,4.57
-1.336785543118125,-2.478263771783745,0.19425241480775648,-0.09237745048188391,-0.45079365079365086,-0.28959276018099556,-0.2,0.0,0.0,0.0,0.0,1.0,1.0,0.0,STU-12609,3.36
-2.498744875448468,0.26581192737932635,-0.4000257994727705,-0.4514002222386546,-0.06349206349206356,-1.009049773755656,-0.4,0.0,0.0,0.0,0.0,1.0,1.0,0.0,STU-13027,2.77
-0.2242139722083152,1.0104354839361398,0.10489273222034294,-0.4514002222386546,0.3142857142857144,-0.4434389140271493,-1.0,0.0,0.0,0.0,0.0,1.0,0.0,1.0,STU-14684,4.86
-0.09760171111204174,-0.28576107747757284,-0.5039155117491958,0.6256680930316575,-0.9666666666666668,0.07013574660633476,0.0,0.0,0.0,0.0,0.0,1.0,1.0,0.0,STU-12356,3.44
0.0,-0.6994408311202467,-0.676096363563969,-0.8026181511311471,0.13492063492063489,0.16515837104072387,1.4,1.0,0.0,0.0,0.0,0.0,0.0,1.0,STU-10261,2.99
1.180194370731913,1.0104354839361398,1.0667806976328347,2.0071252800087973,0.5825396825396826,0.2488687782805429,-0.4,0.0,0.0,1.0,0.0,0.0,1.0,0.0,STU-14302,4.85
-0.5214385000300644,-0.175446476506193,-0.23946897140920548,0.0012806638894476737,-0.7682539682539684,-0.20588235294117652,0.2,0.0,0.0,1.0,0.0,0.0,0.0,1.0,STU-13245,3.43
1.058071906128415,-1.085541934520076,0.6156232757890605,0.02469519248228074,-0.34920634920634913,0.7714932126696831,-0.8,1.0,0.0,0.0,0.0,0.0,1.0,0.0,STU-10509,4.82
1.1514596731781481,-1.2247380995076246e-15,0.7718210949459222,-1.2631038801235275,-0.47301587301587317,-0.2398190045248868,0.4,1.0,0.0,0.0,0.0,0.0,1.0,0.0,STU-14279,3.62
-0.17303029219067323,-1.2247380995076246e-15,0.03805459565089473,-0.38896147932443353,0.11428571428571441,-0.7601809954751131,0.6,0.0,0.0,0.0,0.0,1.0,1.0,0.0,STU-14495,3.9
1.213418864778452,1.2310646858788994,-0.6506688116082011,-0.3655469507316005,-0.022222222222222317,-0.3054298642533936,-0.8,0.0,0.0,1.0,0.0,0.0,0.0,1.0,STU-11848,5.33
1.3786433757125969,0.07276137567941103,0.40639084826730926,-1.044568279923754,0.45079365079365086,-0.4796380090497738,0.0,0.0,0.0,1.0,0.0,0.0,1.0,0.0,STU-12811,4.02
0.6477045066887185,0.26581192737932635,0.0562171327621578,-0.1470113505318268,-0.16825396825396835,2.0067873303167425,-0.6,0.0,1.0,0.0,0.0,0.0,1.0,0.0,STU-14437,4.51
1.3786433757125969,1.0242248090575619,-0.9056708326503349,-0.4514002222386546,0.9190476190476193,-0.3031674208144796,-0.8,0.0,0.0,1.0,0.0,0.0,1.0,0.0,STU-10252,4.59
1.3786433757125969,0.78980628199338,0.17173086878979116,1.9915155942802425,-0.057142857142857065,0.9773755656108596,-1.2,0.0,0.0,0.0,0.0,1.0,0.0,1.0,STU-13390,5.11
0.9494188310032431,1.0104354839361398,1.0667806976328347,-0.9118859512310343,0.0,0.4547511312217194,0.2,0.0,0.0,0.0,0.0,1.0,1.0,0.0,STU-14883,5.1
-0.09131599602215643,-1.6095362891341298,-0.9521669276551684,0.45396155001754995,-1.7476190476190478,-1.0723981900452488,1.0,0.0,1.0,0.0,0.0,0.0,1.0,0.0,STU-14904,2.51
0.6512963438829396,0.3347585529864385,-0.1733573363242071,0.9378618076027634,-0.17142857142857146,1.7647058823529411,0.6,1.0,0.0,0.0,0.0,0.0,1.0,0.0,STU-10392,3.76
1.3786433757125969,1.4930618631859256,0.016986052601829123,-1.38641860024038e-15,0.03650793650793658,0.2805429864253394,0.8,0.0,0.0,0.0,1.0,0.0,0.0,1.0,STU-14714,4.9
-0.02576496722763135,1.148328735150364,0.6018197475844996,0.7349358931315447,-0.15873015873015875,1.1266968325791855,-0.2,1.0,0.0,0.0,0.0,0.0,0.0,1.0,STU-11307,5.13
-0.4801323722965289,-0.06513187553481316,1.0667806976328347,0.516400292931771,0.41111111111111115,-0.25565610859728505,-0.4,0.0,0.0,0.0,0.0,1.0,1.0,0.0,STU-12467,3.9
0.13856158440795785,-1.0993312596414984,0.5451526317973588,-0.10798713621043882,-0.2952380952380952,0.567873303167421,1.8,0.0,0.0,0.0,0.0,1.0,1.0,0.0,STU-11694,4.11
-0.3553160297973653,-0.009974575049123234,0.09108920401578215,0.6959116788101567,5.794141916564509,-0.5633484162895929,-0.8,1.0,0.0,0.0,0.0,0.0,0.0,1.0,STU-13795,4.31
-0.2960507160927269,0.6519130307791559,1.0667806976328347,-0.8026181511311471,1.0873015873015874,0.1085972850678732,0.2,0.0,0.0,1.0,0.0,0.0,1.0,0.0,STU-14869,3.85
1.3786433757125969,1.7688483656143752,1.0537036709127248,-0.17042587912465987,0.41746031746031764,-0.3031674208144796,0.0,1.0,0.0,0.0,0.0,0.0,0.0,1.0,STU-14721,5.96
-2.504132631239799,-0.6718621808774011,-1.3677257767608673,0.7037165216744341,-0.6111111111111112,0.6945701357466062,0.0,0.0,0.0,0.0,1.0,0.0,0.0,1.0,STU-14738,2.68
-0.44960175614565406,0.07276137567941103,-0.6833613784084748,0.30566953559627547,-0.3396825396825398,0.8325791855203621,-0.4,0.0,0.0,0.0,0.0,1.0,1.0,0.0,STU-14137,4.21
1.33554132938195,0.7484383066291123,0.14920932277182478,-0.5372534937457081,0.7952380952380953,0.4434389140271493,0.6,1.0,0.0,0.0,0.0,0.0,1.0,0.0,STU-12185,4.9
0.6710514484511524,-0.7132301562416689,0.9578054749652563,0.02469519248228074,0.3333333333333333,1.5859728506787332,0.2,0.0,1.0,0.0,0.0,0.0,0.0,1.0,STU-12047,4.41
-0.10298946690337274,-1.1131205847629204,0.8299412137019638,0.5788390358459921,-0.5412698412698413,-0.052036199095022724,-0.4,0.0,0.0,1.0,0.0,0.0,1.0,0.0,STU-13210,4.17
-0.02217313003341026,-0.02376390017054541,0.4252798868630232,0.8129843217743213,0.49682539682539706,-0.0542986425339367,-0.4,0.0,0.0,1.0,0.0,0.0,1.0,0.0,STU-11047,4.4
-0.20356090834154805,1.7688483656143752,0.432544901707528,-0.638716450981317,-0.4492063492063493,0.8959276018099548,0.2,0.0,0.0,0.0,1.0,0.0,0.0,1.0,STU-14021,4.84
-0.012295577749303847,-1.2247380995076246e-15,0.9810535224676724,-1.6377363376088532,0.4523809523809524,1.1244343891402715,0.4,0.0,0.0,0.0,1.0,0.0,1.0,0.0,STU-14456,4.34
0.5839493964913045,1.7688483656143752,1.0667806976328347,0.19640173549638829,1.8063492063492068,1.1131221719457016,0.4,0.0,0.0,0.0,0.0,1.0,0.0,1.0,STU-12247,6.4
-0.8689487485709013,-0.9614380084272741,1.0667806976328347,-0.6777406653027057,-0.5809523809523811,0.24208144796380096,0.2,0.0,0.0,0.0,0.0,1.0,1.0,0.0,STU-13577,3.54
1.3786433757125969,-1.2096458606128782,1.0667806976328347,-0.49822927942432005,-0.5349206349206349,0.6606334841628961,0.4,0.0,0.0,0.0,1.0,0.0,1.0,0.0,STU-12798,4.53
0.2660718048027869,-0.46502230405606476,1.0667806976328347,0.6100584073031026,1.1666666666666667,0.08371040723981903,-0.8,0.0,1.0,0.0,0.0,0.0,1.0,0.0,STU-11999,4.69
0.7069698203933569,1.2586433361217437,1.0667806976328347,0.8285940075028763,0.7174603174603178,0.3778280542986425,-1.0,0.0,0.0,1.0,0.0,0.0,1.0,0.0,STU-11935,5.64
-0.08592824023082542,1.5895871390358833,-0.42472684994408855,-0.11579197907471628,0.27142857142857163,-0.9954751131221721,0.4,0.0,0.0,0.0,1.0,0.0,1.0,0.0,STU-13929,3.78
-0.4927038024763008,0.47265180420066266,-0.02733053794965272,0.7661552645886552,-1.2253968253968255,0.7556561085972853,0.2,0.0,0.0,0.0,0.0,1.0,0.0,1.0,STU-12483,3.89
1.2358678472423303,0.9414888583290276,1.0667806976328347,-1.7626138234372952,1.5063492063492065,0.37330316742081454,1.8,0.0,0.0,0.0,1.0,0.0,1.0,0.0,STU-12540,5.32
-0.9641324342177456,0.969067508571872,1.0667806976328347,-0.3031082078173794,1.6111111111111114,-0.1832579185520361,0.8,0.0,0.0,1.0,0.0,0.0,1.0,0.0,STU-12067,4.2
0.5992147045667406,-0.13407850114192527,0.15138882722517644,1.4451765937808079,-0.761904761904762,-0.14705882352941185,0.0,0.0,0.0,0.0,0.0,1.0,1.0,0.0,STU-10757,3.11
0.8075412618315322,-1.0028059837915406,1.0667806976328347,0.9612763361955958,0.18888888888888883,2.115384615384616,0.4,0.0,1.0,0.0,0.0,0.0,1.0,0.0,STU-12392,4.2
0.7797045235763229,0.29339057762217075,0.6919059316563652,-0.6465212938455952,0.4714285714285716,0.7556561085972853,-0.4,0.0,1.0,0.0,0.0,0.0,0.0,1.0,STU-12244,4.2
0.09007178228598137,0.21065462689363645,-0.19660538382662437,-0.6621309795741501,0.3301587301587302,-0.42760180995475117,0.8,0.0,0.0,1.0,0.0,0.0,0.0,1.0,STU-12847,4.08
0.40705141467594347,1.5482191636716156,1.0667806976328347,0.009085506753725131,0.3079365079365079,0.11538461538461534,-1.0,0.0,0.0,1.0,0.0,0.0,0.0,1.0,STU-13727,5.02
-0.4145813435020038,0.6381237056577325,-0.17408383780865802,0.5866438787102695,-0.8587301587301589,-0.6515837104072398,0.4,0.0,1.0,0.0,0.0,0.0,1.0,0.0,STU-11754,4.29
0.0,0.08655070080083443,-1.5973002458472323,0.11835330685361233,-0.8460317460317461,-0.8891402714932126,-0.4,0.0,0.0,1.0,0.0,0.0,1.0,0.0,STU-14557,2.21
-0.4226629771890003,0.34854787810786064,-0.9078503371036866,1.835418736994689,-1.0936507936507938,-0.3597285067873303,1.0,0.0,0.0,0.0,0.0,1.0,1.0,0.0,STU-14170,4.32
1.0374188422616466,0.9966461588147175,1.0667806976328347,0.20420657836066575,0.3825396825396826,-0.4705882352941177,0.8,0.0,0.0,0.0,1.0,0.0,1.0,0.0,STU-10982,5.06
0.3630514090467411,-0.09271052577765751,-0.7937896040449539,0.6256680930316575,-0.5539682539682541,-0.07692307692307689,-1.2,0.0,0.0,0.0,1.0,0.0,1.0,0.0,STU-13620,4.14
0.0,-0.9890166586701185,0.13467929308281412,0.07932909253222434,-0.8666666666666668,-0.29638009049773745,0.6,0.0,0.0,0.0,0.0,1.0,1.0,0.0,STU-11316,3.7
0.7922759537560948,0.48644112932208605,1.0667806976328347,0.2822550070034424,1.7253968253968255,-0.9502262443438915,0.6,0.0,0.0,0.0,0.0,1.0,1.0,0.0,STU-11106,5.58
-1.6636427277921937,-0.46502230405606476,-2.0288421276108424,0.1417678354464454,0.2,2.6651583710407243,-0.2,0.0,0.0,0.0,1.0,0.0,1.0,0.0,STU-10664,2.72
-0.02037721143630035,-0.8787020576987385,-0.37096574009475025,0.07152424966794618,-0.19841269841269846,0.37556561085972856,-0.6,0.0,0.0,0.0,1.0,0.0,1.0,0.0,STU-13063,3.58
1.2268882542567796,1.7136910651286854,0.5734861896909292,1.4842008081021967,1.2222222222222225,0.6040723981900454,0.6,0.0,1.0,0.0,0.0,0.0,0.0,1.0,STU-12665,6.04
0.5480310245490987,-0.46502230405606476,1.0667806976328347,0.4929857643389379,0.0,2.7624434389140275,1.6,1.0,0.0,0.0,0.0,0.0,1.0,0.0,STU-14628,4.54
0.5489289838476543,-0.4374436538132192,-0.04985208396761909,-0.25627915063171397,-0.31269841269841286,6.535609667637946,0.8,0.0,0.0,1.0,0.0,0.0,1.0,0.0,STU-12473,3.88
0.0,1.7688483656143752,1.0667806976328347,-0.03774355043194031,1.0333333333333334,0.0,-1.2,0.0,0.0,0.0,0.0,1.0,1.0,0.0,STU-14929,5.18
1.1667249812535854,-0.478811629177487,-0.20677640460893174,0.5710341929817145,-0.4793650793650794,0.015837104072398255,0.0,0.0,0.0,1.0,0.0,0.0,1.0,0.0,STU-13721,3.73
0.6144800126421781,-0.5615475799060224,0.2865181033329736,0.39932764996760634,0.03809523809523813,0.0542986425339367,-0.2,0.0,0.0,0.0,0.0,1.0,0.0,1.0,STU-14453,4.05
0.9152963776581484,1.5206405134287713,0.33374069982225696,-2.457244838358004,0.9730158730158733,-0.9479638009049772,-1.0,0.0,0.0,0.0,1.0,0.0,1.0,0.0,STU-12863,4.79
0.5121126526068929,-0.13407850114192527,-0.5496851052695784,-2.121636595194066,0.5682539682539683,-0.32579185520362003,0.0,1.0,0.0,0.0,0.0,0.0,0.0,1.0,STU-14813,3.49
0.022724834894346395,0.1003400259222566,0.2022439311367122,-1.38641860024038e-15,0.1444444444444445,1.2647058823529413,-1.2,0.0,0.0,0.0,0.0,1.0,1.0,0.0,STU-14340,3.92
-1.0862548988212437,-0.5201796045417547,-1.1417838150967548,-0.5372534937457081,0.0,-0.15610859728506796,-1.2,1.0,0.0,0.0,0.0,0.0,0.0,1.0,STU-11941,2.94
-0.8456018068084674,0.5553877549291981,0.13831180050506653,0.8363988503671537,0.22380952380952387,2.687782805429865,0.0,0.0,0.0,0.0,1.0,0.0,0.0,1.0,STU-14549,4.9
-1.8252754015321186,-2.9471008259121088,-2.6332913626736776,0.516400292931771,-1.5174603174603176,-0.38461538461538464,-0.2,0.0,0.0,1.0,0.0,0.0,1.0,0.0,STU-11609,1.74
-1.36552024067189,-3.0022581263977988,1.0667806976328347,-0.6074970795242065,-0.12857142857142867,0.918552036199095,0.0,0.0,0.0,0.0,1.0,0.0,1.0,0.0,STU-10586,2.98
-1.9303366394630685,-0.14786782626334743,-0.4726759479178228,0.18079204976783336,13.701395013789503,-0.40950226244343896,0.4,1.0,0.0,0.0,0.0,0.0,1.0,0.0,STU-13549,3.01
-0.1505813097267949,-0.16165715138477083,-0.5344285740961179,-0.15481619339610495,-0.7666666666666668,1.1470588235294117,0.8,0.0,0.0,0.0,0.0,1.0,0.0,1.0,STU-14084,3.95
0.20052077600826182,-1.2096458606128782,0.6330593114158727,-0.014329021839107243,-0.3603174603174603,-0.2375565610859728,0.4,0.0,0.0,0.0,0.0,1.0,1.0,0.0,STU-14854,3.8
0.6099902161494027,0.7208596563862679,1.0667806976328347,0.4071324928318845,0.7063492063492066,0.6244343891402716,2.2,0.0,1.0,0.0,0.0,0.0,1.0,0.0,STU-13134,5.74
-0.10388742620192834,0.541598429807776,1.0667806976328347,-0.3265227364102125,-0.11904761904761907,0.7149321266968324,-0.4,1.0,0.0,0.0,0.0,0.0,1.0,0.0,STU-13446,5.23
0.62705144282195,-0.3960756784489527,1.0667806976328347,-2.3401721953938397,0.8063492063492065,2.5950226244343897,0.4,1.0,0.0,0.0,0.0,0.0,1.0,0.0,STU-14334,4.92
-1.0889487767169093,-0.175446476506193,-2.878848864417954,-0.31871789354593505,-0.8984126984126986,0.5904977375565612,-0.6,0.0,0.0,0.0,1.0,0.0,0.0,1.0,STU-10265,3.93
-0.4235609364875546,-0.299550402598995,-0.23583646398695307,1.2422506793095898,-0.15238095238095226,0.6018099547511311,1.8,0.0,0.0,1.0,0.0,0.0,1.0,0.0,STU-13610,5.01
-0.12813232726291657,0.8863315578433377,1.0667806976328347,0.6490826216244906,-0.3317460317460318,0.7805429864253394,-0.6,0.0,0.0,0.0,0.0,1.0,1.0,0.0,STU-14129,4.11
0.09186770088309128,-0.3822863533275293,-0.2648965233649733,-0.3031082078173794,-0.5523809523809525,-0.8393665158371041,-0.2,0.0,0.0,0.0,1.0,0.0,1.0,0.0,STU-11591,3.12
0.0,1.0793821095432519,1.0667806976328347,1.8198090512661342,-0.2857142857142856,-0.7104072398190046,0.0,0.0,1.0,0.0,0.0,0.0,1.0,0.0,STU-10719,5.56
0.7518677853211135,0.7346489815076901,-1.0306290879758246,2.077368865787296,-0.7952380952380953,-1.0158371040723984,-1.2,0.0,0.0,0.0,0.0,1.0,0.0,1.0,STU-10676,4.85
-0.37776501226124365,0.3209692278650163,1.0667806976328347,-0.2718888363602689,0.7523809523809526,-0.3597285067873303,-1.2,0.0,1.0,0.0,0.0,0.0,1.0,0.0,STU-12478,3.91
1.3786433757125969,1.4792725380645035,1.0667806976328347,0.3524985927819409,2.37936507936508,1.0135746606334841,0.8,1.0,0.0,0.0,0.0,0.0,1.0,0.0,STU-10914,5.79
1.3786433757125969,-0.8235447572130487,1.0667806976328347,-0.5684728652028186,1.4222222222222223,0.9253393665158373,0.4,0.0,1.0,0.0,0.0,0.0,1.0,0.0,STU-10549,4.55
0.007459526818908979,-1.513011013284172,0.630879806962521,1.0939586648883153,-0.7761904761904763,0.11538461538461534,1.8,0.0,0.0,0.0,0.0,1.0,0.0,1.0,STU-11268,3.71
0.0,1.3138006366074337,0.4841265071035157,0.555424507253159,-0.5873015873015873,0.495475113122172,-1.0,0.0,1.0,0.0,0.0,0.0,1.0,0.0,STU-11576,4.48
0.9404392380176922,0.541598429807776,1.0667806976328347,1.0159102362455394,0.5746031746031749,0.22171945701357457,-0.6,0.0,0.0,0.0,0.0,1.0,1.0,0.0,STU-13901,5.17
-0.3086221462724988,-0.46502230405606476,0.3170311656798957,-0.9431053226881448,-1.0492063492063493,0.11312217194570136,-1.2,0.0,0.0,1.0,0.0,0.0,1.0,0.0,STU-11097,4.22
0.9736637320642313,-0.9062807079415842,-0.5097275236247998,-1.231884508666417,-0.3682539682539684,0.5045248868778279,-1.2,0.0,0.0,0.0,0.0,1.0,1.0,0.0,STU-10670,3.16
0.2714595605941179,1.7688483656143752,0.6323328099314217,0.8129843217743213,0.3761904761904764,0.746606334841629,-0.4,0.0,0.0,0.0,1.0,0.0,0.0,1.0,STU-14148,5.17
1.3786433757125969,1.3551686119717015,1.0667806976328347,-1.294323251580638,0.5587301587301587,-0.1606334841628959,0.8,0.0,0.0,0.0,0.0,1.0,0.0,1.0,STU-12092,4.69
-1.3870712638372127,0.08655070080083443,-0.29105057680519214,-1.8640767806729044,0.21428571428571427,0.6764705882352939,0.6,0.0,0.0,1.0,0.0,0.0,0.0,1.0,STU-10019,3.53
0.1735819970516081,0.14170800128652436,1.0667806976328347,0.11054846398933486,1.1492063492063493,-0.9434389140271493,0.4,0.0,0.0,1.0,0.0,0.0,1.0,0.0,STU-14382,4.28
1.3786433757125969,0.12791867616510097,-0.6869938858307272,-0.7792036225383148,0.02380952380952387,0.2171945701357466,1.4,1.0,0.0,0.0,0.0,0.0,1.0,0.0,STU-11055,3.99
1.0616637433226348,-0.16165715138477083,1.0667806976328347,-0.357742107867323,0.1936507936507938,-0.5610859728506787,-0.4,0.0,0.0,0.0,0.0,1.0,0.0,1.0,STU-12508,4.44
-0.8456018068084674,-0.037553225291967585,1.0667806976328347,0.10274362112505671,1.136507936507937,0.26696832579185514,-0.4,1.0,0.0,0.0,0.0,0.0,0.0,1.0,STU-10595,5.28
0.0,-0.8649127325773164,-0.45523991229101063,0.09493877826077925,0.1476190476190476,0.6334841628959276,-1.0,0.0,0.0,0.0,0.0,1.0,0.0,1.0,STU-10327,2.49
3.441617431650205,0.8587529076004922,1.0667806976328347,0.7583504217243777,-1.177777777777778,1.083710407239819,0.4,0.0,0.0,0.0,0.0,1.0,0.0,1.0,STU-14232,5.48
0.9027249474783765,1.7688483656143752,0.14557681534957134,0.3837179642390514,0.28730158730158745,-0.8099547511312217,0.2,1.0,0.0,0.0,0.0,0.0,0.0,1.0,STU-10087,5.59
0.1125207647498597,-1.1820672103700325,-0.011347505291741304,-1.7001750805230742,-0.38571428571428573,-0.4457013574660634,0.0,0.0,0.0,0.0,1.0,0.0,1.0,0.0,STU-13590,3.31
-0.27090785573318305,0.7484383066291123,-1.46870948309949,0.12615814971788977,-0.634920634920635,1.0339366515837103,0.8,0.0,0.0,0.0,0.0,1.0,0.0,1.0,STU-11308,3.21
0.3962759030932814,-0.7683874567273588,-0.19297287640437197,0.02469519248228074,-0.5396825396825399,-0.20814479638009048,0.0,0.0,0.0,0.0,0.0,1.0,0.0,1.0,STU-11903,3.88
0.5623983733259805,-0.299550402598995,-1.4767009994284457,0.5242051357960484,-1.1142857142857143,0.7828054298642534,1.4,0.0,0.0,0.0,0.0,1.0,1.0,0.0,STU-11052,3.44
-0.913846713498658,-1.2247380995076246e-15,0.29814212708418175,-1.38641860024038e-15,0.5476190476190479,0.669683257918552,0.0,0.0,0.0,0.0,1.0,0.0,1.0,0.0,STU-14567,4.33
0.13586770651229235,-0.727019481363091,0.9447284482451463,-1.942125209315681,0.3904761904761907,-0.6199095022624435,-1.0,1.0,0.0,0.0,0.0,0.0,0.0,1.0,STU-12644,4.36
1.3786433757125969,0.8587529076004922,-1.0324207045904966e-15,0.7427407359958221,1.4523809523809528,-0.4796380090497738,-1.0,0.0,0.0,1.0,0.0,0.0,0.0,1.0,STU-10727,5.71
0.0,1.4241152375788135,0.17100436730534027,-2.1138317523297885,-0.907936507936508,-0.8393665158371041,-0.2,0.0,0.0,1.0,0.0,0.0,0.0,1.0,STU-12022,4.15
-0.01588741494352494,-0.05134255041339098,1.0667806976328347,1.492005650966474,0.3634920634920637,0.1832579185520361,0.4,0.0,1.0,0.0,0.0,0.0,0.0,1.0,STU-11570,4.75
-0.6013568776014714,1.0242248090575619,0.2872446048174235,-2.1294414380583433,0.4920634920634921,-0.036199095022624465,-1.2,0.0,0.0,0.0,0.0,1.0,1.0,0.0,STU-12608,5.24
0.0,1.7688483656143752,1.0667806976328347,-0.28749852208882454,2.787301587301588,0.09502262443438912,0.0,0.0,0.0,0.0,1.0,0.0,1.0,0.0,STU-11395,6.07
0.6144800126421781,1.3689579370931235,0.7565645637724617,-0.6309116081170396,0.942857142857143,1.418552036199095,0.0,0.0,1.0,0.0,0.0,0.0,1.0,0.0,STU-10253,4.23
0.5848473557898589,1.2586433361217437,1.0667806976328347,2.0383446514659074,0.7365079365079364,1.9909502262443441,-0.4,0.0,0.0,0.0,1.0,0.0,1.0,0.0,STU-13042,4.99
0.12868403212385143,0.3347585529864385,1.0667806976328347,-1.067982808516587,0.9412698412698417,0.5384615384615384,-1.2,0.0,0.0,0.0,1.0,0.0,1.0,0.0,STU-14949,5.02
-0.5887854474216995,1.5620084887930377,-1.8537552698582669,-2.2387092381582305,0.0523809523809524,0.8054298642533936,0.8,1.0,0.0,0.0,0.0,0.0,1.0,0.0,STU-11411,4.03
-0.3373568438262624,-1.2247380995076246e-15,-1.4389229222370177,2.0383446514659074,-0.5269841269841271,1.889140271493213,-1.0,0.0,1.0,0.0,0.0,0.0,1.0,0.0,STU-14534,2.36
0.2705616012955623,0.07276137567941103,1.0667806976328347,-1.1616409228879185,0.22539682539682543,-0.2828054298642534,-0.6,0.0,0.0,0.0,0.0,1.0,0.0,1.0,STU-10588,4.84
-0.3400507217219279,-1.306171136462836,0.3511767354490702,0.04810972107511381,-0.21428571428571427,-0.5520361990950227,0.4,0.0,0.0,0.0,0.0,1.0,1.0,0.0,STU-13603,3.37
0.7123575761846879,-0.8097554320916265,-0.47848795979342684,0.43835186428899503,-0.5253968253968255,-0.9547511312217194,-1.2,0.0,1.0,0.0,0.0,0.0,1.0,0.0,STU-10429,3.63
-1.496622298260939,-0.02376390017054541,-1.0324207045904966e-15,0.04030487821083566,-1.153968253968254,-0.1742081447963802,0.0,0.0,0.0,0.0,1.0,0.0,1.0,0.0,STU-11904,3.31
0.6495004252858283,0.05897205055798886,-1.0211845686779673,1.507615336695029,-0.5523809523809525,0.8981900452488687,0.0,0.0,0.0,0.0,1.0,0.0,0.0,1.0,STU-10187,4.86
-1.2101732820218516,-0.13407850114192527,-0.32374314360546586,-0.07676776475332829,-0.1507936507936507,-0.7398190045248869,1.0,1.0,0.0,0.0,0.0,0.0,1.0,0.0,STU-12566,2.98
1.3786433757125969,0.7070703312648458,1.0667806976328347,-0.029938707567662853,0.1603174603174603,-0.6266968325791855,0.6,1.0,0.0,0.0,0.0,0.0,0.0,1.0,STU-13104,5.62
-0.8860099752434487,0.26581192737932635,0.7812656142437787,-1.309932937309193,0.1539682539682541,0.0,-1.2,0.0,0.0,0.0,0.0,1.0,1.0,0.0,STU-11580,4.66
-0.7567038362515097,1.093171434664674,1.0667806976328347,-1.4738346374590232,-0.00793650793650777,1.0972850678733033,0.8,1.0,0.0,0.0,0.0,0.0,1.0,0.0,STU-11590,4.57
0.8650106569390608,-1.5405896635270178,1.0667806976328347,0.36030343564621836,0.6650793650793652,-0.30995475113122173,1.2,0.0,0.0,0.0,1.0,0.0,1.0,0.0,STU-12517,3.9
0.7419902330370072,1.7274803902501075,1.0667806976328347,-1.38641860024038e-15,0.3079365079365079,-0.4819004524886878,-0.2,1.0,0.0,0.0,0.0,0.0,1.0,0.0,STU-10793,5.42
-0.6049487147956925,-1.2247380995076246e-15,0.3170311656798957,0.5320099786603266,0.942857142857143,1.5090497737556563,0.0,0.0,0.0,0.0,1.0,0.0,1.0,0.0,STU-12479,5.1
1.2116229461813421,1.1345394100289417,1.0667806976328347,1.304689422223811,1.4761904761904763,-0.7601809954751131,0.0,1.0,0.0,0.0,0.0,0.0,0.0,1.0,STU-12296,5.44
-0.3265813322436004,0.30717990274359414,0.41438236459626493,-1.294323251580638,-0.16507936507936496,0.4027149321266969,0.0,0.0,1.0,0.0,0.0,0.0,0.0,1.0,STU-11755,4.02
1.3786433757125969,1.7688483656143752,1.0667806976328347,-1.6065169661517427,2.087301587301588,-0.2918552036199095,-0.4,0.0,0.0,0.0,1.0,0.0,1.0,0.0,STU-14270,6.02
0.8892555580000491,0.29339057762217075,-1.0324207045904966e-15,0.8129843217743213,0.3841269841269842,0.05203619909502252,0.4,0.0,0.0,0.0,0.0,1.0,1.0,0.0,STU-10937,5.22
-0.8177650685532581,1.3000113114860115,-1.2674685719066945,0.5788390358459921,0.3380952380952383,1.350678733031674,-0.2,0.0,0.0,0.0,1.0,0.0,0.0,1.0,STU-11453,4.54
0.9081127032697075,-0.21681445187046075,-1.443281931143721,-1.2787135658520825,-0.19206349206349194,0.5859728506787332,1.4,0.0,0.0,0.0,1.0,0.0,1.0,0.0,STU-11708,2.86
0.8075412618315322,-1.38890708719137,-2.3114512050620957,-0.295303364953102,-1.5222222222222224,0.8416289592760181,-0.2,0.0,0.0,0.0,0.0,1.0,1.0,0.0,STU-13680,3.46
-9.309677295253831,-0.9614380084272741,1.0667806976328347,-1.0601779656523087,0.9539682539682541,0.257918552036199,1.2,0.0,0.0,0.0,0.0,1.0,0.0,1.0,STU-13041,5.49
0.0,0.18307597665079087,-0.6579338264527059,1.1563974078025365,-0.8301587301587302,0.0,-1.2,0.0,0.0,1.0,0.0,0.0,0.0,1.0,STU-10803,4.24
0.006561567520353387,-1.3475391118271023,0.10126022479808951,-0.34993726500304556,-0.3920634920634922,0.8484162895927599,-0.2,0.0,0.0,0.0,1.0,0.0,1.0,0.0,STU-12660,4.18
0.03709218367122822,0.3209692278650163,0.08818319807798064,-0.7792036225383148,0.653968253968254,-0.2918552036199095,1.0,1.0,0.0,0.0,0.0,0.0,1.0,0.0,STU-13757,4.03
-0.13800987954702298,-0.07892120065623533,0.36788626959143145,-0.6309116081170396,-0.1698412698412699,-0.29864253393665163,-0.8,0.0,0.0,0.0,0.0,1.0,0.0,1.0,STU-12220,4.11
0.036194224372672626,1.162118060271786,1.0667806976328347,0.42274217856043944,0.604761904761905,0.24660633484162894,0.2,0.0,0.0,0.0,0.0,1.0,0.0,1.0,STU-14596,4.92
0.2983983395507716,0.2520226022579042,0.8175906884663048,-0.17823072198893733,0.3666666666666668,-0.02714932126696835,-0.2,0.0,0.0,0.0,1.0,0.0,0.0,1.0,STU-14909,4.62
1.0535821096356381,1.5482191636716156,0.8931468428491597,0.2510356355463319,1.1222222222222222,0.0,-1.2,0.0,0.0,0.0,0.0,1.0,1.0,0.0,STU-13175,6.11
-0.7127038306223087,0.6381237056577325,0.09908072034473889,1.3905426937308643,0.10000000000000014,1.5271493212669682,1.2,0.0,1.0,0.0,0.0,0.0,0.0,1.0,STU-14836,4.04
1.3454188816660564,0.4588624790792405,-1.8159771926668393,-0.006524178974829784,1.0841269841269843,0.2828054298642534,-0.2,1.0,0.0,0.0,0.0,0.0,1.0,0.0,STU-13265,4.55
-0.322091535750825,0.3209692278650163,0.7057094598609249,-0.6543261367098727,0.5365079365079367,-0.25565610859728505,1.0,0.0,1.0,0.0,0.0,0.0,0.0,1.0,STU-11773,4.78
-1.117683474270673,0.8173849322362243,0.3904078156093978,0.4461567071532725,-0.07301587301587288,2.1040723981900453,0.2,0.0,0.0,0.0,0.0,1.0,0.0,1.0,STU-14688,4.38
-0.6085405519899122,-0.06513187553481316,1.0667806976328347,-1.0757876513808644,0.6174603174603177,1.497737556561086,-1.2,0.0,0.0,0.0,0.0,1.0,1.0,0.0,STU-10758,4.2
0.3711330427337376,-1.2923818113414125,0.7267780029099895,-1.4894443231875787,-0.7968253968253969,10.190640646805942,-0.4,0.0,0.0,0.0,0.0,1.0,1.0,0.0,STU-14314,2.7
-0.053601705482840684,1.6033764641573054,1.0667806976328347,-0.5762777080670967,0.9206349206349206,0.257918552036199,1.2,0.0,1.0,0.0,0.0,0.0,0.0,1.0,STU-12378,5.79
-0.5142548256416235,0.3209692278650163,-1.0324207045904966e-15,-0.7245697224883711,-0.607936507936508,0.502262443438914,-0.2,0.0,0.0,1.0,0.0,0.0,0.0,1.0,STU-13355,2.88
-0.5313160523141709,0.6519130307791559,0.6766494004829036,0.5007906072032161,0.44126984126984126,-0.061085972850678835,-0.4,0.0,1.0,0.0,0.0,0.0,1.0,0.0,STU-13077,4.37
-0.19817315255021706,-0.5201796045417547,0.9229334037116308,0.539814821524604,0.288888888888889,0.23076923076923067,-0.2,0.0,0.0,0.0,0.0,1.0,1.0,0.0,STU-13407,3.6
1.3786433757125969,1.3689579370931235,1.0667806976328347,-0.8494472083168133,0.0,0.16742081447963805,0.6,0.0,0.0,0.0,0.0,1.0,0.0,1.0,STU-11139,5.53
-2.778010217299114,-1.8991121166840015,-0.37459824751700266,1.7339557797590808,-0.734920634920635,-0.4660633484162896,-0.8,1.0,0.0,0.0,0.0,0.0,1.0,0.0,STU-11156,2.89
0.13586770651229235,0.30717990274359414,-0.2285714491424472,-0.9118859512310343,-0.3968253968253969,0.5,0.2,0.0,0.0,0.0,0.0,1.0,1.0,0.0,STU-14138,3.35
-0.22511193150687078,-2.3127918703266754,-1.0117400493801108,-0.045548393296217765,-0.5396825396825399,2.7624434389140275,0.0,0.0,0.0,0.0,0.0,1.0,1.0,0.0,STU-14630,3.01
-0.17572417008633873,0.18307597665079087,1.0667806976328347,-0.7948133082668697,0.1444444444444445,-0.1402714932126697,-1.0,0.0,0.0,0.0,0.0,1.0,1.0,0.0,STU-14560,4.63
-1.6977651811372896,0.3209692278650163,-0.4189148380684845,-0.014329021839107243,0.24126984126984125,-1.147058823529412,-0.2,0.0,0.0,0.0,1.0,0.0,1.0,0.0,STU-11327,4.77
0.5300718385779958,-0.547758254784599,0.3221166760710489,0.3134743784605529,1.0952380952380956,-0.9638009049773756,-1.0,0.0,0.0,0.0,1.0,0.0,0.0,1.0,STU-12625,5.24
-0.013193537047859439,-0.40986500357037486,0.18044888660319672,-0.1314016648032719,-0.5269841269841271,1.8461538461538463,-0.4,1.0,0.0,0.0,0.0,0.0,0.0,1.0,STU-14134,4.61
-0.02217313003341026,1.7688483656143752,1.0667806976328347,-0.1626210362603824,1.374603174603175,-0.4343891402714932,0.0,1.0,0.0,0.0,0.0,0.0,0.0,1.0,STU-10952,5.46
-1.9267448022688483,-0.8235447572130487,-1.787643634773269,-0.6699358224384276,-0.7015873015873016,-0.12217194570135748,0.0,0.0,0.0,0.0,0.0,1.0,1.0,0.0,STU-12680,2.29
0.2095003689938139,-1.0717526093986527,1.0667806976328347,-0.9196907940953117,1.4809523809523812,-0.6199095022624435,0.4,0.0,0.0,0.0,1.0,0.0,1.0,0.0,STU-14858,4.45
0.6584800182713805,-0.16165715138477083,0.17027786582088936,0.5632293501174371,0.7269841269841271,-1.0158371040723984,-0.8,1.0,0.0,0.0,0.0,0.0,1.0,0.0,STU-10884,4.04
-2.1045407433827643,-2.0232160427768036,-0.4487013989309557,0.8676182218242635,-1.115873015873016,0.5769230769230769,-1.2,0.0,0.0,0.0,0.0,1.0,0.0,1.0,STU-14383,2.65
-0.06796905425972251,0.08655070080083443,0.003182524397269356,1.351518479409477,-0.1444444444444445,2.042986425339367,0.0,0.0,0.0,1.0,0.0,0.0,0.0,1.0,STU-14280,4.86
0.2714595605941179,-1.2234351857343002,-0.8206701589696236,-0.4826195936957651,-0.8523809523809526,-0.4705882352941177,-0.4,1.0,0.0,0.0,0.0,0.0,1.0,0.0,STU-10420,2.66
-1.2990712525788093,-1.2247380995076246e-15,-1.2057159457284004,0.13396299258216723,-0.03809523809523813,0.5316742081447965,-0.8,1.0,0.0,0.0,0.0,0.0,0.0,1.0,STU-10289,3.77
0.9637861797801249,0.18307597665079087,1.0667806976328347,-0.24847430776743584,1.1126984126984127,1.1968325791855203,-1.2,0.0,0.0,1.0,0.0,0.0,1.0,0.0,STU-13403,5.12
-0.9497650854408638,1.0104354839361398,-0.012074006776191167,-1.38641860024038e-15,-0.11746031746031751,-1.006787330316742,1.0,0.0,1.0,0.0,0.0,0.0,1.0,0.0,STU-12613,4.01
-0.37058133787280273,-1.4854323630413278,-1.0324207045904966e-15,-1.38641860024038e-15,-0.29682539682539677,0.11764705882352931,0.6,0.0,0.0,1.0,0.0,0.0,1.0,0.0,STU-13139,3.19
-0.9461732482466427,-0.49260095429890915,-1.5580691656869041,-0.24847430776743584,-0.9222222222222223,0.0045248868778279576,-0.4,1.0,0.0,0.0,0.0,0.0,1.0,0.0,STU-14616,2.67
-1.0054385619512811,-2.822996899819307,-2.1087572909004,0.16518236403927777,-1.6825396825396828,0.6153846153846153,1.0,0.0,0.0,0.0,0.0,1.0,1.0,0.0,STU-12371,2.3
-0.6345813716480116,-0.5891262301488668,0.7006239494697707,0.0012806638894476737,0.3222222222222222,0.22171945701357457,0.0,0.0,0.0,0.0,0.0,1.0,1.0,0.0,STU-10142,4.33
-0.3247854136464905,-0.14786782626334743,0.2451075187192933,0.9768860219241507,-1.531746031746032,-0.04751131221719456,-1.2,0.0,0.0,0.0,1.0,0.0,1.0,0.0,STU-14427,4.36
-0.03294864161607226,0.9001208829647599,-1.0240905746157698,1.429566908052253,-0.8603174603174605,-0.583710407239819,-0.8,0.0,0.0,0.0,0.0,1.0,1.0,0.0,STU-10547,3.94
0.8120310583243077,0.36233720322928403,-0.5104540251092496,0.9300569647384846,-0.7238095238095239,0.7104072398190044,-0.8,0.0,1.0,0.0,0.0,0.0,0.0,1.0,STU-11021,4.65
0.6728473670482623,0.9139102080861821,1.0667806976328347,-0.7557890939454817,0.7444444444444445,1.1040723981900453,-1.2,0.0,0.0,0.0,0.0,1.0,1.0,0.0,STU-11695,5.41
-0.009601699853638344,-0.12028917602050308,0.2748940795817645,0.7427407359958221,-0.5714285714285715,-0.744343891402715,-0.8,0.0,0.0,0.0,1.0,0.0,0.0,1.0,STU-12893,3.77
0.15921464827472626,-0.16165715138477083,-0.17045133038640561,1.2812748936309786,-0.2301587301587301,0.2941176470588235,-0.4,0.0,1.0,0.0,0.0,0.0,0.0,1.0,STU-11001,5.29
0.14305138090073324,0.3347585529864385,0.13395279159836324,-0.9899343798738103,-0.08571428571428559,-0.328054298642534,0.0,0.0,0.0,1.0,0.0,0.0,0.0,1.0,STU-14638,4.57
1.3786433757125969,0.8587529076004922,1.0667806976328347,-0.8806665797739238,2.204761904761905,-0.7714932126696833,-0.4,0.0,0.0,0.0,1.0,0.0,1.0,0.0,STU-14724,6.78
-2.7268265372814713,-1.2247380995076246e-15,0.58728971789549,2.514440066186843,0.4063492063492065,-0.6176470588235294,-0.2,0.0,0.0,0.0,1.0,0.0,0.0,1.0,STU-11455,4.74
-0.662418109903221,0.017604075193722337,-2.426964941089729,-1.9109058378585704,-1.3857142857142861,-0.16742081447963805,0.8,0.0,0.0,1.0,0.0,0.0,0.0,1.0,STU-14827,2.98
-1.6851937509575177,-1.1820672103700325,-1.3829823079343277,-0.7557890939454817,-1.3317460317460321,-1.009049773755656,0.4,0.0,0.0,0.0,0.0,1.0,1.0,0.0,STU-14070,2.17
-0.6884589295613192,-0.6994408311202467,-0.30412760352530205,-1.247494194394972,-0.5571428571428572,1.850678733031674,-0.6,0.0,1.0,0.0,0.0,0.0,1.0,0.0,STU-10386,3.29
0.777908604979213,1.4930618631859256,0.191346408869955,-0.9431053226881448,0.1111111111111113,0.029411764705882328,0.2,1.0,0.0,0.0,0.0,0.0,0.0,1.0,STU-13471,5.36
-0.34633643681181325,0.8863315578433377,-0.7574645298224278,0.477376078610383,0.550793650793651,0.0542986425339367,-0.2,0.0,0.0,0.0,1.0,0.0,1.0,0.0,STU-13861,3.61
-0.779152818715388,-1.375117762069948,-0.34699119110788207,-0.9587150084166998,-0.2984126984126983,0.12895927601809962,0.0,0.0,0.0,0.0,1.0,0.0,1.0,0.0,STU-12651,4.54
1.1254188535200498,-1.2372245108557225,0.38241629928044213,-2.511878738407947,-0.020634920634920482,0.1402714932126697,0.4,0.0,0.0,1.0,0.0,0.0,1.0,0.0,STU-13886,3.74
0.024520753491456302,-0.9062807079415842,0.19279941183885574,0.39932764996760634,-0.24761904761904774,1.3891402714932126,-0.4,0.0,0.0,0.0,0.0,1.0,1.0,0.0,STU-11536,4.06
-0.6300915751552363,0.9276995332076042,1.0667806976328347,-0.7557890939454817,0.0920634920634921,0.9230769230769229,0.2,0.0,1.0,0.0,0.0,0.0,0.0,1.0,STU-11461,4.92
1.3786433757125969,0.15549732640794653,-0.1421177724928352,0.016890349618003283,0.3761904761904764,-0.42986425339366513,-0.6,0.0,1.0,0.0,0.0,0.0,0.0,1.0,STU-13755,4.42
0.2840309907738898,0.84496358247907,-0.07891214334563938,2.0383446514659074,0.0,-0.4547511312217195,1.0,1.0,0.0,0.0,0.0,0.0,0.0,1.0,STU-10972,4.73
-1.445438618243297,-0.06513187553481316,-0.6949854021596829,0.11054846398933486,-0.8761904761904763,0.5113122171945703,-1.2,0.0,0.0,0.0,1.0,0.0,1.0,0.0,STU-12706,2.96
0.9700718948700116,-1.5957469640127075,-1.3314007025383412,1.0393247648383719,-0.43650793650793657,0.5610859728506786,0.2,0.0,0.0,1.0,0.0,0.0,1.0,0.0,STU-14305,3.75
0.15741872967761636,-0.7132301562416689,1.0667806976328347,-0.10798713621043882,0.7619047619047619,0.07918552036199088,1.2,0.0,0.0,0.0,1.0,0.0,1.0,0.0,STU-11385,4.65
-0.10029558900770724,-0.9338593581844286,0.2196799667635254,0.6178632501673801,-0.09047619047619054,-0.5316742081447964,-0.4,1.0,0.0,0.0,0.0,0.0,1.0,0.0,STU-12901,4.39
1.3786433757125969,0.9828568336932941,0.6141702728201587,-0.1470113505318268,-0.11746031746031751,0.02714932126696835,0.6,0.0,0.0,0.0,1.0,0.0,0.0,1.0,STU-14219,5.58
-0.25564254765774563,1.7688483656143752,-1.5936677384249793,2.1007833943801284,0.08095238095238093,-0.058823529411764656,-0.4,0.0,0.0,0.0,1.0,0.0,0.0,1.0,STU-11888,5.04
0.5767657221028624,0.7346489815076901,0.24292801426594163,1.4217620651879757,0.5460317460317461,1.4638009049773755,-0.2,0.0,0.0,1.0,0.0,0.0,1.0,0.0,STU-13263,6.0
0.0,-1.747429540348354,0.19715842074555903,-0.8104229939954253,-1.5746031746031748,-0.7782805429864253,0.2,0.0,0.0,0.0,0.0,1.0,1.0,0.0,STU-10942,2.36
-1.1302549044504449,-1.38890708719137,-0.13267325319497872,0.8442036932314312,-1.2746031746031747,1.3868778280542986,-0.2,0.0,0.0,1.0,0.0,0.0,1.0,0.0,STU-12042,2.72
-1.1850304216623078,-1.0579632842772306,-1.5900352310027268,-0.9899343798738103,0.0,-0.3778280542986425,0.6,0.0,0.0,0.0,0.0,1.0,1.0,0.0,STU-10813,3.12
-1.942010110344285,-0.6994408311202467,-1.0324207045904966e-15,-0.20945009344604784,-1.7476190476190478,0.04524886877828058,-0.2,0.0,1.0,0.0,0.0,0.0,0.0,1.0,STU-11339,2.42
0.8587249418491743,-1.2510138359771459,-1.0324207045904966e-15,0.6100584073031026,-0.27777777777777785,-0.3574660633484163,-0.2,0.0,0.0,0.0,1.0,0.0,0.0,1.0,STU-13664,4.45
0.19782689811259632,-0.46502230405606476,1.0667806976328347,1.0783489791597605,0.7015873015873016,0.1402714932126697,0.8,0.0,1.0,0.0,0.0,0.0,0.0,1.0,STU-12332,4.84
-0.6211119821696841,-2.533421072269435,-0.7218659570843525,-1.5362733803732442,0.21269841269841272,-0.8031674208144796,-1.2,0.0,0.0,0.0,1.0,0.0,1.0,0.0,STU-10632,3.12
-0.4666629828182014,-0.20302512674903736,-0.17989584968426206,0.13396299258216723,-0.03968253968253969,1.4230769230769231,0.2,0.0,1.0,0.0,0.0,0.0,1.0,0.0,STU-10322,2.61
-0.3885405238439057,0.0038147500722989394,-1.7426005427373368,-1.1616409228879185,-1.3571428571428574,0.06561085972850679,-0.2,0.0,0.0,0.0,1.0,0.0,0.0,1.0,STU-12661,3.65
1.3786433757125969,1.3138006366074337,1.0667806976328347,-1.5987121232874653,1.0492063492063495,-0.7782805429864253,-1.2,0.0,0.0,0.0,0.0,1.0,1.0,0.0,STU-12615,5.3
0.6611738961670459,0.5278091046863526,1.0667806976328347,1.3827378508665868,0.0015873015873015537,0.47285067873303166,0.2,1.0,0.0,0.0,0.0,0.0,1.0,0.0,STU-13187,5.3
-0.7198875050107496,-1.306171136462836,-0.8969528148369283,-0.05335323616049523,-1.034920634920635,0.0,-0.2,0.0,0.0,0.0,0.0,1.0,1.0,0.0,STU-13152,2.93
-0.4433160410557687,-1.0165953089129627,-1.0324207045904966e-15,-0.07676776475332829,-0.08571428571428559,-0.26696832579185514,-1.2,1.0,0.0,0.0,0.0,0.0,1.0,0.0,STU-14071,3.37
0.06223504403077205,1.203486035636054,0.5102805605437345,0.1573775211750003,-0.07777777777777782,0.44117647058823534,0.6,0.0,0.0,0.0,1.0,0.0,0.0,1.0,STU-10995,4.52
-0.7782548594168325,-0.658072855755979,-2.050637172144358,0.02469519248228074,-1.5825396825396827,0.14932126696832582,-0.4,0.0,0.0,0.0,0.0,1.0,1.0,0.0,STU-10077,2.85
-0.38045889015690915,-0.32712905284183935,-1.2151604650262569,-0.0221338647033847,-0.40317460317460313,-0.4343891402714932,-0.4,1.0,0.0,0.0,0.0,0.0,0.0,1.0,STU-14807,5.03
-0.6794793365757683,0.0038147500722989394,-0.6855408828618265,-0.6309116081170396,0.6253968253968254,0.8823529411764705,-0.6,0.0,0.0,1.0,0.0,0.0,0.0,1.0,STU-11816,4.04
0.8021535060402012,0.9828568336932941,1.0667806976328347,-0.3811566364601561,1.293650793650794,0.39366515837104077,-0.2,0.0,0.0,0.0,0.0,1.0,0.0,1.0,STU-14901,5.47
-0.06168333916983718,0.5553877549291981,0.07510617135787073,1.2188361507167575,-0.8396825396825398,0.567873303167421,-1.0,0.0,0.0,0.0,0.0,1.0,1.0,0.0,STU-11122,3.88
0.0,-0.21681445187046075,0.22476547715467857,0.18079204976783336,0.23015873015873037,0.0,-0.2,0.0,0.0,1.0,0.0,0.0,1.0,0.0,STU-10418,4.56
1.3786433757125969,0.4450731539578183,0.7384020266611987,-0.357742107867323,0.573015873015873,-0.0022624434389139788,1.6,0.0,1.0,0.0,0.0,0.0,0.0,1.0,STU-12066,5.03
0.12239831703396611,1.7688483656143752,0.29741562559973084,0.9066424361456522,0.43333333333333346,-0.3710407239819004,-0.8,0.0,0.0,0.0,1.0,0.0,0.0,1.0,STU-11242,4.47
0.4357861122297071,0.2520226022579042,0.0932687084691338,1.1798119363953687,0.2190476190476192,0.07466063348416291,0.6,0.0,1.0,0.0,0.0,0.0,0.0,1.0,STU-14267,4.43
-1.5038059726493798,-1.9542694171696915,-2.0092265875306787,0.8598133789599861,-1.7380952380952384,-0.7194570135746606,0.2,0.0,0.0,0.0,0.0,1.0,0.0,1.0,STU-11318,1.96
0.32174528131320557,1.7688483656143752,1.0667806976328347,0.3837179642390514,0.28412698412698434,0.7556561085972853,-0.2,0.0,0.0,0.0,0.0,1.0,0.0,1.0,STU-10768,5.34
-0.40380583191934183,-0.49260095429890915,-0.025877534980751963,-0.11579197907471628,-0.3333333333333333,0.015837104072398255,0.2,0.0,0.0,0.0,1.0,0.0,1.0,0.0,STU-14703,3.82
-0.669601784291662,0.19686530177221429,0.004635527366170112,-0.9353004798238674,-0.8365079365079365,0.39819004524886875,0.2,0.0,0.0,0.0,0.0,1.0,0.0,1.0,STU-10401,4.15
-0.8491936440026885,-0.21681445187046075,1.0667806976328347,0.26664532127488677,1.012698412698413,0.31900452488687786,1.2,1.0,0.0,0.0,0.0,0.0,1.0,0.0,STU-11652,3.99
-0.09760171111204174,0.0038147500722989394,-1.8079856763378837,0.555424507253159,-0.2396825396825397,-0.6583710407239819,0.2,1.0,0.0,0.0,0.0,0.0,1.0,0.0,STU-11433,3.04
0.7312147214543464,1.7688483656143752,0.9178478933204777,1.3359087936809222,0.26666666666666666,-0.036199095022624465,1.2,0.0,0.0,0.0,0.0,1.0,1.0,0.0,STU-11469,5.61
0.0,1.7688483656143752,1.0667806976328347,0.7895697931814876,0.6015873015873018,-0.8642533936651584,0.2,0.0,0.0,0.0,0.0,1.0,0.0,1.0,STU-13449,5.18
0.36664324624096223,1.4930618631859256,1.0667806976328347,-1.8640767806729044,1.4793650793650794,0.0,-0.4,0.0,0.0,0.0,0.0,1.0,0.0,1.0,STU-11912,5.8
-0.47115277931097677,-0.2581824272347273,-1.0324207045904966e-15,1.070544136295483,-0.004761904761904661,1.1244343891402715,-0.6,0.0,0.0,0.0,1.0,0.0,1.0,0.0,STU-11088,5.14
0.08109218930042927,-0.49260095429890915,1.0667806976328347,-0.19384040771749295,1.226984126984127,-0.35520361990950233,1.2,0.0,0.0,0.0,1.0,0.0,1.0,0.0,STU-13083,5.02
1.018561696991988,0.6932810061434224,0.13831180050506653,0.21981626408922136,0.13968253968253982,0.7918552036199094,-1.2,0.0,0.0,0.0,1.0,0.0,1.0,0.0,STU-10740,4.76
0.0,-1.2247380995076246e-15,1.0667806976328347,2.4129771089512335,1.401587301587302,0.7669683257918551,-0.8,0.0,0.0,0.0,0.0,1.0,1.0,0.0,STU-11239,5.66
-0.8985814054232206,-0.42365432869179703,-1.9438414539301312,-1.0289585941951982,-1.1936507936507939,0.32579185520362003,0.4,0.0,0.0,1.0,0.0,0.0,1.0,0.0,STU-14812,2.04
0.5632963326245362,-0.34091837796326274,-1.1468693254879079,1.4217620651879757,-0.8095238095238096,-0.02262443438914019,0.6,0.0,0.0,0.0,0.0,1.0,0.0,1.0,STU-11324,4.77
0.4384799901253726,-0.6304942055131345,-0.2961360871963463,1.1798119363953687,-0.07777777777777782,-0.5995475113122172,-0.2,1.0,0.0,0.0,0.0,0.0,0.0,1.0,STU-13274,4.39
1.227786213555334,0.8587529076004922,1.0667806976328347,-0.7713987796740374,0.8682539682539685,0.35294117647058815,-0.8,0.0,0.0,0.0,1.0,0.0,1.0,0.0,STU-10975,5.6
0.593826948775411,-0.6718621808774011,1.0667806976328347,0.5085954500674935,0.9095238095238095,-0.6515837104072398,1.2,0.0,0.0,0.0,0.0,1.0,1.0,0.0,STU-11190,4.4
1.3786433757125969,1.7688483656143752,-1.0324207045904966e-15,0.5242051357960484,1.8730158730158732,-0.4343891402714932,-1.0,0.0,0.0,0.0,0.0,1.0,0.0,1.0,STU-12013,5.78
-0.5905813660188106,-1.7198508901055096,0.1361322960517149,1.0783489791597605,-0.19206349206349194,-0.744343891402715,-1.2,1.0,0.0,0.0,0.0,0.0,1.0,0.0,STU-14680,3.24
-0.595071162511586,-0.5753369050274446,-0.4799409627623286,0.13396299258216723,-0.08095238095238093,0.8687782805429866,-0.6,0.0,1.0,0.0,0.0,0.0,1.0,0.0,STU-13760,3.44
-0.30772418697394316,-0.16165715138477083,-0.7850715862315474,0.43835186428899503,-0.5857142857142857,-0.8868778280542986,1.0,1.0,0.0,0.0,0.0,0.0,0.0,1.0,STU-11230,4.62
-0.09311191461926634,-1.3475391118271023,1.0667806976328347,1.6324928225234712,-0.7476190476190477,-0.583710407239819,0.4,0.0,0.0,1.0,0.0,0.0,1.0,0.0,STU-14951,4.29
-2.1108264584726504,-0.9062807079415842,0.649768845558235,1.367128165138032,-0.18730158730158727,1.8054298642533937,0.0,0.0,1.0,0.0,0.0,0.0,1.0,0.0,STU-10361,3.92
-1.4238875950779728,-1.0579632842772306,-0.6746433605950681,-1.3645668373591366,-1.0523809523809526,0.0,-1.2,0.0,1.0,0.0,0.0,0.0,0.0,1.0,STU-14995,2.84
1.238561725137996,1.2310646858788994,0.09181570550023305,1.9915155942802425,0.09682539682539675,-0.8190045248868779,-1.0,1.0,0.0,0.0,0.0,0.0,1.0,0.0,STU-11074,4.75
-1.5621733270554639,-1.3613284369485246,-2.563547220166427,-1.169445765752196,-0.4063492063492065,-0.755656108597285,-1.2,0.0,0.0,1.0,0.0,0.0,1.0,0.0,STU-12521,2.22
-1.898010104715084,-0.6167048803917123,-1.0324207045904966e-15,-0.474814750831487,-0.5460317460317461,-0.41628959276018096,0.0,0.0,0.0,0.0,0.0,1.0,0.0,1.0,STU-12843,2.26
-1.6465815011196463,-1.9404800920482692,-1.6510613556965705,-1.6611508662016863,-1.5682539682539685,0.15610859728506796,-0.2,0.0,1.0,0.0,0.0,0.0,1.0,0.0,STU-14548,1.96
-9.14472060282331,1.5068511883073479,1.0667806976328347,-0.6777406653027057,1.0222222222222224,0.2714932126696833,-0.4,0.0,1.0,0.0,0.0,0.0,1.0,0.0,STU-11633,4.59
-0.27539765222595847,-0.9062807079415842,0.611990768366807,0.18079204976783336,0.13333333333333333,-0.8778280542986425,-0.8,0.0,0.0,0.0,1.0,0.0,1.0,0.0,STU-13691,4.64
0.5695820477144214,-0.9062807079415842,0.6010932461000498,0.9378618076027634,0.8460317460317461,2.3416289592760187,1.4,0.0,0.0,1.0,0.0,0.0,1.0,0.0,STU-10413,4.32
0.681826960033813,-0.02376390017054541,-0.3913077816593639,0.1729872069035559,-0.16666666666666652,0.8371040723981901,-0.2,0.0,1.0,0.0,0.0,0.0,1.0,0.0,STU-13866,3.8
1.3786433757125969,0.5829664051720425,0.07147366393561833,-0.1314016648032719,0.11746031746031751,0.23076923076923067,-1.2,0.0,0.0,1.0,0.0,0.0,1.0,0.0,STU-12498,4.86
-0.9371936552610919,0.08655070080083443,0.3540827413868717,0.9222521218742071,-0.025396825396825425,-0.3574660633484163,0.2,0.0,0.0,1.0,0.0,0.0,1.0,0.0,STU-14857,3.96
0.21758200268080916,-0.299550402598995,-0.6949854021596829,0.26664532127488677,-0.8777777777777779,1.6357466063348416,-1.2,0.0,0.0,0.0,0.0,1.0,1.0,0.0,STU-10930,3.05
0.5803575592970834,-0.5615475799060224,1.0667806976328347,-0.2016452505817704,1.13968253968254,0.6040723981900454,-0.2,0.0,0.0,0.0,1.0,0.0,1.0,0.0,STU-12533,4.14
-0.058989461274171685,1.4792725380645035,1.0667806976328347,-0.9274956369595893,0.7333333333333333,-0.5565610859728507,0.4,0.0,0.0,0.0,1.0,0.0,0.0,1.0,STU-12687,5.24
1.3786433757125969,1.7688483656143752,1.0667806976328347,-0.4123760079172659,-0.1634920634920634,0.5769230769230769,0.4,0.0,0.0,0.0,1.0,0.0,1.0,0.0,STU-13803,4.92
1.3786433757125969,0.3761265283507062,1.0667806976328347,1.1876167792596464,1.223809523809524,0.9660633484162897,-0.8,0.0,0.0,1.0,0.0,0.0,1.0,0.0,STU-14019,4.83
-0.662418109903221,0.38991585347212837,-0.47558195385562535,-0.7948133082668697,0.43650793650793657,0.9389140271493212,-1.2,0.0,0.0,0.0,0.0,1.0,1.0,0.0,STU-14487,3.24
-1.2532753283524984,-0.28576107747757284,-0.4058378113483746,-0.08457260761760575,-1.4603174603174605,-0.7963800904977376,0.0,0.0,0.0,1.0,0.0,0.0,1.0,0.0,STU-14625,2.47
0.8066433025329767,-0.28576107747757284,0.22113296973242616,0.36030343564621836,0.5920634920634922,-0.04751131221719456,0.6,0.0,0.0,0.0,0.0,1.0,0.0,1.0,STU-13857,4.67
0.21399016548658933,0.26581192737932635,-0.23147745508024975,0.009085506753725131,-0.907936507936508,-0.7013574660633485,-0.6,1.0,0.0,0.0,0.0,0.0,1.0,0.0,STU-14090,4.24
0.901826988179821,0.84496358247907,0.3577152488091241,0.2900598498677199,0.5031746031746033,0.0,1.2,1.0,0.0,0.0,0.0,0.0,1.0,0.0,STU-12253,5.82
1.2520311146163234,-0.6304942055131345,0.021345061508532423,-0.9431053226881448,0.0,-0.21266968325791866,0.6,0.0,0.0,0.0,0.0,1.0,1.0,0.0,STU-11412,3.88
-1.2793161480105966,-1.1820672103700325,0.15938034355413214,-0.6621309795741501,-0.6174603174603177,-0.9570135746606336,0.0,0.0,0.0,0.0,1.0,0.0,1.0,0.0,STU-12366,2.91
-1.1239691893605595,-0.6856515059988245,-0.8569952331921498,0.34469374991766344,-0.4746031746031747,-0.8733031674208146,0.6,0.0,0.0,0.0,0.0,1.0,1.0,0.0,STU-13357,3.67
-0.9838875387859585,0.596755730293466,-0.9209273638237954,-1.2552990372592494,-0.42222222222222233,1.7307692307692306,1.2,0.0,0.0,0.0,0.0,1.0,1.0,0.0,STU-14796,3.03
-0.132622123755692,-0.09271052577765751,0.978147516529871,-1.38641860024038e-15,-0.057142857142857065,-0.6764705882352942,0.4,0.0,0.0,0.0,0.0,1.0,0.0,1.0,STU-12449,4.47
0.027214631387121803,0.12791867616510097,1.0667806976328347,0.6022535644388252,1.7142857142857144,1.1719457013574661,0.4,0.0,0.0,1.0,0.0,0.0,1.0,0.0,STU-11569,4.35
-0.4944997210734107,-2.4368957964194773,-0.5504116067540292,-1.387981365951969,-0.3190476190476191,-0.4027149321266969,0.4,0.0,0.0,1.0,0.0,0.0,1.0,0.0,STU-10491,3.48
0.0,-0.5615475799060224,0.33955271169786105,1.2344458364453124,0.44126984126984126,2.429864253393666,-1.0,0.0,0.0,0.0,0.0,1.0,1.0,0.0,STU-14289,5.21
0.8335820814896316,-0.7408088064845144,1.0667806976328347,0.2276211069534988,-0.05873015873015862,1.092760180995475,1.6,0.0,0.0,0.0,0.0,1.0,1.0,0.0,STU-14797,4.39
-0.8438058882113575,-1.7336402152269317,-1.88644783665854,-1.9967591093656238,-0.5904761904761907,1.2104072398190047,0.0,1.0,0.0,0.0,0.0,0.0,0.0,1.0,STU-10365,2.73
0.386398350809175,-0.3822863533275293,0.6613928693094431,1.289079736495256,0.3333333333333333,0.5995475113122171,1.4,1.0,0.0,0.0,0.0,0.0,1.0,0.0,STU-14573,4.3
-0.9039691612145516,1.093171434664674,-0.4058378113483746,-0.9431053226881448,-0.6587301587301587,0.2285067873303167,0.0,0.0,1.0,0.0,0.0,0.0,1.0,0.0,STU-12043,4.09
-0.13800987954702298,-0.02376390017054541,0.7253249999410888,-0.7401794082169267,-0.1571428571428572,-0.15610859728506796,0.4,0.0,0.0,1.0,0.0,0.0,1.0,0.0,STU-10402,4.11
-1.1311528637490003,-0.3133397277204172,-2.2053819883323196,-0.8104229939954253,0.1666666666666668,2.377828054298643,0.0,0.0,1.0,0.0,0.0,0.0,1.0,0.0,STU-11159,2.78
1.3786433757125969,1.2310646858788994,1.0667806976328347,-0.6074970795242065,0.5031746031746033,1.251131221719457,0.0,0.0,0.0,0.0,1.0,0.0,1.0,0.0,STU-10072,4.66
0.14125546230362335,0.969067508571872,0.7202394895499356,0.9144472790099297,-0.025396825396825425,0.7013574660633486,-1.2,0.0,1.0,0.0,0.0,0.0,1.0,0.0,STU-11149,5.11
-1.585520268817898,-0.602915555270289,-1.0763986814962072,-1.005544065602366,-0.8396825396825398,1.1945701357466063,-1.2,0.0,0.0,0.0,0.0,1.0,1.0,0.0,STU-10783,3.35
-2.8902551296185055,-1.44406438767706,-3.1810734819493716,-0.396766322188711,-1.6920634920634923,0.8619909502262443,-0.6,0.0,0.0,1.0,0.0,0.0,1.0,0.0,STU-13870,1.0
1.3786433757125969,0.7760169568719578,1.0667806976328347,0.539814821524604,1.4841269841269844,0.27375565610859726,-0.6,0.0,1.0,0.0,0.0,0.0,0.0,1.0,STU-12752,5.42
-0.4064997098150073,0.045182725436566686,-0.8126786426406679,1.3593233222737544,0.3206349206349206,-0.12895927601809962,-1.2,0.0,0.0,0.0,0.0,1.0,1.0,0.0,STU-13110,4.57
0.013745241908794299,0.3347585529864385,1.0667806976328347,-1.3411523087663035,1.0349206349206352,-0.8144796380090498,0.8,1.0,0.0,0.0,0.0,0.0,0.0,1.0,STU-12658,3.76
-1.9096835755963002,-2.2576345698409854,-1.8435842490759595,-0.9040811083667569,-0.8873015873015875,13.587249740738592,-0.8,0.0,1.0,0.0,0.0,0.0,1.0,0.0,STU-11493,2.09
0.9135004590610373,1.0518034593004075,-0.4944709924513383,0.336888907053386,-0.5301587301587303,-0.7941176470588236,-0.8,0.0,0.0,0.0,0.0,1.0,1.0,0.0,STU-10154,4.38
1.3014188760368555,1.4516938878216579,1.0667806976328347,0.5710341929817145,0.4984126984126986,-0.11085972850678738,1.0,0.0,0.0,0.0,0.0,1.0,0.0,1.0,STU-10540,5.89
-0.25564254765774563,0.2520226022579042,0.5633151689086219,1.0939586648883153,-0.8412698412698414,-0.6108597285067874,-1.0,0.0,0.0,1.0,0.0,0.0,0.0,1.0,STU-14497,3.91
0.6081942975522928,0.9552781834504498,-0.6027197136344669,0.8754230646885424,-0.09523809523809519,-0.30995475113122173,-0.4,1.0,0.0,0.0,0.0,0.0,1.0,0.0,STU-13352,4.85
-0.5340099302098363,-0.2719717523561507,-1.8951658544719465,-0.13920650766754936,-1.7476190476190478,0.41176470588235303,0.4,0.0,0.0,0.0,0.0,1.0,1.0,0.0,STU-13283,3.34
1.3786433757125969,0.6381237056577325,0.9018648606625662,-1.208469980073584,0.22222222222222232,-0.5384615384615384,-1.2,0.0,0.0,0.0,0.0,1.0,1.0,0.0,STU-12406,5.08
1.3301535735906191,0.6105450554148881,1.0667806976328347,0.539814821524604,0.6555555555555558,2.4343891402714934,-1.0,0.0,0.0,0.0,0.0,1.0,0.0,1.0,STU-12155,5.52
1.3759494978169313,1.7688483656143752,1.0667806976328347,-1.0757876513808644,0.5460317460317461,0.5972850678733032,0.8,0.0,0.0,1.0,0.0,0.0,1.0,0.0,STU-12077,4.57
0.8084392211300878,0.34854787810786064,1.0667806976328347,-1.5128588517804111,-0.1603174603174603,1.1425339366515836,0.4,0.0,0.0,0.0,0.0,1.0,1.0,0.0,STU-14215,3.93
-0.30233643118261216,-0.1064998508990809,-1.0324207045904966e-15,0.09493877826077925,0.41269841269841273,-0.832579185520362,0.2,0.0,0.0,1.0,0.0,0.0,1.0,0.0,STU-12723,3.84
0.5498269431462086,-0.40986500357037486,1.0667806976328347,0.45396155001754995,0.6809523809523812,1.2669683257918554,-0.4,0.0,0.0,0.0,1.0,0.0,1.0,0.0,STU-12946,4.73
-1.1976018518420797,-1.2247380995076246e-15,0.1651923554297362,-1.3957862088162472,-0.7634920634920636,1.1493212669683257,-0.2,0.0,0.0,0.0,1.0,0.0,1.0,0.0,STU-12963,4.01
-2.0668264528434483,-0.547758254784599,-1.4963165395086095,-0.9587150084166998,-1.4619047619047623,12.22454441631565,-0.4,0.0,0.0,0.0,0.0,1.0,0.0,1.0,STU-12972,3.01
-0.6974385225468712,-0.16165715138477083,1.0667806976328347,-1.5987121232874653,0.3761904761904764,0.9434389140271495,0.0,0.0,1.0,0.0,0.0,0.0,1.0,0.0,STU-12674,2.85
1.3786433757125969,-1.306171136462836,-0.011347505291741304,1.3202991079523658,-0.028571428571428532,2.2601809954751126,0.0,1.0,0.0,0.0,0.0,0.0,1.0,0.0,STU-14364,5.0
-1.3026630897730305,0.48644112932208605,0.3250226820088514,-0.8572520511810907,0.04126984126984124,0.09276018099547514,-0.8,0.0,0.0,1.0,0.0,0.0,0.0,1.0,STU-10535,4.82
-1.0422548931920415,0.11412935104367879,-0.5111805265937006,1.2032264649882025,-0.5492063492063491,0.13800904977375572,0.2,0.0,0.0,1.0,0.0,0.0,1.0,0.0,STU-11731,4.19
-1.822581523636453,-0.727019481363091,-1.499222545446411,0.1729872069035559,-0.6492063492063493,0.2533936651583711,0.2,0.0,1.0,0.0,0.0,0.0,1.0,0.0,STU-14619,2.51
-0.6247038193639053,-0.5891262301488668,-1.085116699309614,1.4451765937808079,-0.7238095238095239,-0.2533936651583711,0.0,1.0,0.0,0.0,0.0,0.0,1.0,0.0,STU-11548,3.71
-0.28437724521150926,-2.2024772693552954,-0.5903691883988078,0.9690811790598732,-0.5793650793650795,-0.2285067873303167,-0.2,0.0,0.0,0.0,1.0,0.0,1.0,0.0,STU-10410,2.95
-1.1078059219865664,-2.0094267176553813,-1.6445228423365161,-0.6231067652527621,-0.7269841269841271,0.0,0.6,0.0,0.0,0.0,0.0,1.0,1.0,0.0,STU-10459,2.94
-0.2340915244924216,-0.23060377699188292,-2.015765100890733,-0.638716450981317,-0.23174603174603164,-0.3597285067873303,-1.0,0.0,0.0,0.0,0.0,1.0,1.0,0.0,STU-12211,3.38
1.1514596731781481,0.9414888583290276,1.0667806976328347,-1.497249166051856,0.8523809523809524,-1.1357466063348416,0.0,0.0,1.0,0.0,0.0,0.0,1.0,0.0,STU-13320,4.83
1.058071906128415,1.217275360757476,-0.2038703986711292,1.507615336695029,-0.6206349206349208,0.29864253393665163,-1.2,0.0,0.0,1.0,0.0,0.0,1.0,0.0,STU-12381,4.39
0.6979902274078061,-0.13407850114192527,1.0667806976328347,1.8588332655875228,-0.019047619047618928,-0.009049773755656116,0.0,0.0,0.0,0.0,1.0,0.0,0.0,1.0,STU-10290,4.17
1.3786433757125969,1.6723230897644175,0.9934040477033315,-1.2787135658520825,1.4253968253968254,-0.1402714932126697,0.4,0.0,0.0,1.0,0.0,0.0,0.0,1.0,STU-10530,6.52
0.7033779831991371,1.3413792868502792,1.0667806976328347,0.10274362112505671,0.0,0.42760180995475106,0.0,0.0,0.0,0.0,0.0,1.0,0.0,1.0,STU-11138,5.82
-0.4118874656063383,0.8173849322362243,0.9614379823875087,2.3037093088513476,-0.5714285714285715,-0.30995475113122173,0.2,0.0,0.0,0.0,0.0,1.0,0.0,1.0,STU-14178,4.68
-0.9731120272032965,0.5002304544435082,0.5160925724193386,-0.9821295370095329,-0.36507936507936495,-0.751131221719457,-0.8,1.0,0.0,0.0,0.0,0.0,1.0,0.0,STU-14191,3.94
1.2044392717929011,0.7760169568719578,0.8633602819866885,0.6022535644388252,1.3,1.2714932126696834,-0.2,0.0,1.0,0.0,0.0,0.0,0.0,1.0,STU-14976,5.34
0.9260718892408092,1.1207500849075196,-0.1697248289019547,0.3915228071033289,0.0,1.2828054298642535,0.0,0.0,0.0,0.0,1.0,0.0,0.0,1.0,STU-13297,5.35
1.1846841672246884,0.5140197795649304,0.9519934630896522,0.5632293501174371,0.1809523809523811,0.14932126696832582,0.6,0.0,0.0,1.0,0.0,0.0,0.0,1.0,STU-14306,5.33
1.3786433757125969,0.7208596563862679,1.0667806976328347,-1.12261670856653,0.28730158730158745,0.0,0.4,1.0,0.0,0.0,0.0,0.0,1.0,0.0,STU-12352,4.39
0.16999015985738827,-1.2247380995076246e-15,-1.0324207045904966e-15,-0.7245697224883711,0.9349206349206349,-0.23303167420814486,0.2,0.0,0.0,0.0,1.0,0.0,0.0,1.0,STU-12082,4.15
-1.0260916258180497,-0.2443931021133051,-0.8962263133524774,-0.7713987796740374,0.0,0.4796380090497738,-0.2,1.0,0.0,0.0,0.0,0.0,0.0,1.0,STU-10819,3.88
1.2834596900657524,-1.2247380995076246e-15,1.0667806976328347,0.477376078610383,0.05079365079365085,0.8167420814479639,-0.4,0.0,0.0,0.0,0.0,1.0,0.0,1.0,STU-10160,5.68
0.03170442787989722,-0.7132301562416689,0.7514790533813075,-0.8572520511810907,-0.13650793650793644,1.5746606334841629,-0.6,0.0,0.0,0.0,1.0,0.0,1.0,0.0,STU-10157,3.8
-1.3915610603299882,0.0038147500722989394,0.48194700265016405,1.0861538220240379,-0.7142857142857144,-0.8122171945701357,0.0,0.0,1.0,0.0,0.0,0.0,0.0,1.0,STU-11784,3.89
-0.16943845499645213,0.05897205055798886,-0.6150702388701258,-0.05335323616049523,-0.011111111111111158,0.45248868778280543,1.4,0.0,0.0,0.0,1.0,0.0,1.0,0.0,STU-12602,3.42
0.8344800407881859,-0.28576107747757284,-0.08109164779899103,0.8754230646885424,-0.7539682539682541,12.561082121232566,0.4,1.0,0.0,0.0,0.0,0.0,0.0,1.0,STU-14910,4.86
1.3786433757125969,0.7484383066291123,1.0667806976328347,0.539814821524604,0.0,-0.6108597285067874,0.4,1.0,0.0,0.0,0.0,0.0,0.0,1.0,STU-11168,6.18
0.09186770088309128,0.03139340031514451,0.05403762830880615,0.8051794789100425,-0.20793650793650806,1.3190045248868776,0.4,1.0,0.0,0.0,0.0,0.0,0.0,1.0,STU-13862,3.7
-0.6327854530509017,-0.40986500357037486,-1.239135014013124,1.7573703083519132,-1.2984126984126987,-0.7126696832579186,-1.0,1.0,0.0,0.0,0.0,0.0,1.0,0.0,STU-12207,3.0
0.0,-0.547758254784599,0.9025913621470161,-2.6913901242863325,0.9555555555555559,0.5429864253393664,0.6,0.0,0.0,0.0,0.0,1.0,0.0,1.0,STU-10049,4.19
0.3325207928958663,-0.23060377699188292,-0.973235470704233,1.6324928225234712,-1.0603174603174605,-0.7194570135746606,0.0,0.0,1.0,0.0,0.0,0.0,1.0,0.0,STU-11435,4.11
-0.5663364649578211,-0.727019481363091,-0.16028030960409825,0.5085954500674935,0.4523809523809524,0.009049773755656116,-0.8,0.0,0.0,0.0,1.0,0.0,0.0,1.0,STU-11328,4.78
0.20141873530681742,1.4379045627002356,0.2196799667635254,-1.38641860024038e-15,-0.07142857142857133,-0.9909502262443439,-0.2,0.0,0.0,0.0,0.0,1.0,1.0,0.0,STU-10816,4.13
-1.1356426602417757,-0.8649127325773164,-0.7850715862315474,0.1729872069035559,-0.8206349206349207,0.12443438914027145,-0.6,0.0,0.0,0.0,1.0,0.0,1.0,0.0,STU-13374,3.19
0.0,-1.7887975157126217,-0.824302666391876,-2.597732009915001,-0.9222222222222223,0.1199095022624435,-1.0,0.0,1.0,0.0,0.0,0.0,0.0,1.0,STU-11804,2.86
-0.6273976972595707,0.0038147500722989394,-1.4941370350552579,-1.231884508666417,-0.1476190476190476,-0.2171945701357466,0.0,0.0,0.0,1.0,0.0,0.0,0.0,1.0,STU-13086,4.47
-0.2475609139707491,0.14170800128652436,1.0667806976328347,-1.7001750805230742,0.17777777777777798,0.8190045248868779,0.0,0.0,0.0,0.0,0.0,1.0,0.0,1.0,STU-14617,3.71
0.9323576043306958,1.4654832129430813,0.9084033740226202,-0.6465212938455952,0.9920634920634925,-0.07239819004524893,1.4,1.0,0.0,0.0,0.0,0.0,1.0,0.0,STU-13830,4.85
-0.7234793422049693,0.4450731539578183,-0.8286616752985794,0.45396155001754995,-1.0666666666666669,-0.43891402714932126,0.0,0.0,0.0,0.0,0.0,1.0,1.0,0.0,STU-13478,3.0
0.5013371410242322,-1.2247380995076246e-15,1.0667806976328347,-0.474814750831487,0.8952380952380952,0.3031674208144796,-0.2,0.0,0.0,0.0,1.0,0.0,1.0,0.0,STU-12281,4.62
0.264275886205677,-0.23060377699188292,-0.32737565102771826,-1.3411523087663035,0.44126984126984126,1.597285067873303,0.0,1.0,0.0,0.0,0.0,0.0,0.0,1.0,STU-12891,4.13
-0.27539765222595847,-1.9680587422911135,-2.0811502344912802,1.2968845793595334,-1.6095238095238098,-0.07918552036199088,-0.8,0.0,0.0,0.0,0.0,1.0,1.0,0.0,STU-13824,2.08
-0.6103364705870234,-0.6442835306345567,-0.07818564186118951,0.516400292931771,-0.3920634920634922,0.17647058823529418,-1.2,0.0,0.0,0.0,0.0,1.0,0.0,1.0,STU-13683,4.09
0.0,-0.5339689296631769,-2.705215009634279,-0.22505977917460346,-1.5349206349206352,0.4185520361990949,1.8,0.0,0.0,1.0,0.0,0.0,1.0,0.0,STU-12773,2.69
1.3786433757125969,-1.0303846340343863,-0.25254599812931433,0.02469519248228074,-1.1206349206349209,1.8009049773755657,-1.0,0.0,0.0,0.0,1.0,0.0,1.0,0.0,STU-11348,5.24
-0.8635609927795703,-0.9062807079415842,-2.125466825042762,-0.5996922366599291,0.0,-0.1085972850678734,-0.6,1.0,0.0,0.0,0.0,0.0,1.0,0.0,STU-10145,3.4
0.4770922399632426,1.4792725380645035,0.5981872401622472,-0.5450583366099861,-0.2428571428571428,-0.5927601809954751,0.6,0.0,0.0,0.0,1.0,0.0,1.0,0.0,STU-13458,4.85
1.3786433757125969,0.2520226022579042,1.0667806976328347,0.4617663928818274,0.5619047619047621,0.6968325791855202,0.2,0.0,1.0,0.0,0.0,0.0,1.0,0.0,STU-13522,5.32
-1.7139284485112813,-1.4302750625556377,-1.0324207045904966e-15,-0.7792036225383148,-1.4190476190476191,-0.5271493212669683,-0.4,0.0,0.0,0.0,1.0,0.0,1.0,0.0,STU-14528,2.85
-0.7926222081937155,0.43128382883639615,-2.0913212552735874,2.4129771089512335,-0.20476190476190467,-0.0972850678733031,0.2,1.0,0.0,0.0,0.0,0.0,0.0,1.0,STU-12337,4.33
0.7141534947817978,-0.9062807079415842,0.8139581810440524,-0.6153019223884847,0.3650793650793653,-0.5407239819004526,0.0,0.0,0.0,0.0,0.0,1.0,0.0,1.0,STU-12730,4.27
0.5192963269953351,0.03139340031514451,0.46087845960109847,1.1798119363953687,0.0,2.3710407239819005,0.8,1.0,0.0,0.0,0.0,0.0,1.0,0.0,STU-12926,4.36
1.2520311146163234,1.5482191636716156,1.0667806976328347,-0.5060341222885975,2.987301587301588,0.13348416289592757,0.2,0.0,0.0,0.0,0.0,1.0,1.0,0.0,STU-13051,5.11
0.21399016548658933,-0.8373340823344708,0.9425489437917957,-0.5372534937457081,-0.4428571428571428,-0.5814479638009049,-0.2,1.0,0.0,0.0,0.0,0.0,0.0,1.0,STU-14425,3.96
-1.2882957409961486,-1.0579632842772306,-1.499222545446411,-0.6231067652527621,-1.323809523809524,0.20361990950226252,0.4,0.0,0.0,0.0,0.0,1.0,0.0,1.0,STU-11723,2.47
1.3786433757125969,0.9276995332076042,-0.21912692984459076,-0.7245697224883711,-0.41746031746031736,-0.085972850678733,-0.8,0.0,0.0,0.0,1.0,0.0,1.0,0.0,STU-11692,4.22
0.3468881416727494,0.7070703312648458,-0.7959691084983056,1.3202991079523658,-0.6063492063492065,-0.2488687782805429,-0.2,1.0,0.0,0.0,0.0,0.0,0.0,1.0,STU-10523,3.95
0.0,0.6794916810220002,-0.7618235387291311,0.594448721574547,-0.9888888888888889,-0.8981900452488687,0.4,0.0,0.0,0.0,0.0,1.0,1.0,0.0,STU-12689,3.19
0.16460240406605725,-1.2372245108557225,-0.09707468045690244,0.18859689263211082,0.1603174603174603,0.6832579185520363,-1.2,0.0,0.0,1.0,0.0,0.0,1.0,0.0,STU-12814,3.82
-0.841112010315692,0.5553877549291981,0.31921067013324633,-0.07676776475332829,-0.13333333333333333,-0.06334841628959281,-1.2,1.0,0.0,0.0,0.0,0.0,1.0,0.0,STU-14674,4.26
0.3684391648380721,-1.2247380995076246e-15,1.0667806976328347,1.4998104938307515,-0.012698412698412712,0.11085972850678738,0.2,0.0,0.0,0.0,1.0,0.0,1.0,0.0,STU-10908,5.38
0.03799014296978254,-0.05134255041339098,-0.6245147581679823,-1.38641860024038e-15,-0.025396825396825425,-0.2488687782805429,1.0,0.0,1.0,0.0,0.0,0.0,1.0,0.0,STU-12269,3.01
-0.27449969292740284,0.36233720322928403,-1.0618686518071967,-1.4894443231875787,-0.3301587301587302,-0.1199095022624435,0.4,0.0,0.0,0.0,1.0,0.0,1.0,0.0,STU-14576,4.1
1.3786433757125969,1.4516938878216579,0.19643191926110815,1.5232250224235853,-0.11428571428571441,-0.21493212669683262,0.0,0.0,0.0,1.0,0.0,0.0,1.0,0.0,STU-13728,3.81
0.16729628196172278,1.272432661243166,1.0667806976328347,0.1729872069035559,0.25238095238095243,2.0361990950226243,0.2,0.0,0.0,1.0,0.0,0.0,0.0,1.0,STU-14065,5.76
0.40345957748172234,0.05897205055798886,0.3904078156093978,-0.1626210362603824,0.9158730158730163,-0.7149321266968326,-0.4,0.0,0.0,1.0,0.0,0.0,0.0,1.0,STU-10069,4.6
0.20680649109814842,0.5140197795649304,-0.3673332326724968,1.492005650966474,-0.43650793650793657,-0.6674208144796381,-0.2,1.0,0.0,0.0,0.0,0.0,0.0,1.0,STU-13648,5.62
-0.08862211812649091,1.7136910651286854,1.0667806976328347,0.16518236403927777,1.074603174603175,-0.22171945701357476,-0.2,0.0,1.0,0.0,0.0,0.0,1.0,0.0,STU-11931,4.64
0.0,-0.06513187553481316,1.0667806976328347,0.4071324928318845,0.011111111111111158,1.4502262443438914,-0.2,1.0,0.0,0.0,0.0,0.0,1.0,0.0,STU-10140,4.97
0.5157044898011139,0.4588624790792405,-1.0324207045904966e-15,-0.006524178974829784,0.9476190476190479,-0.35294117647058815,0.8,0.0,0.0,0.0,1.0,0.0,1.0,0.0,STU-11079,5.62
-0.6965405632483156,-1.8439548161983117,0.1986114237144598,-0.40457116505298846,0.05555555555555551,0.6131221719457014,-0.2,0.0,0.0,1.0,0.0,0.0,1.0,0.0,STU-12739,3.57
0.0,-0.9890166586701185,-0.7073359273953419,0.5788390358459921,-0.07301587301587288,-0.7669683257918553,0.6,0.0,0.0,1.0,0.0,0.0,1.0,0.0,STU-11627,3.27
0.5426432687577677,1.7688483656143752,-0.017886018651796256,0.1573775211750003,-0.46031746031746046,-0.46153846153846156,0.0,1.0,0.0,0.0,0.0,0.0,0.0,1.0,STU-10467,5.47
0.7114596168861324,0.3209692278650163,-0.7247719630221541,-0.5450583366099861,10.82211062951619,-0.4773755656108597,0.4,0.0,1.0,0.0,0.0,0.0,1.0,0.0,STU-10877,2.95
-0.6013568776014714,-1.2247380995076246e-15,0.9904980417655299,-0.34213242213876743,0.40476190476190493,-0.5927601809954751,1.4,0.0,0.0,0.0,0.0,1.0,1.0,0.0,STU-11427,4.32
1.3786433757125969,0.5691770800506203,1.0667806976328347,-0.7948133082668697,1.4460317460317464,0.0,0.6,0.0,0.0,1.0,0.0,0.0,1.0,0.0,STU-10406,5.13
-0.6839691330685437,-0.7408088064845144,1.0667806976328347,-0.27969367922454635,0.09047619047619054,-0.8416289592760181,-0.4,0.0,0.0,1.0,0.0,0.0,1.0,0.0,STU-11384,3.79
-0.40111195402367633,-0.8924913828201607,0.7245984984566389,0.6256680930316575,-0.21904761904761894,1.1153846153846156,-1.0,0.0,0.0,0.0,0.0,1.0,0.0,1.0,STU-13365,3.56
0.9467249531075776,-0.7821767818487809,1.0667806976328347,-0.17042587912465987,-0.2396825396825397,-0.1402714932126697,-0.4,0.0,0.0,0.0,0.0,1.0,0.0,1.0,STU-13718,4.09
-1.0224997886238285,0.14170800128652436,0.006088530335071901,-0.22505977917460346,-0.12539682539682528,0.21040723981900447,1.2,0.0,0.0,0.0,0.0,1.0,0.0,1.0,STU-13260,4.1
1.3786433757125969,-0.49260095429890915,-0.7254984645066049,-0.396766322188711,-0.1936507936507938,1.153846153846154,-0.4,1.0,0.0,0.0,0.0,0.0,1.0,0.0,STU-12822,4.06
0.30468405464065823,-0.28576107747757284,-2.113842801291554,-0.061158079024773375,0.0,-0.3461538461538462,2.0,0.0,0.0,0.0,0.0,1.0,1.0,0.0,STU-11530,3.96
-1.7175202857055023,-0.7959661069702043,-2.1298258339494653,1.1720070935310913,-0.37619047619047613,0.04977375565610854,0.0,0.0,0.0,1.0,0.0,0.0,1.0,0.0,STU-11491,2.36
0.31994936271609437,1.7688483656143752,1.0667806976328347,-1.5050540089161337,0.9079365079365082,0.3574660633484163,0.0,0.0,0.0,0.0,1.0,0.0,0.0,1.0,STU-12659,5.27
-1.4086222870025367,-0.8511234074558942,0.24220151278149177,-1.0992021799736975,0.0,0.5045248868778279,0.2,0.0,0.0,0.0,1.0,0.0,1.0,0.0,STU-10239,4.04
1.556249908068659,0.5829664051720425,-0.1581008051507466,-1.3177377801734704,0.2428571428571428,0.3167420814479639,1.0,0.0,0.0,0.0,0.0,1.0,1.0,0.0,STU-11029,5.41
0.14394934019928884,1.7688483656143752,0.9817800239521234,-0.7479842510812043,1.3761904761904764,-0.5067873303167422,1.0,1.0,0.0,0.0,0.0,0.0,0.0,1.0,STU-11422,5.29
-0.394826238933791,-0.9890166586701185,-1.1672113670525226,-0.7792036225383148,-0.6111111111111112,1.6561085972850678,-1.0,0.0,0.0,1.0,0.0,0.0,1.0,0.0,STU-11131,3.56
-0.9183365099914335,-2.1748986191124513,0.1557478361318787,1.8198090512661342,-0.14603174603174604,-0.09276018099547514,-0.4,0.0,1.0,0.0,0.0,0.0,1.0,0.0,STU-14841,3.03
1.3786433757125969,-0.299550402598995,0.1608333465230329,0.07932909253222434,0.5396825396825399,-1.144796380090498,0.2,0.0,0.0,0.0,1.0,0.0,0.0,1.0,STU-11424,4.72
0.24452078163746416,0.5278091046863526,-1.5537101567802007,1.507615336695029,-0.06984126984126977,-0.830316742081448,0.8,0.0,0.0,0.0,1.0,0.0,1.0,0.0,STU-11503,3.7
-1.4598059670201788,0.22444395201505862,0.021345061508532423,1.21103130785248,0.0,-0.23529411764705885,0.0,0.0,0.0,1.0,0.0,0.0,0.0,1.0,STU-13736,4.28
0.5992147045667406,-0.3822863533275293,-0.012074006776191167,-1.38641860024038e-15,0.4063492063492065,0.7556561085972853,-1.2,0.0,0.0,1.0,0.0,0.0,1.0,0.0,STU-12502,4.34
1.2996229574397455,-1.3613284369485246,-1.0324207045904966e-15,2.2568802516656814,0.711111111111111,-0.44117647058823534,0.0,0.0,0.0,0.0,0.0,1.0,1.0,0.0,STU-11822,4.42
1.3786433757125969,0.596755730293466,0.20006442668336055,1.0159102362455394,0.0,-0.02262443438914019,-0.8,0.0,0.0,0.0,1.0,0.0,0.0,1.0,STU-12678,4.95
0.3531738567626347,-0.28576107747757284,0.5291695991394474,-1.28651840871636,-0.6,-0.8438914027149321,-0.8,1.0,0.0,0.0,0.0,0.0,1.0,0.0,STU-11518,3.71
-1.8638876513699887,-0.7408088064845144,-1.0684071651672515,1.0471296077026493,-0.38571428571428573,-0.9886877828054299,0.8,0.0,0.0,0.0,0.0,1.0,0.0,1.0,STU-14984,3.12
-0.957846719127859,-1.9129014418054238,-0.9470814172640142,-1.3177377801734704,-0.7031746031746032,0.4547511312217194,0.4,0.0,0.0,0.0,1.0,0.0,1.0,0.0,STU-13385,1.74
1.3786433757125969,-0.6442835306345567,-0.6237882566835314,-0.5918873937956516,-0.3698412698412699,-0.07692307692307689,0.2,0.0,0.0,1.0,0.0,0.0,1.0,0.0,STU-12123,3.36
-2.00756113913881,-0.02376390017054541,-1.406956856921195,1.429566908052253,-0.8952380952380954,1.1289592760180993,-0.4,0.0,0.0,1.0,0.0,0.0,1.0,0.0,STU-12588,2.63
1.3786433757125969,0.2796012525007486,1.0667806976328347,-0.3655469507316005,1.301587301587302,-0.33031674208144796,0.2,0.0,1.0,0.0,0.0,0.0,1.0,0.0,STU-14338,4.41
0.0,0.5691770800506203,0.8698987953467434,0.18079204976783336,1.123809523809524,-0.0972850678733031,-1.0,0.0,0.0,0.0,0.0,1.0,0.0,1.0,STU-11019,4.79
0.5893371522826343,1.7136910651286854,1.0667806976328347,-0.38896147932443353,0.5809523809523811,0.42307692307692313,-1.0,0.0,0.0,0.0,0.0,1.0,1.0,0.0,STU-14768,5.84
0.4510514203051445,0.9414888583290276,1.0428061486459674,-0.8026181511311471,-0.24444444444444435,-0.5113122171945702,1.6,0.0,1.0,0.0,0.0,0.0,0.0,1.0,STU-10233,4.62
-1.3682141185675556,0.8173849322362243,-0.2772470486006324,1.492005650966474,-0.9317460317460319,-0.8031674208144796,-1.2,0.0,0.0,0.0,0.0,1.0,1.0,0.0,STU-11223,3.88
-0.28347928591295496,1.0242248090575619,0.6664783797005962,0.2588404784106093,0.3888888888888891,0.5882352941176472,0.4,0.0,0.0,0.0,0.0,1.0,1.0,0.0,STU-14013,5.01
0.46541876908202634,-0.02376390017054541,0.710794970252078,1.4373717509165305,0.1539682539682541,0.036199095022624465,0.2,0.0,1.0,0.0,0.0,0.0,0.0,1.0,STU-10433,3.91
1.3786433757125969,0.596755730293466,0.49647703233917473,-0.24847430776743584,-0.1968253968253969,1.416289592760181,-0.8,0.0,0.0,0.0,0.0,1.0,0.0,1.0,STU-10544,5.31
0.9871331215425588,-0.06513187553481316,1.0667806976328347,0.04810972107511381,0.7920634920634922,1.1108597285067872,-0.8,1.0,0.0,0.0,0.0,0.0,0.0,1.0,STU-10144,5.57
0.4043575367802779,0.29339057762217075,1.0667806976328347,1.289079736495256,0.9365079365079367,-0.06787330316742078,-0.2,1.0,0.0,0.0,0.0,0.0,1.0,0.0,STU-11269,5.05
0.9952147552295554,0.2520226022579042,0.6403243262603775,-0.014329021839107243,1.0444444444444447,0.6402714932126695,-0.8,0.0,0.0,1.0,0.0,0.0,0.0,1.0,STU-10528,5.2
-0.628295656558125,1.6585337646429954,-1.0611421503227467,-1.45042010886619,-0.7682539682539684,-0.665158371040724,1.0,0.0,0.0,0.0,0.0,1.0,0.0,1.0,STU-10312,4.45
-0.6821732144714339,0.6105450554148881,-0.6891733902840789,0.2588404784106093,0.1841269841269842,-0.20361990950226252,0.8,0.0,0.0,0.0,0.0,1.0,0.0,1.0,STU-10053,3.83
0.9386433194205811,0.48644112932208605,0.9803270209832226,0.2588404784106093,0.0031746031746031074,-0.09954751131221728,-0.4,1.0,0.0,0.0,0.0,0.0,1.0,0.0,STU-11646,5.34
-0.5429895231953884,0.9276995332076042,-1.5006755484153127,1.7963945226733018,-0.6714285714285715,0.07013574660633476,-1.0,0.0,0.0,0.0,1.0,0.0,1.0,0.0,STU-13444,4.57
-1.2622549213380492,-0.2443931021133051,-0.9645174528908264,0.8207891646385987,-0.4063492063492065,-0.35520361990950233,0.6,1.0,0.0,0.0,0.0,0.0,1.0,0.0,STU-11407,3.77
-0.09490783321637623,-0.05134255041339098,0.8982323532403138,1.1954216221239238,-0.16507936507936496,-0.08144796380090505,0.2,0.0,0.0,0.0,1.0,0.0,1.0,0.0,STU-12182,4.35
0.0,-1.2247380995076246e-15,0.2574580439549523,0.5710341929817145,-0.12857142857142867,-0.7104072398190046,0.0,0.0,0.0,1.0,0.0,0.0,0.0,1.0,STU-12735,4.76
0.12329627633252042,-0.299550402598995,0.08600369362462898,-1.3957862088162472,1.0190476190476192,-0.6538461538461539,1.0,0.0,0.0,0.0,0.0,1.0,1.0,0.0,STU-12577,3.84
1.3786433757125969,0.4450731539578183,1.0667806976328347,-0.17823072198893733,0.41111111111111115,-0.7104072398190046,0.4,0.0,0.0,0.0,1.0,0.0,1.0,0.0,STU-12358,5.29
-1.63311211164132,-1.9956373925339592,-1.5152055781043234,-0.15481619339610495,-0.8555555555555556,-0.27375565610859726,-0.6,0.0,0.0,0.0,0.0,1.0,0.0,1.0,STU-12633,2.53
0.0,0.4588624790792405,-0.32737565102771826,1.2968845793595334,-0.13968253968253955,0.24208144796380096,0.4,0.0,0.0,0.0,1.0,0.0,1.0,0.0,STU-11698,4.31
0.20680649109814842,-0.12028917602050308,0.7631030771325157,-0.5606680223385411,-0.061904761904762004,-0.4660633484162896,1.0,1.0,0.0,0.0,0.0,0.0,1.0,0.0,STU-10519,4.12
1.3786433757125969,-0.49260095429890915,-0.9696029632819806,0.18859689263211082,0.18888888888888883,-0.1199095022624435,-0.4,0.0,0.0,0.0,0.0,1.0,1.0,0.0,STU-12154,4.34
0.0,1.7136910651286854,1.0667806976328347,0.5085954500674935,0.350793650793651,-0.04977375565610854,-0.8,1.0,0.0,0.0,0.0,0.0,0.0,1.0,STU-12780,5.17
1.3786433757125969,0.596755730293466,1.0667806976328347,-0.396766322188711,0.3285714285714287,-0.46153846153846156,1.4,0.0,0.0,0.0,0.0,1.0,1.0,0.0,STU-13656,5.02
0.25709221181723607,1.203486035636054,-0.24310147883145788,1.164202250666814,0.23174603174603192,0.3461538461538462,-0.4,0.0,0.0,0.0,0.0,1.0,1.0,0.0,STU-12578,4.27
0.5695820477144214,0.2796012525007486,0.18262839105654838,0.0012806638894476737,0.03968253968253969,-0.5158371040723982,0.2,0.0,0.0,1.0,0.0,0.0,1.0,0.0,STU-10777,4.5
0.0029697303261335692,1.4379045627002356,-0.6252412596524332,1.1954216221239238,-0.9904761904761907,0.0,0.4,0.0,1.0,0.0,0.0,0.0,1.0,0.0,STU-13208,4.07
0.951214749600353,1.630955114400151,1.0667806976328347,-0.03774355043194031,0.7428571428571432,-0.28506787330316735,2.6,0.0,0.0,1.0,0.0,0.0,0.0,1.0,STU-14269,5.18
0.0,1.3413792868502792,0.7478465459590551,1.1251780363454251,0.6142857142857145,0.574660633484163,-1.0,1.0,0.0,0.0,0.0,0.0,0.0,1.0,STU-13325,6.22
-0.46307114562398155,-1.9542694171696915,-0.48284696870013016,-0.357742107867323,-0.08253968253968248,-0.3823529411764707,0.2,0.0,0.0,1.0,0.0,0.0,1.0,0.0,STU-13113,3.77
-1.2020916483348552,-1.2247380995076246e-15,0.5553236525796662,-0.10018229334616136,0.1666666666666668,0.9796380090497736,0.6,0.0,0.0,0.0,0.0,1.0,1.0,0.0,STU-11080,4.21
1.3786433757125969,0.8587529076004922,1.0667806976328347,-0.28749852208882454,0.6936507936507936,1.334841628959276,-1.2,0.0,0.0,0.0,1.0,0.0,0.0,1.0,STU-10997,4.52
-0.2619282627476309,0.9139102080861821,0.08673019510907988,-0.10798713621043882,-0.47301587301587317,-0.32352941176470584,0.2,0.0,0.0,0.0,1.0,0.0,0.0,1.0,STU-12075,3.93
1.3786433757125969,-1.6233256142555519,1.0667806976328347,0.516400292931771,0.10952380952380947,-0.9027149321266968,0.0,0.0,0.0,0.0,0.0,1.0,1.0,0.0,STU-11130,4.11
-1.0341732595050461,0.47265180420066266,0.3889548126404971,-0.33432757927448997,0.4158730158730161,-0.24208144796380096,1.2,0.0,0.0,1.0,0.0,0.0,1.0,0.0,STU-11715,4.24
0.0,0.21065462689363645,1.0667806976328347,-0.357742107867323,1.0904761904761906,-0.2828054298642534,0.4,0.0,0.0,0.0,1.0,0.0,0.0,1.0,STU-10678,5.03
-0.34454051821470333,-1.2247380995076246e-15,0.04531961049539955,-0.4592050651029321,0.5111111111111113,0.14479638009049767,-1.2,0.0,0.0,1.0,0.0,0.0,1.0,0.0,STU-11022,4.36
1.3786433757125969,-0.6856515059988245,1.0667806976328347,-0.24066946490315838,1.3619047619047622,-0.5610859728506787,0.0,0.0,0.0,0.0,1.0,0.0,1.0,0.0,STU-14475,4.45
1.3786433757125969,0.08655070080083443,0.6563073589182888,-0.05335323616049523,0.27301587301587316,1.0429864253393666,-0.4,0.0,0.0,0.0,1.0,0.0,1.0,0.0,STU-13829,4.79
-0.9093569170058826,1.148328735150364,-0.6063522210567193,-0.8650568940453682,-1.1666666666666667,0.40950226244343885,0.4,1.0,0.0,0.0,0.0,0.0,0.0,1.0,STU-14636,4.59
-0.012295577749303847,-1.7750081905911996,-0.8097726367028654,-0.34993726500304556,-1.1285714285714288,-0.14705882352941185,0.2,1.0,0.0,0.0,0.0,0.0,1.0,0.0,STU-14316,2.9
1.3786433757125969,0.26581192737932635,1.0667806976328347,0.7271310502672672,1.6142857142857145,-0.39366515837104077,11.2,0.0,0.0,1.0,0.0,0.0,1.0,0.0,STU-11028,5.3
-1.2353161423813954,-0.3960756784489527,0.11942276190935257,0.8520085360957086,-0.29682539682539677,-0.1606334841628959,-0.8,0.0,1.0,0.0,0.0,0.0,1.0,0.0,STU-12085,3.53
-0.327479291542156,0.5691770800506203,-0.8729782658500612,-1.38641860024038e-15,0.573015873015873,-0.744343891402715,-1.2,0.0,0.0,1.0,0.0,0.0,1.0,0.0,STU-13533,4.63
1.0832147664879574,1.575797813914461,0.890967338395808,-0.7089600367598162,0.5476190476190479,-1.0429864253393666,1.0,1.0,0.0,0.0,0.0,0.0,1.0,0.0,STU-13013,5.51
1.1523576324767035,1.7274803902501075,1.0667806976328347,-0.7089600367598162,0.6126984126984127,-0.5294117647058824,0.8,1.0,0.0,0.0,0.0,0.0,0.0,1.0,STU-10893,5.65
1.3786433757125969,0.6794916810220002,0.2734410766128637,0.539814821524604,0.3365079365079367,-0.40497737556561086,-1.0,0.0,0.0,0.0,1.0,0.0,1.0,0.0,STU-14849,5.29
0.8973371916870455,-0.3822863533275293,-0.03459555279415753,1.4607862795093642,-0.138095238095238,0.40723981900452483,-0.2,0.0,0.0,0.0,0.0,1.0,0.0,1.0,STU-11355,3.93
0.23464322935335774,0.6243343805363103,1.0667806976328347,0.45396155001754995,0.7174603174603178,0.12895927601809962,0.6,0.0,1.0,0.0,0.0,0.0,0.0,1.0,STU-13730,5.6
0.38999018800339486,0.18307597665079087,0.1070722366736946,-0.5060341222885975,0.028571428571428532,-0.9592760180995475,-0.2,0.0,0.0,0.0,0.0,1.0,0.0,1.0,STU-14173,5.19
-1.6501733383138673,-0.9752273335486963,-2.063714198864468,-2.145051123786899,0.0,-1.0565610859728507,0.0,1.0,0.0,0.0,0.0,0.0,0.0,1.0,STU-13868,2.6
-0.7486222025645132,0.0038147500722989394,0.6105377653979063,-0.31871789354593505,1.0,-0.9638009049773756,-0.2,1.0,0.0,0.0,0.0,0.0,1.0,0.0,STU-14500,4.38
0.1780717935443835,0.08655070080083443,-0.13557925913278024,0.7973746360457651,0.0,-0.7081447963800905,-1.2,0.0,1.0,0.0,0.0,0.0,1.0,0.0,STU-14414,4.62
-0.8707446671680112,-1.0579632842772306,-0.2213064342979424,-1.3957862088162472,-0.12539682539682528,1.4389140271493213,-0.4,0.0,0.0,0.0,1.0,0.0,1.0,0.0,STU-10370,3.22
-0.08952007742504524,-1.2247380995076246e-15,0.4092968542051118,-0.38896147932443353,0.22698412698412698,0.0,0.0,0.0,0.0,0.0,0.0,1.0,0.0,1.0,STU-10506,5.59
0.0,1.162118060271786,-1.0269965805535712,-0.6699358224384276,-0.5603174603174603,0.19457013574660642,0.0,0.0,1.0,0.0,0.0,0.0,0.0,1.0,STU-14790,4.54
0.6315412393147267,0.15549732640794653,-1.0324207045904966e-15,-0.9509101655524224,0.009523809523809604,0.4592760180995476,0.0,0.0,0.0,0.0,0.0,1.0,1.0,0.0,STU-13443,4.11
-0.9461732482466427,-0.23060377699188292,-1.3495632396496042,0.12615814971788977,0.03968253968253969,0.7918552036199094,-1.0,0.0,0.0,1.0,0.0,0.0,1.0,0.0,STU-12657,2.32
0.21668404338225483,0.34854787810786064,-0.806140129280613,-1.0211537513309208,-0.7476190476190477,-0.13574660633484156,0.6,1.0,0.0,0.0,0.0,0.0,1.0,0.0,STU-12444,3.78
0.04517381735822472,-0.02376390017054541,-0.24455448180035863,-0.12359682193899443,-0.049206349206349295,-0.5,0.6,0.0,1.0,0.0,0.0,0.0,0.0,1.0,STU-12561,3.02
1.3400311258747255,1.4103259124573913,1.0667806976328347,-1.5674927518303547,0.0,-0.5995475113122172,-0.6,0.0,0.0,0.0,0.0,1.0,1.0,0.0,STU-13877,5.67
1.1254188535200498,1.5895871390358833,1.0667806976328347,0.7895697931814876,0.4587301587301589,0.0,0.6,1.0,0.0,0.0,0.0,0.0,1.0,0.0,STU-12838,4.81
0.12060239843685493,-1.2234351857343002,-1.0324207045904966e-15,-0.13920650766754936,-0.3206349206349206,-0.24434389140271495,1.8,0.0,0.0,1.0,0.0,0.0,1.0,0.0,STU-10044,2.89
1.3786433757125969,1.7688483656143752,1.0667806976328347,-1.895296152130015,0.9142857142857144,0.3778280542986425,0.2,0.0,0.0,0.0,1.0,0.0,1.0,0.0,STU-10945,5.68
-0.8420099696142476,-1.2247380995076246e-15,0.7616500741636149,0.11835330685361233,0.0,-0.3687782805429864,-0.6,0.0,0.0,1.0,0.0,0.0,1.0,0.0,STU-11771,4.88
1.3786433757125969,1.0518034593004075,1.0667806976328347,-0.13920650766754936,1.053968253968254,0.2805429864253394,0.8,0.0,0.0,0.0,0.0,1.0,1.0,0.0,STU-14986,5.96
0.7455820702312282,-1.0579632842772306,-0.3302816569655208,-0.357742107867323,0.350793650793651,2.513574660633484,-1.2,0.0,0.0,1.0,0.0,0.0,1.0,0.0,STU-11450,4.15
-1.6214386407601025,0.05897205055798886,-1.8944393529874957,-1.38641860024038e-15,-0.13174603174603178,0.36425339366515846,-0.4,0.0,1.0,0.0,0.0,0.0,1.0,0.0,STU-10532,3.85
-0.5932752439144748,0.26581192737932635,-1.127253785407744,2.6705369234723952,6.532538116164943,-0.03846153846153844,0.2,1.0,0.0,0.0,0.0,0.0,1.0,0.0,STU-10061,4.48
0.26068404901145587,-2.657524998362237,-0.917294856401543,1.3281039508166446,0.0,1.8144796380090498,-0.2,0.0,0.0,0.0,1.0,0.0,1.0,0.0,STU-12037,2.2
-1.0844589802241338,-0.8511234074558942,-1.0328085924291763,-0.9743246941452554,-0.9000000000000001,-0.7375565610859729,0.0,0.0,0.0,0.0,0.0,1.0,1.0,0.0,STU-10823,3.58
1.3786433757125969,0.1003400259222566,1.0667806976328347,-0.045548393296217765,1.477777777777778,0.40497737556561086,0.8,0.0,1.0,0.0,0.0,0.0,1.0,0.0,STU-13876,4.59
1.3786433757125969,-0.42365432869179703,-1.0880227052474154,-0.34993726500304556,-0.05079365079365085,-0.36425339366515846,0.2,0.0,0.0,0.0,0.0,1.0,1.0,0.0,STU-11508,4.13
-0.23947928028375262,-1.1682778852486104,-1.2674685719066945,1.4451765937808079,-0.26190476190476203,-0.6221719457013575,-0.4,0.0,0.0,0.0,0.0,1.0,1.0,0.0,STU-10335,4.09
0.2714595605941179,0.41749450371497276,0.432544901707528,0.7661552645886552,-0.04761904761904746,-0.6470588235294118,0.2,0.0,0.0,0.0,0.0,1.0,0.0,1.0,STU-13207,4.9
-1.09792836970246,0.7484383066291123,0.3664332666225307,0.5710341929817145,0.1047619047619048,0.7647058823529411,0.0,1.0,0.0,0.0,0.0,0.0,1.0,0.0,STU-12915,4.5
0.4411738680210381,0.8311742573576478,-0.6986179095819353,0.43835186428899503,0.07936507936507937,0.2647058823529412,-0.4,0.0,0.0,0.0,0.0,1.0,1.0,0.0,STU-10960,4.98
-0.9174385506928778,-0.35470770308468497,0.5720331867220285,-2.059197852279845,10.351485650087918,1.006787330316742,0.2,0.0,0.0,0.0,0.0,1.0,0.0,1.0,STU-14275,3.28
1.3786433757125969,0.41749450371497276,1.0667806976328347,0.19640173549638829,2.496825396825397,0.574660633484163,-0.8,0.0,0.0,0.0,1.0,0.0,1.0,0.0,STU-14363,5.87
0.180765671440049,-0.727019481363091,1.0667806976328347,0.2588404784106093,0.2063492063492065,-0.09954751131221728,-0.4,0.0,0.0,0.0,0.0,1.0,1.0,0.0,STU-13848,3.88
1.3786433757125969,-0.5615475799060224,-0.8446447079564907,-1.7470041377087404,7.083693124815527,-0.23529411764705885,-0.2,0.0,0.0,1.0,0.0,0.0,0.0,1.0,STU-11672,4.58
-0.11915273427736575,0.7208596563862679,1.0667806976328347,-0.061158079024773375,0.27936507936507937,0.6493212669683258,-0.6,0.0,0.0,0.0,1.0,0.0,1.0,0.0,STU-10454,4.37
1.3786433757125969,0.03139340031514451,-0.09925418491025409,0.0325000353465582,-0.6666666666666669,0.07466063348416291,0.0,0.0,0.0,1.0,0.0,0.0,1.0,0.0,STU-14690,3.4
-0.17482621078778313,-0.02376390017054541,-0.41964133955293437,0.11054846398933486,-0.8714285714285717,-0.9389140271493214,-0.2,0.0,0.0,0.0,1.0,0.0,1.0,0.0,STU-12864,3.32
0.0,-1.2923818113414125,-0.8954998118680275,0.10274362112505671,-1.250793650793651,0.8325791855203621,-0.2,0.0,0.0,1.0,0.0,0.0,1.0,0.0,STU-12745,2.9
-1.7839692737985817,-1.0717526093986527,-1.0324207045904966e-15,-0.18603556485321548,-0.9555555555555556,-0.17647058823529418,-0.2,1.0,0.0,0.0,0.0,0.0,0.0,1.0,STU-11875,3.6
-1.1185814335692283,-2.230055919598141,-2.732822066043399,-1.38641860024038e-15,0.0,0.12443438914027145,-1.0,1.0,0.0,0.0,0.0,0.0,1.0,0.0,STU-13953,2.25
0.8748882092231672,0.84496358247907,0.859727774564436,-0.8962762655024787,0.27936507936507937,-0.3325791855203619,0.2,0.0,0.0,0.0,1.0,0.0,1.0,0.0,STU-14400,4.41
1.342725003770391,1.4379045627002356,-0.60780522402562,-0.3811566364601561,-0.3412698412698414,0.506787330316742,8.2,0.0,0.0,0.0,0.0,1.0,1.0,0.0,STU-10947,5.09
0.03170442787989722,-1.6371149393769742,-0.5693006453497422,-1.38641860024038e-15,-1.1666666666666667,0.30995475113122173,0.2,0.0,0.0,0.0,0.0,1.0,1.0,0.0,STU-10511,3.91
0.31545956622331894,-0.5201796045417547,0.7013504509542217,0.2588404784106093,-0.13015873015873022,0.0,0.2,0.0,0.0,0.0,0.0,1.0,1.0,0.0,STU-12180,4.23
0.9934188366324441,1.7688483656143752,0.13903830198951742,-0.25627915063171397,0.5857142857142857,1.1900452488687785,0.0,0.0,0.0,1.0,0.0,0.0,1.0,0.0,STU-11189,5.45
-0.08862211812649091,-0.7545981316059366,0.7696415904925706,-1.7313944519801847,-0.15238095238095226,0.9004524886877827,0.2,0.0,0.0,0.0,0.0,1.0,0.0,1.0,STU-14831,3.81
-0.21343846062565447,0.05897205055798886,0.8241292018263597,0.2822550070034424,0.058730158730158896,1.7149321266968325,-0.6,0.0,0.0,0.0,1.0,0.0,0.0,1.0,STU-12736,4.44
0.9431331159133578,-0.8235447572130487,-0.5416935889406227,0.4617663928818274,-1.0746031746031748,1.4660633484162895,0.8,0.0,0.0,0.0,0.0,1.0,0.0,1.0,STU-14161,3.51
0.0,0.5002304544435082,1.0667806976328347,1.3905426937308643,0.4285714285714288,0.05203619909502252,0.6,1.0,0.0,0.0,0.0,0.0,0.0,1.0,STU-13031,4.24
-1.3861733045386584,0.08655070080083443,-1.1599463522080178,-0.9274956369595893,-1.1841269841269844,-0.061085972850678835,0.2,0.0,1.0,0.0,0.0,0.0,1.0,0.0,STU-13023,1.94
1.3786433757125969,1.1069607597860962,1.0667806976328347,-0.7870084654025923,0.9809523809523814,-1.1968325791855203,0.4,0.0,0.0,1.0,0.0,0.0,0.0,1.0,STU-10185,5.71
0.0,-1.2247380995076246e-15,1.0667806976328347,1.6793218797091372,0.5349206349206351,-0.6809954751131222,-1.2,0.0,0.0,1.0,0.0,0.0,1.0,0.0,STU-10797,5.96
-0.06976497285683242,0.19686530177221429,-0.1072457012392098,-1.38641860024038e-15,-0.22380952380952387,-0.015837104072398255,-0.4,0.0,1.0,0.0,0.0,0.0,1.0,0.0,STU-13910,3.45
0.3450922230756382,0.6794916810220002,-1.5500776493579482,1.6793218797091372,-0.6428571428571429,0.7058823529411765,0.2,0.0,0.0,0.0,0.0,1.0,1.0,0.0,STU-13108,3.49
1.3786433757125969,0.9139102080861821,1.0667806976328347,1.1095683506168703,0.2095238095238096,0.4570135746606334,-0.4,0.0,0.0,0.0,0.0,1.0,0.0,1.0,STU-11732,6.02
0.48966367014301454,0.8173849322362243,-0.9892185033621443,0.9534714933313183,-0.3333333333333333,1.3687782805429864,0.2,0.0,0.0,0.0,1.0,0.0,1.0,0.0,STU-13174,4.19
0.4977453038300111,-0.12028917602050308,0.10489273222034294,-0.7792036225383148,0.6126984126984127,-0.39819004524886875,-1.2,0.0,1.0,0.0,0.0,0.0,1.0,0.0,STU-12046,4.14
1.29692907954408,0.9139102080861821,1.0667806976328347,-0.6777406653027057,1.631746031746032,-0.665158371040724,0.6,0.0,0.0,0.0,0.0,1.0,1.0,0.0,STU-13636,5.63
0.19513302021693082,0.08655070080083443,1.0667806976328347,1.1251780363454251,0.48253968253968277,0.6153846153846153,0.4,1.0,0.0,0.0,0.0,0.0,1.0,0.0,STU-11510,4.59
1.3526025560544974,0.5691770800506203,0.7769066053370765,-1.208469980073584,0.44285714285714306,-0.40045248868778294,-0.4,0.0,0.0,0.0,0.0,1.0,1.0,0.0,STU-14955,5.18
-7.774746809744115,-0.18923580162761516,-1.0324207045904966e-15,0.21981626408922136,-0.4682539682539682,0.12895927601809962,1.2,0.0,0.0,0.0,0.0,1.0,1.0,0.0,STU-11946,3.85
0.7024800239005815,-0.547758254784599,-0.4189148380684845,-0.5918873937956516,0.4841269841269843,0.6561085972850678,1.0,0.0,0.0,0.0,0.0,1.0,1.0,0.0,STU-12543,4.25
-0.2170302978198743,-1.8439548161983117,0.14194430792731894,-2.0670026951441223,-0.34920634920634913,-0.3778280542986425,-0.6,0.0,1.0,0.0,0.0,0.0,1.0,0.0,STU-14801,2.98
-1.8234794829350074,-1.4026964123127923,-0.32301664212101494,-0.33432757927448997,-1.3730158730158732,1.257918552036199,1.0,0.0,0.0,0.0,1.0,0.0,0.0,1.0,STU-12523,2.88
-0.148785391129685,-1.5957469640127075,-0.1537417962440433,-1.38641860024038e-15,-0.8920634920634922,-0.4479638009049774,-0.2,1.0,0.0,0.0,0.0,0.0,1.0,0.0,STU-13906,2.56
0.8937453544928244,-0.05134255041339098,-0.3607947193124429,0.5007906072032161,-0.28730158730158745,-0.6990950226244343,0.0,0.0,0.0,0.0,0.0,1.0,1.0,0.0,STU-14771,4.85
0.0,-0.20302512674903736,-0.00844149935393876,-0.6699358224384276,0.30634920634920637,-0.42760180995475117,-0.2,0.0,0.0,0.0,0.0,1.0,1.0,0.0,STU-13595,3.45
0.8344800407881859,-0.02376390017054541,0.4950240293702729,0.7583504217243777,0.7746031746031748,0.19683257918552038,-1.0,0.0,0.0,0.0,1.0,0.0,1.0,0.0,STU-14802,5.16
0.3379085486871973,1.3000113114860115,-1.6663178868700315,-1.6533460233374089,-1.004761904761905,0.06334841628959281,0.4,0.0,1.0,0.0,0.0,0.0,1.0,0.0,STU-10373,3.77
-0.2385813209851983,0.84496358247907,-1.542812634513443,-0.34213242213876743,0.13174603174603178,-0.3371040723981901,2.2,1.0,0.0,0.0,0.0,0.0,0.0,1.0,STU-11998,3.58
1.3786433757125969,-0.5339689296631769,-0.7247719630221541,-0.7870084654025923,-0.14603174603174604,-0.6538461538461539,1.2,0.0,0.0,0.0,0.0,1.0,1.0,0.0,STU-13756,3.84
-1.6438876232239807,-1.678482914741242,-0.9151153519481914,-0.045548393296217765,-1.558730158730159,1.5927601809954752,0.0,0.0,0.0,1.0,0.0,0.0,1.0,0.0,STU-13939,2.45
-0.45768338983265056,-1.4302750625556377,0.024251067446334967,0.6646923073530462,0.11587301587301596,0.916289592760181,1.0,1.0,0.0,0.0,0.0,0.0,1.0,0.0,STU-14034,3.37
1.3786433757125969,0.3209692278650163,1.0667806976328347,-0.6153019223884847,1.2190476190476196,2.7624434389140275,0.2,0.0,0.0,1.0,0.0,0.0,1.0,0.0,STU-11401,5.28
-0.913846713498658,-0.7132301562416689,0.6860939197807611,0.7037165216744341,0.0,-0.44117647058823534,-0.6,1.0,0.0,0.0,0.0,0.0,1.0,0.0,STU-12102,4.41
0.0,0.78980628199338,0.11796975894045182,2.0071252800087973,0.4063492063492065,-0.9660633484162895,-1.2,0.0,0.0,0.0,1.0,0.0,1.0,0.0,STU-11147,4.89
-1.3080508455643614,-0.13407850114192527,-1.778199115475412,-0.38896147932443353,-1.6095238095238098,-0.9728506787330317,-0.8,0.0,0.0,0.0,1.0,0.0,0.0,1.0,STU-11541,2.94
-1.1536018462128788,0.07276137567941103,0.797975148386141,0.32908406418910785,-0.311111111111111,1.5,-1.0,1.0,0.0,0.0,0.0,0.0,0.0,1.0,STU-10600,4.63
0.4232146820499352,-0.5615475799060224,0.5734861896909292,0.9612763361955958,0.6190476190476192,1.01131221719457,-1.2,0.0,0.0,1.0,0.0,0.0,0.0,1.0,STU-11338,5.34
-1.700459059032955,-1.1131205847629204,-1.1882799101015882,-1.38641860024038e-15,-1.3047619047619048,-0.37330316742081454,0.2,0.0,0.0,1.0,0.0,0.0,1.0,0.0,STU-12099,2.2
-0.9093569170058826,1.3413792868502792,-1.8341397297781024,-1.0211537513309208,-1.0650793650793653,-0.04977375565610854,-1.0,0.0,0.0,1.0,0.0,0.0,0.0,1.0,STU-13788,3.69
0.9440310752119121,0.08655070080083443,0.45506644772549437,0.6646923073530462,-0.26031746031746045,-0.061085972850678835,-1.2,0.0,0.0,0.0,0.0,1.0,1.0,0.0,STU-14109,4.53
1.1137453826388324,1.7688483656143752,0.5960077357088956,1.4685911223736416,0.15873015873015875,-0.6018099547511313,0.0,1.0,0.0,0.0,0.0,0.0,1.0,0.0,STU-11391,5.35
0.8560310639535099,-0.4512329789346426,0.7783596083059772,-0.40457116505298846,-0.07460317460317471,0.13122171945701358,-1.2,0.0,0.0,0.0,0.0,1.0,0.0,1.0,STU-12776,4.62
-2.056050941260787,-0.6856515059988245,0.1949789162922074,0.45396155001754995,-0.05873015873015862,-0.45248868778280543,0.2,0.0,1.0,0.0,0.0,0.0,1.0,0.0,STU-11710,3.46
1.3786433757125969,1.5344298385501933,0.624341293602466,-0.5372534937457081,1.3142857142857145,-0.911764705882353,-0.8,0.0,0.0,0.0,0.0,1.0,0.0,1.0,STU-12041,6.39
0.0029697303261335692,0.2382332771364808,0.7667355845547691,0.2120114212249439,0.19523809523809535,0.574660633484163,0.8,0.0,0.0,0.0,0.0,1.0,0.0,1.0,STU-10645,4.92
0.2777452756840032,0.21065462689363645,1.0667806976328347,-0.8806665797739238,0.8253968253968257,-0.08823529411764698,-1.2,1.0,0.0,0.0,0.0,0.0,1.0,0.0,STU-11313,5.34
-0.34184664031903783,1.5895871390358833,1.0667806976328347,-0.44359537937437643,1.058730158730159,-1.1244343891402715,1.0,0.0,0.0,0.0,1.0,0.0,0.0,1.0,STU-11701,4.95
0.8937453544928244,1.7688483656143752,1.0667806976328347,0.12615814971788977,0.6333333333333335,-0.004524886877828159,0.6,0.0,0.0,0.0,0.0,1.0,1.0,0.0,STU-12981,5.86
0.23015343286058107,0.8173849322362243,-0.5511381082384791,-0.8572520511810907,-0.20158730158730157,-1.0565610859728507,0.8,0.0,0.0,1.0,0.0,0.0,1.0,0.0,STU-12539,4.64
1.3786433757125969,1.6033764641573054,1.0667806976328347,2.1710269801586266,0.5603174603174603,-0.5248868778280543,0.0,0.0,1.0,0.0,0.0,0.0,0.0,1.0,STU-12941,6.17
1.3786433757125969,1.7688483656143752,1.0239171100502535,1.5232250224235853,0.6793650793650794,-0.834841628959276,-0.6,0.0,0.0,0.0,1.0,0.0,0.0,1.0,STU-10864,6.07
1.3786433757125969,1.6861124148858408,1.0667806976328347,-1.005544065602366,0.4841269841269843,0.8348416289592762,0.2,0.0,0.0,1.0,0.0,0.0,0.0,1.0,STU-13483,6.55
0.13137791001951693,-0.7545981316059366,1.0667806976328347,0.26664532127488677,0.4682539682539685,0.5633484162895926,-1.2,0.0,0.0,0.0,1.0,0.0,0.0,1.0,STU-12091,4.89
-1.1365406195403314,-1.2096458606128782,-1.9256789168188682,0.3524985927819409,-1.1444444444444446,0.6131221719457014,0.0,0.0,0.0,0.0,0.0,1.0,0.0,1.0,STU-13486,2.28
0.0,-1.2247380995076246e-15,0.10416623073589205,-1.2396893515306946,0.3904761904761907,-0.006787330316742138,-0.2,0.0,0.0,0.0,0.0,1.0,1.0,0.0,STU-13402,3.72
0.6665616519583757,1.5895871390358833,1.0667806976328347,-0.8026181511311471,0.7142857142857146,-0.09049773755656117,-0.8,0.0,0.0,0.0,0.0,1.0,0.0,1.0,STU-11140,4.96
0.4842759143516848,-1.1820672103700325,0.45361344475659365,-0.5762777080670967,-0.3174603174603175,0.4027149321266969,0.2,0.0,0.0,1.0,0.0,0.0,1.0,0.0,STU-10432,3.95
-0.6318874937523462,1.3275899617288558,0.4921180234324714,0.07152424966794618,0.7380952380952382,-0.6176470588235294,0.0,0.0,0.0,0.0,0.0,1.0,0.0,1.0,STU-14983,5.06
1.3786433757125969,0.21065462689363645,-0.9013118237436316,-0.638716450981317,-0.8269841269841272,-0.5565610859728507,0.6,0.0,0.0,0.0,0.0,1.0,1.0,0.0,STU-11656,4.4
-1.8252754015321186,-1.5819576388912842,0.593828231255544,0.7115213645387116,0.5492063492063495,-0.011312217194570096,-0.6,0.0,1.0,0.0,0.0,0.0,1.0,0.0,STU-10292,3.78
0.11341872404841402,0.9276995332076042,-0.3985727965038698,1.492005650966474,-0.27460317460317474,-0.2760180995475113,-1.2,0.0,0.0,0.0,1.0,0.0,1.0,0.0,STU-13818,4.3
0.0,0.665702355900578,1.0667806976328347,-0.474814750831487,-0.12698412698412684,1.160633484162896,-1.2,0.0,0.0,0.0,0.0,1.0,1.0,0.0,STU-12506,5.45
0.4330922343340416,0.5140197795649304,0.1993379251989107,0.11835330685361233,-0.29365079365079366,-0.29638009049773745,0.4,0.0,0.0,0.0,1.0,0.0,0.0,1.0,STU-12469,4.48
-0.8913977310347797,-0.4374436538132192,-0.12831424428827543,-1.2787135658520825,-0.4492063492063493,-0.5339366515837104,0.6,1.0,0.0,0.0,0.0,0.0,1.0,0.0,STU-13241,3.82
0.8389698372809614,-0.02376390017054541,0.7078889643142766,0.1417678354464454,0.8825396825396827,0.042986425339366606,0.6,0.0,0.0,0.0,1.0,0.0,1.0,0.0,STU-14835,4.39
-0.05809150197561609,-1.0441739591558084,0.803787160261745,-1.38641860024038e-15,0.8539682539682543,0.12895927601809962,0.2,0.0,1.0,0.0,0.0,0.0,1.0,0.0,STU-14761,3.93
0.13137791001951693,-0.23060377699188292,1.0667806976328347,0.9456666504670409,0.3142857142857144,0.5407239819004525,-0.8,0.0,0.0,1.0,0.0,0.0,1.0,0.0,STU-12501,3.97
0.22835751426347115,-0.727019481363091,-1.0324207045904966e-15,-1.434810423137635,0.1015873015873017,2.015837104072398,-0.6,0.0,1.0,0.0,0.0,0.0,1.0,0.0,STU-11363,3.65
0.11611260194407952,0.14170800128652436,0.959258477934157,-1.0289585941951982,0.5095238095238097,-0.25565610859728505,-1.2,1.0,0.0,0.0,0.0,0.0,0.0,1.0,STU-11661,4.95
-0.26821397783751755,0.14170800128652436,1.0667806976328347,0.6412777787602131,0.034920634920635026,0.5588235294117646,-0.2,0.0,0.0,1.0,0.0,0.0,0.0,1.0,STU-12980,3.76
-1.1984998111406353,0.18307597665079087,-1.1054587408742287,0.6646923073530462,-1.1380952380952383,0.0,-1.0,0.0,0.0,0.0,0.0,1.0,1.0,0.0,STU-12439,3.78
0.41064325187016326,-1.3613284369485246,0.58728971789549,0.27445016413916495,-0.39523809523809533,0.2918552036199095,-1.2,0.0,0.0,0.0,0.0,1.0,0.0,1.0,STU-10457,4.25
-0.36609154138002736,-1.2247380995076246e-15,0.025704070415235723,-0.014329021839107243,-0.5015873015873017,0.5791855203619909,0.2,1.0,0.0,0.0,0.0,0.0,0.0,1.0,STU-13032,4.22
0.9943167959309998,-0.42365432869179703,-0.05566409584322315,0.016890349618003283,0.4936507936507936,-0.8868778280542986,-0.6,0.0,0.0,0.0,0.0,1.0,1.0,0.0,STU-11922,4.45
0.0,1.7274803902501075,0.19352591332330663,-1.38641860024038e-15,0.0,-0.257918552036199,0.6,0.0,0.0,0.0,0.0,1.0,1.0,0.0,STU-14753,5.65
-1.2568671655467183,-1.1958565354914559,0.21168845043456969,-1.676760551930241,-0.1841269841269842,-0.579185520361991,2.0,0.0,1.0,0.0,0.0,0.0,1.0,0.0,STU-14931,2.72
-0.05180578688573077,0.41749450371497276,0.8161376854974041,0.3212792213248304,0.3650793650793653,-0.6357466063348417,-0.6,0.0,0.0,0.0,0.0,1.0,0.0,1.0,STU-14900,4.83
0.2615820083100115,1.4930618631859256,1.0667806976328347,-0.8572520511810907,0.0,1.9208144796380087,0.6,0.0,1.0,0.0,0.0,0.0,1.0,0.0,STU-10598,4.91
-0.0625812984683915,1.7688483656143752,-0.01280050826064206,0.5007906072032161,-0.049206349206349295,0.08823529411764698,-0.8,0.0,1.0,0.0,0.0,0.0,0.0,1.0,STU-10672,4.75
0.31725548482043014,1.0793821095432519,1.0667806976328347,0.7505455788600996,0.8015873015873015,2.7624434389140275,-0.4,0.0,0.0,0.0,1.0,0.0,1.0,0.0,STU-10023,4.74
0.5588065361317607,0.7484383066291123,-1.0324207045904966e-15,1.1173731934811477,-1.06984126984127,0.0,0.8,0.0,0.0,0.0,1.0,0.0,0.0,1.0,STU-12324,4.1
0.30468405464065823,-0.13407850114192527,0.8793433146445999,-1.2006651372093065,0.7968253968253972,-0.5113122171945702,-0.2,1.0,0.0,0.0,0.0,0.0,1.0,0.0,STU-11775,4.7
-0.44600991895143294,-2.1748986191124513,1.002122065516738,-1.5987121232874653,-0.2428571428571428,-0.12895927601809962,-0.2,0.0,1.0,0.0,0.0,0.0,1.0,0.0,STU-11748,3.63
-1.167071235691205,0.9966461588147175,0.9759680120765193,-0.8728617369096463,0.6380952380952384,-0.2285067873303167,0.0,0.0,0.0,0.0,0.0,1.0,1.0,0.0,STU-11728,4.3
0.6970922681092505,0.3209692278650163,1.0667806976328347,0.07932909253222434,0.6301587301587304,-0.46832579185520357,-0.8,0.0,0.0,0.0,0.0,1.0,0.0,1.0,STU-12090,3.66
-1.2218467529030679,0.9828568336932941,-1.8065326733689824,0.9222521218742071,-0.41746031746031736,0.5429864253393664,-1.0,0.0,0.0,0.0,1.0,0.0,0.0,1.0,STU-14546,2.88
-2.7609489906265665,-1.3337497867056802,1.0667806976328347,0.594448721574547,0.03809523809523813,-0.7081447963800905,-0.2,0.0,0.0,0.0,1.0,0.0,1.0,0.0,STU-13902,3.56
-1.3251120722369087,-1.2923818113414125,-1.7869171332888185,0.555424507253159,-1.3222222222222224,-0.12669683257918543,-0.6,0.0,0.0,1.0,0.0,0.0,0.0,1.0,STU-11135,2.87
0.6791330821381476,-0.49260095429890915,1.0667806976328347,0.11054846398933486,0.5253968253968255,-0.6832579185520362,0.4,0.0,0.0,1.0,0.0,0.0,1.0,0.0,STU-11195,4.84
-0.1712343735935633,-0.34091837796326274,-1.2195194739329602,0.9768860219241507,-0.5190476190476191,-0.5113122171945702,-0.2,0.0,0.0,0.0,1.0,0.0,0.0,1.0,STU-14720,3.5
-0.7091119934280875,0.4450731539578183,-3.1294918765533843,-0.4592050651029321,-0.5603174603174603,-0.7239819004524888,-0.2,0.0,0.0,0.0,1.0,0.0,0.0,1.0,STU-10706,3.7
-1.5720508793395704,-0.8235447572130487,-1.258024052608838,-1.7313944519801847,0.04126984126984124,-0.8076923076923077,0.0,0.0,1.0,0.0,0.0,0.0,1.0,0.0,STU-14235,2.97
-1.0880508174183536,1.0518034593004075,-1.5340946167000364,-1.38641860024038e-15,-1.3873015873015875,0.5113122171945703,1.6,0.0,1.0,0.0,0.0,0.0,0.0,1.0,STU-13007,3.65
-0.529520133717061,-0.7683874567273588,0.1441238123806706,-0.49822927942432005,-0.40793650793650804,0.0,0.0,0.0,0.0,1.0,0.0,0.0,0.0,1.0,STU-11537,3.37
0.0,0.7208596563862679,0.6810084093896069,0.594448721574547,0.5873015873015875,2.255656108597285,0.0,0.0,0.0,0.0,0.0,1.0,1.0,0.0,STU-13658,4.53
-0.06976497285683242,-0.5615475799060224,-0.6165232418390266,1.0393247648383719,-0.288888888888889,-0.6085972850678733,0.6,0.0,0.0,1.0,0.0,0.0,1.0,0.0,STU-12753,3.73
-0.12543844936725107,-0.36849702820610714,0.11215774706484775,0.26664532127488677,0.3301587301587302,0.08371040723981903,0.4,0.0,0.0,0.0,0.0,1.0,1.0,0.0,STU-11319,3.95
-0.3238874543479349,-1.38890708719137,0.890967338395808,-0.43579053651009897,13.397027143758356,0.2828054298642534,0.2,0.0,0.0,1.0,0.0,0.0,1.0,0.0,STU-11630,3.87
-1.170663072885426,1.4516938878216579,-1.2841781060490567,0.34469374991766344,-0.311111111111111,0.26696832579185514,-1.2,1.0,0.0,0.0,0.0,0.0,1.0,0.0,STU-13999,4.52
0.6899085937208096,0.34854787810786064,1.0667806976328347,-1.2396893515306946,0.7301587301587302,-0.7398190045248869,1.4,0.0,0.0,1.0,0.0,0.0,1.0,0.0,STU-11089,4.69
-0.848295684704133,-1.085541934520076,-0.8962263133524774,0.5866438787102695,-0.7317460317460318,-0.3167420814479639,0.4,1.0,0.0,0.0,0.0,0.0,0.0,1.0,STU-14974,3.39
-0.8635609927795703,0.3209692278650163,1.0667806976328347,-0.4123760079172659,-0.1936507936507938,-0.5475113122171945,0.6,0.0,0.0,0.0,0.0,1.0,1.0,0.0,STU-10615,4.55
-0.5726221800477077,0.11412935104367879,-0.7901570966227015,-0.061158079024773375,-0.26666666666666666,1.7126696832579185,0.0,0.0,0.0,0.0,1.0,0.0,0.0,1.0,STU-13704,3.99
0.6360310358075021,-0.23060377699188292,-0.6717373546572667,-0.9509101655524224,-0.7031746031746032,1.9253393665158376,0.4,1.0,0.0,0.0,0.0,0.0,1.0,0.0,STU-14358,2.87
1.3786433757125969,0.38991585347212837,1.0667806976328347,-0.40457116505298846,1.6936507936507939,0.2714932126696833,-1.0,0.0,0.0,0.0,1.0,0.0,1.0,0.0,STU-13817,5.86
0.007459526818908979,-0.5891262301488668,0.2538255365326999,0.42274217856043944,-0.46031746031746046,-0.3144796380090497,0.2,0.0,0.0,0.0,0.0,1.0,1.0,0.0,STU-12259,3.42
0.23643914795046767,-0.32712905284183935,1.0667806976328347,1.57005407960925,-0.06031746031746017,-0.5497737556561086,0.2,0.0,0.0,0.0,1.0,0.0,0.0,1.0,STU-11658,5.22
1.3786433757125969,0.8587529076004922,1.0064810744234414,-0.49822927942432005,0.7920634920634922,-0.03167420814479631,-0.2,0.0,0.0,0.0,1.0,0.0,1.0,0.0,STU-14041,5.01
-1.2137651192160728,-1.1958565354914559,-0.09780118194135334,0.5085954500674935,-0.26190476190476203,1.4660633484162895,0.4,0.0,0.0,0.0,0.0,1.0,1.0,0.0,STU-13792,3.98
-0.36519358208147173,0.9966461588147175,0.33374069982225696,-0.5528631794742637,1.0285714285714285,-0.32352941176470584,0.2,0.0,1.0,0.0,0.0,0.0,1.0,0.0,STU-11356,5.0
-1.0826630616270225,-0.06513187553481316,0.061302643153310965,-2.059197852279845,0.25238095238095243,-0.4819004524886878,-1.0,0.0,0.0,0.0,0.0,1.0,1.0,0.0,STU-10745,3.73
0.5148065305025584,1.2448540110003217,-1.0324207045904966e-15,0.29786469273199734,1.4396825396825397,0.1515837104072398,0.0,0.0,1.0,0.0,0.0,0.0,1.0,0.0,STU-10065,5.89
1.3786433757125969,0.6932810061434224,1.0667806976328347,0.009085506753725131,1.242857142857143,1.3416289592760182,0.2,0.0,1.0,0.0,0.0,0.0,0.0,1.0,STU-11847,5.06
-0.4594793084297605,0.43128382883639615,0.07728567581122238,-1.8796864664014599,0.3253968253968256,-0.03167420814479631,0.4,0.0,0.0,0.0,0.0,1.0,1.0,0.0,STU-13015,4.17
-0.8159691499561482,-1.4026964123127923,-0.124681736866023,-0.8884714226382012,-0.8841269841269842,0.4932126696832579,0.0,0.0,0.0,0.0,0.0,1.0,1.0,0.0,STU-12272,3.4
-0.7360507723847413,-1.8301654910768894,-0.13267325319497872,0.21981626408922136,5.617845057132636,-0.5565610859728507,-0.6,0.0,0.0,0.0,0.0,1.0,1.0,0.0,STU-12116,2.73
-0.5232344186271757,-0.5201796045417547,-0.16463931851080155,-0.5918873937956516,-0.6539682539682541,0.6063348416289595,0.0,0.0,0.0,1.0,0.0,0.0,1.0,0.0,STU-13318,2.63
-1.9797244008836008,1.093171434664674,1.0667806976328347,-0.8650568940453682,1.1253968253968258,2.667420814479638,0.0,0.0,0.0,1.0,0.0,0.0,0.0,1.0,STU-14843,3.87
-2.4529489512221563,-1.8439548161983117,-1.4817865098195988,0.5320099786603266,-0.6253968253968254,0.7013574660633486,2.0,0.0,0.0,0.0,0.0,1.0,1.0,0.0,STU-13212,1.62
-0.7405405688775167,0.30717990274359414,-2.138543851762871,0.594448721574547,-0.9666666666666668,-0.6312217194570136,1.8,0.0,1.0,0.0,0.0,0.0,1.0,0.0,STU-10723,2.92
1.1415821208940415,-0.40986500357037486,0.7957956439327893,1.5154201795593065,0.4873015873015874,-0.4819004524886878,1.0,1.0,0.0,0.0,0.0,0.0,1.0,0.0,STU-11071,4.86
-0.3059282683768333,-0.23060377699188292,1.0667806976328347,0.009085506753725131,0.7460317460317464,-0.2647058823529412,-0.2,0.0,0.0,0.0,0.0,1.0,1.0,0.0,STU-11143,4.31
0.41423508906438433,0.26581192737932635,0.009721037757324308,-1.130421551430808,0.6238095238095239,0.35294117647058815,-0.8,0.0,0.0,0.0,0.0,1.0,0.0,1.0,STU-10333,4.26
0.8748882092231672,1.6723230897644175,1.0667806976328347,0.6178632501673801,1.0777777777777782,-0.5361990950226244,0.4,0.0,0.0,0.0,0.0,1.0,0.0,1.0,STU-13171,6.15
-0.18739764096755504,-1.6646935896198196,-1.982346032606009,-1.8094428806229608,-1.7476190476190478,-0.43891402714932126,0.0,0.0,0.0,0.0,0.0,1.0,1.0,0.0,STU-13805,1.12
-0.513356866343068,-1.6095362891341298,-1.1890064115860381,-0.5840825509313742,-0.9000000000000001,-0.7782805429864253,-1.2,0.0,0.0,0.0,0.0,1.0,1.0,0.0,STU-14991,2.75
0.901826988179821,1.7688483656143752,0.872078299800094,0.26664532127488677,1.2539682539682542,0.0,0.2,0.0,0.0,0.0,0.0,1.0,0.0,1.0,STU-11467,5.02
0.7895820758604293,0.43128382883639615,0.4790409967123615,1.4529814366450853,0.13968253968253982,0.37556561085972856,-0.4,0.0,0.0,1.0,0.0,0.0,1.0,0.0,STU-14476,4.47
0.07031667771776855,0.6932810061434224,-1.4694359845839398,1.8822477941803553,-0.6111111111111112,-0.1402714932126697,0.0,0.0,0.0,0.0,1.0,0.0,1.0,0.0,STU-12559,4.2
-0.26013234415052106,-1.2247380995076246e-15,0.5858367149265883,0.5710341929817145,-0.033333333333333194,0.7828054298642534,0.6,0.0,0.0,0.0,1.0,0.0,0.0,1.0,STU-12422,4.17
-0.41637726209911374,-0.4512329789346426,0.9810535224676724,0.1573775211750003,-0.4571428571428571,0.15837104072398195,0.2,0.0,0.0,0.0,1.0,0.0,0.0,1.0,STU-14083,3.96
-0.029356804421852446,-0.7821767818487809,1.0667806976328347,0.7895697931814876,0.5936507936507938,0.16968325791855204,0.2,0.0,0.0,0.0,1.0,0.0,1.0,0.0,STU-12010,4.77
0.0,-0.4512329789346426,-0.11814322350596805,0.18859689263211082,-1.258730158730159,0.0,0.2,1.0,0.0,0.0,0.0,0.0,1.0,0.0,STU-14861,2.36
-0.1586629434137914,0.47265180420066266,-1.3328537055072418,0.4461567071532725,0.20158730158730157,-0.1515837104072398,0.0,0.0,0.0,0.0,0.0,1.0,1.0,0.0,STU-12004,4.82
-1.3026630897730305,-0.175446476506193,-2.02520962018859,-1.8718816235371818,-0.6730158730158732,-0.8642533936651584,-1.2,0.0,0.0,1.0,0.0,0.0,1.0,0.0,STU-13198,2.47
0.9117045404639273,0.18307597665079087,1.0667806976328347,0.5632293501174371,0.7047619047619048,0.9479638009049774,-1.2,0.0,0.0,1.0,0.0,0.0,1.0,0.0,STU-11221,5.12
0.0,0.7070703312648458,-0.25181949664486447,-0.474814750831487,0.08888888888888899,1.581447963800905,-1.2,0.0,0.0,0.0,1.0,0.0,0.0,1.0,STU-12112,4.27
-0.2915609195999502,-0.14786782626334743,-1.0324207045904966e-15,-0.08457260761760575,-0.1507936507936507,0.4660633484162895,0.0,1.0,0.0,0.0,0.0,0.0,0.0,1.0,STU-12445,3.88
1.2690923412888706,0.7760169568719578,0.5386141184373049,-0.43579053651009897,-0.17619047619047612,-0.8733031674208146,0.0,0.0,0.0,0.0,0.0,1.0,0.0,1.0,STU-13033,5.04
-2.5508265147646654,-0.40986500357037486,-3.945353043591321,0.29786469273199734,-1.7047619047619051,0.04751131221719456,0.2,0.0,0.0,1.0,0.0,0.0,0.0,1.0,STU-11366,1.65
-0.6058466740942468,1.7688483656143752,-1.195544924946093,0.06371940680366872,0.0,-0.7171945701357466,1.0,0.0,0.0,1.0,0.0,0.0,0.0,1.0,STU-11343,4.73
-1.5693570014439049,-0.32712905284183935,-0.7857980877159982,-0.474814750831487,-0.26349206349206356,-0.07918552036199088,-0.2,0.0,0.0,0.0,1.0,0.0,1.0,0.0,STU-13256,3.38
0.15921464827472626,0.21065462689363645,-0.29250357977409286,1.0939586648883153,-0.6333333333333335,0.9457013574660635,0.8,0.0,1.0,0.0,0.0,0.0,1.0,0.0,STU-13468,4.09
1.1245208942214944,1.4241152375788135,1.0667806976328347,1.0549344505669267,0.9539682539682541,-0.7058823529411765,-0.8,0.0,0.0,0.0,0.0,1.0,1.0,0.0,STU-10035,5.45
0.5686840884158672,-1.306171136462836,0.5531441481263155,1.2500555221738674,0.346031746031746,-0.6923076923076923,-0.4,0.0,0.0,1.0,0.0,0.0,1.0,0.0,STU-14337,5.18
-0.0006221068680875245,1.5482191636716156,1.0667806976328347,-0.33432757927448997,-0.057142857142857065,0.25113122171945707,0.0,0.0,0.0,0.0,1.0,0.0,0.0,1.0,STU-14196,4.61
-0.9039691612145516,-1.0717526093986527,-0.8548157287387981,-0.1314016648032719,-0.39841269841269844,-0.2171945701357466,-0.8,0.0,1.0,0.0,0.0,0.0,0.0,1.0,STU-13647,2.9
0.8210106513098597,1.7688483656143752,-0.6957119036441338,-0.1626210362603824,0.3349206349206349,0.30995475113122173,0.2,1.0,0.0,0.0,0.0,0.0,1.0,0.0,STU-10173,4.76
-0.6273976972595707,-0.009974575049123234,0.27634708255066626,-2.1138317523297885,0.8984126984126989,0.0,-0.2,0.0,0.0,0.0,0.0,1.0,0.0,1.0,STU-14140,3.86
-0.25564254765774563,-1.306171136462836,-0.03386905130970767,0.9378618076027634,-0.9666666666666668,2.7624434389140275,-1.2,0.0,0.0,0.0,1.0,0.0,1.0,0.0,STU-13849,3.26
-1.305356967668696,-0.7545981316059366,-2.137817350278421,-0.24847430776743584,10.438808625541315,0.46153846153846156,0.8,0.0,0.0,0.0,0.0,1.0,0.0,1.0,STU-12118,3.13
-0.6911528074569846,-1.7060615649840862,-1.529735607793333,-1.9109058378585704,-1.7476190476190478,0.009049773755656116,1.4,0.0,1.0,0.0,0.0,0.0,1.0,0.0,STU-10260,2.31
-1.030581422310825,-0.49260095429890915,-0.4603254226821638,0.9924957076527057,-0.5301587301587303,0.06334841628959281,-1.0,0.0,0.0,0.0,0.0,1.0,1.0,0.0,STU-14752,3.08
-0.4253568550846658,-1.0717526093986527,-0.910756343041488,-0.014329021839107243,-0.7650793650793651,0.2375565610859728,0.8,0.0,1.0,0.0,0.0,0.0,1.0,0.0,STU-11362,3.57
-7.742486943494403,-1.0303846340343863,-1.3771702960587238,-0.17823072198893733,-0.9142857142857144,-0.30995475113122173,0.6,0.0,0.0,1.0,0.0,0.0,1.0,0.0,STU-11938,2.88
-0.3211935764522707,-0.547758254784599,-0.26998203375612756,0.2276211069534988,-1.7476190476190478,0.22624434389140272,-0.6,1.0,0.0,0.0,0.0,0.0,0.0,1.0,STU-12477,2.97
-1.2389079795756166,0.7208596563862679,1.0667806976328347,-0.045548393296217765,-0.42698412698412697,0.0,-0.8,0.0,0.0,0.0,0.0,1.0,1.0,0.0,STU-13885,4.44
-1.165275317094095,-1.3475391118271023,0.14485031386512148,-0.38896147932443353,-0.12698412698412684,-0.35294117647058815,0.8,0.0,0.0,0.0,0.0,1.0,0.0,1.0,STU-12908,3.12
-0.6965405632483156,-1.0303846340343863,-1.8050796704000815,0.3915228071033289,-1.2111111111111112,1.7171945701357467,-1.0,1.0,0.0,0.0,0.0,0.0,1.0,0.0,STU-12453,2.89
-1.414908002092422,-1.5268003384055944,-0.7843450847470975,0.11054846398933486,-0.5285714285714287,0.07239819004524893,0.6,1.0,0.0,0.0,0.0,0.0,1.0,0.0,STU-11827,2.92
0.40884733327305334,0.11412935104367879,0.9679764957475636,0.8207891646385987,0.26984126984127005,1.3484162895927603,0.2,0.0,0.0,0.0,1.0,0.0,1.0,0.0,STU-10368,3.67
-1.0988263290010156,-0.35470770308468497,0.45651945069439515,-0.6074970795242065,-0.7539682539682541,-0.8212669683257918,-0.6,0.0,0.0,1.0,0.0,0.0,0.0,1.0,STU-14059,3.32
-0.9793977422931831,-0.3133397277204172,-0.5119070280781515,1.6715170368448597,-0.5539682539682541,-0.15610859728506796,0.8,0.0,0.0,1.0,0.0,0.0,1.0,0.0,STU-11923,3.53
0.46003101329069535,0.15549732640794653,1.0667806976328347,2.381757737494124,0.30000000000000016,-0.1085972850678734,0.0,0.0,1.0,0.0,0.0,0.0,1.0,0.0,STU-12799,4.81
0.8650106569390608,0.7208596563862679,1.0667806976328347,0.656887464488768,-0.3555555555555556,2.2149321266968323,1.0,0.0,0.0,1.0,0.0,0.0,1.0,0.0,STU-12307,4.61
-1.2245406307987334,0.36233720322928403,-1.0324207045904966e-15,-1.45042010886619,-1.1031746031746035,-0.49773755656108604,-0.6,0.0,0.0,1.0,0.0,0.0,1.0,0.0,STU-11209,2.8
-1.733683553079494,-0.8511234074558942,-2.8723103510578993,0.9300569647384846,-1.3095238095238098,0.8054298642533936,0.0,0.0,0.0,1.0,0.0,0.0,0.0,1.0,STU-13497,2.28
0.20141873530681742,0.6519130307791559,0.8219496973730082,1.1407877220739815,0.9158730158730163,-0.6018099547511313,0.4,0.0,0.0,0.0,0.0,1.0,1.0,0.0,STU-13523,3.69
-0.01588741494352494,-0.5615475799060224,-0.409470318770627,-1.4426152660019125,-0.09999999999999985,0.085972850678733,-0.6,0.0,1.0,0.0,0.0,0.0,1.0,0.0,STU-10097,3.26
0.2849289500724441,1.6171657892787277,0.29741562559973084,-1.5987121232874653,-0.18888888888888883,0.572398190045249,0.6,0.0,0.0,1.0,0.0,0.0,0.0,1.0,STU-10416,4.62
0.30378609534210266,1.0104354839361398,0.7384020266611987,-0.9274956369595893,-0.6873015873015874,-0.14479638009049767,-0.2,1.0,0.0,0.0,0.0,0.0,1.0,0.0,STU-12384,4.66
-1.3421732989094561,-1.0993312596414984,-1.9932435548727667,-0.5450583366099861,-1.3095238095238098,0.4660633484162895,0.8,0.0,0.0,0.0,1.0,0.0,0.0,1.0,STU-10481,2.57
-0.27360173362884854,-0.1064998508990809,-0.2663495263338741,0.719326207402989,-0.6698412698412699,0.3687782805429864,0.8,0.0,1.0,0.0,0.0,0.0,1.0,0.0,STU-12061,3.94
0.48966367014301454,0.045182725436566686,0.15138882722517644,-0.7713987796740374,-0.11587301587301596,2.7624434389140275,0.2,0.0,0.0,0.0,1.0,0.0,0.0,1.0,STU-11436,4.42
-2.117112173562536,-0.02376390017054541,-1.1236212779854917,0.6100584073031026,-0.5333333333333333,8.00693024581453,0.6,1.0,0.0,0.0,0.0,0.0,0.0,1.0,STU-14296,3.05
-0.28437724521150926,0.9276995332076042,-0.41600883213068196,-1.231884508666417,-0.7063492063492065,-0.25113122171945707,0.0,0.0,1.0,0.0,0.0,0.0,1.0,0.0,STU-13179,3.32
-1.7489488611549315,1.1759073853932094,1.0667806976328347,0.07932909253222434,1.4809523809523812,1.0271493212669685,-0.2,0.0,0.0,1.0,0.0,0.0,1.0,0.0,STU-13539,4.38
1.3786433757125969,-0.18923580162761516,0.2785265870040179,1.0939586648883153,-0.5857142857142857,-0.4253393665158371,-1.2,0.0,0.0,0.0,0.0,1.0,1.0,0.0,STU-12313,4.28
-0.036540478810293354,0.9001208829647599,-1.0429796132114837,-1.38641860024038e-15,-0.4698412698412698,0.42307692307692313,1.0,0.0,1.0,0.0,0.0,0.0,1.0,0.0,STU-14658,4.29
-1.1751528693782014,0.43128382883639615,-0.9289188801527511,-0.5450583366099861,-0.21587301587301583,0.04524886877828058,0.2,0.0,0.0,0.0,1.0,0.0,0.0,1.0,STU-10380,3.29
0.7500718667240036,1.0104354839361398,1.0667806976328347,0.30566953559627547,0.13809523809523827,-0.5203619909502262,0.8,1.0,0.0,0.0,0.0,0.0,1.0,0.0,STU-12488,4.21
0.30917385113343365,-0.6442835306345567,-0.12250223241267136,-0.1626210362603824,-0.2428571428571428,0.19230769230769224,-1.2,0.0,0.0,0.0,0.0,1.0,1.0,0.0,STU-13971,3.56
0.39088814730195043,0.596755730293466,0.9461814512140481,-0.1470113505318268,-0.14285714285714293,0.8823529411764705,0.0,0.0,0.0,0.0,0.0,1.0,0.0,1.0,STU-11864,4.67
-1.9617652149124984,-1.9404800920482692,0.023524565961884073,0.4929857643389379,0.0031746031746031074,0.21266968325791866,0.2,0.0,1.0,0.0,0.0,0.0,0.0,1.0,STU-12056,4.05
0.24362282233890856,0.07276137567941103,-0.19951138976442692,0.24323079268205441,-0.44761904761904775,0.6018099547511311,0.0,0.0,0.0,1.0,0.0,0.0,0.0,1.0,STU-10762,4.5
-2.566091822840103,-1.1269099098843427,-2.0717057151934237,0.34469374991766344,-1.7047619047619051,0.08823529411764698,-0.2,0.0,0.0,1.0,0.0,0.0,1.0,0.0,STU-14666,1.98
-1.2281324679929546,-0.8924913828201607,-1.0324207045904966e-15,1.2188361507167575,-0.9380952380952383,0.15610859728506796,-0.8,0.0,0.0,1.0,0.0,0.0,0.0,1.0,STU-14224,3.72
-0.02307108933196585,-1.2785924862199902,0.4034848423295077,1.9134671656374664,-0.07936507936507937,0.26244343891402716,0.6,0.0,0.0,0.0,1.0,0.0,1.0,0.0,STU-11437,3.61
-1.80641825626246,0.7760169568719578,0.2807060914573696,-0.34213242213876743,-0.22857142857142854,-0.6063348416289593,-0.2,0.0,0.0,0.0,1.0,0.0,1.0,0.0,STU-11240,3.82
-0.5824997323318141,-0.07892120065623533,0.040960601588696244,0.3134743784605529,-0.06825396825396822,-0.3484162895927602,1.0,0.0,0.0,0.0,1.0,0.0,1.0,0.0,STU-11928,3.54
0.4438677459167036,-0.12028917602050308,1.0667806976328347,0.11054846398933486,0.950793650793651,-0.925339366515837,-0.4,0.0,1.0,0.0,0.0,0.0,1.0,0.0,STU-11148,4.91
1.0320310864703155,-2.3679491708123654,0.6417773292292792,-1.6923702376587968,0.6253968253968254,-0.5429864253393665,0.2,0.0,0.0,0.0,1.0,0.0,0.0,1.0,STU-13100,3.34
0.7653371747994411,0.8725422327219143,1.0667806976328347,0.8598133789599861,1.9523809523809526,-0.5656108597285068,0.0,0.0,0.0,0.0,1.0,0.0,1.0,0.0,STU-12560,5.93
0.3109697697305435,-0.3133397277204172,1.0667806976328347,0.7583504217243777,1.4920634920634923,1.2895927601809956,0.0,0.0,1.0,0.0,0.0,0.0,0.0,1.0,STU-14328,5.58
0.0,-0.02376390017054541,-0.347717692592333,-0.1626210362603824,-0.30317460317460326,0.5565610859728507,0.4,0.0,0.0,0.0,0.0,1.0,1.0,0.0,STU-12059,3.88
0.13317382861662685,-0.175446476506193,1.0667806976328347,-0.25627915063171397,1.1015873015873017,0.13348416289592757,1.2,0.0,0.0,0.0,1.0,0.0,1.0,0.0,STU-10741,4.9
0.3298269150002008,-0.9614380084272741,-0.3811367608770576,0.6412777787602131,-0.43333333333333346,-0.04751131221719456,-0.4,0.0,0.0,0.0,0.0,1.0,1.0,0.0,STU-13098,3.81
-0.18919355956466496,-1.2372245108557225,0.23566299942143681,1.4217620651879757,-0.9873015873015875,0.33031674208144796,0.6,1.0,0.0,0.0,0.0,0.0,1.0,0.0,STU-14578,2.87
0.0,-0.7408088064845144,0.779086109790428,1.3827378508665868,0.2095238095238096,1.649321266968326,-0.2,0.0,0.0,0.0,0.0,1.0,0.0,1.0,STU-11911,4.36
1.3786433757125969,-0.34091837796326274,1.0667806976328347,0.2510356355463319,1.3079365079365082,0.6334841628959276,1.8,0.0,0.0,0.0,1.0,0.0,0.0,1.0,STU-11367,5.08
-0.24486703607508362,0.47265180420066266,-2.454571997498849,-1.38641860024038e-15,-1.5666666666666669,-0.15610859728506796,0.6,1.0,0.0,0.0,0.0,0.0,0.0,1.0,STU-11932,2.45
0.15472485178195086,-0.7683874567273588,-0.06946762404778291,-1.38641860024038e-15,-0.3285714285714287,1.330316742081448,1.6,0.0,0.0,0.0,0.0,1.0,1.0,0.0,STU-14483,4.97
-1.3278059501325743,-2.1611092939910277,-0.4813939657312294,-2.3713915668509498,-0.4984126984126986,-0.058823529411764656,-1.0,0.0,0.0,0.0,1.0,0.0,1.0,0.0,STU-14233,2.79
0.6243575649262845,0.9828568336932941,-0.6826348769240239,-1.387981365951969,-1.207936507936508,-1.0927601809954752,-0.4,0.0,0.0,0.0,1.0,0.0,1.0,0.0,STU-14776,2.67
-1.1976018518420797,0.9552781834504498,0.060576141668861105,-0.12359682193899443,-0.05396825396825396,0.8506787330316744,0.0,0.0,0.0,0.0,0.0,1.0,1.0,0.0,STU-11279,4.62
0.459133053992141,0.1692866515293687,0.28361209739517107,0.36810827851049654,0.26507936507936514,-0.30090497737556565,0.8,1.0,0.0,0.0,0.0,0.0,1.0,0.0,STU-14420,5.2
-0.6920507667555402,0.8725422327219143,0.19643191926110815,1.6324928225234712,0.0,-0.5542986425339367,0.6,0.0,0.0,1.0,0.0,0.0,0.0,1.0,STU-13324,4.87
0.6126840940450682,1.3275899617288558,-0.8642602480366546,-0.4279856936458215,0.45079365079365086,-0.09954751131221728,-1.2,0.0,0.0,0.0,1.0,0.0,0.0,1.0,STU-12402,4.81
0.6037045010595173,-0.4512329789346426,1.0667806976328347,0.1729872069035559,0.057142857142857065,-0.07692307692307689,1.2,0.0,0.0,0.0,0.0,1.0,1.0,0.0,STU-12109,5.14
0.23554118865191206,-0.35470770308468497,1.0667806976328347,-0.3655469507316005,1.890476190476191,0.9751131221719457,0.0,0.0,0.0,0.0,0.0,1.0,0.0,1.0,STU-14832,5.13
-1.4633978042143998,0.03139340031514451,-2.2787586382618223,-0.357742107867323,-1.5031746031746032,-0.11764705882352952,0.0,0.0,0.0,0.0,0.0,1.0,0.0,1.0,STU-13559,2.73
-0.4208670585918904,0.5140197795649304,-1.0324207045904966e-15,1.0159102362455394,0.461904761904762,1.2420814479638007,0.0,0.0,0.0,0.0,1.0,0.0,0.0,1.0,STU-13927,4.73
0.6180718498363992,0.2520226022579042,1.0667806976328347,-0.7557890939454817,-0.13492063492063489,0.13348416289592757,0.0,0.0,0.0,0.0,0.0,1.0,1.0,0.0,STU-14611,4.61
0.0,0.6243343805363103,-0.9020383252280815,-0.6621309795741501,-1.2460317460317463,-0.04072398190045243,0.2,0.0,0.0,1.0,0.0,0.0,1.0,0.0,STU-10527,4.1
-0.3427445996175934,0.0038147500722989394,-1.0324207045904966e-15,-0.31091305068165687,0.9571428571428572,0.05203619909502252,-1.0,0.0,0.0,0.0,1.0,0.0,1.0,0.0,STU-13052,5.15
1.3786433757125969,0.9966461588147175,0.051131622371003604,0.2900598498677199,0.9952380952380956,0.21945701357466058,0.0,0.0,0.0,0.0,0.0,1.0,1.0,0.0,STU-10431,4.75
0.5040310189198977,-0.9200700330630064,-0.5990872062122145,-0.4201808507815441,-0.3365079365079364,0.25113122171945707,0.0,0.0,1.0,0.0,0.0,0.0,1.0,0.0,STU-12603,3.14
0.6701534891525968,1.7688483656143752,0.897505851755863,0.7817649503172102,0.9158730158730163,-0.08144796380090505,0.2,0.0,0.0,0.0,1.0,0.0,1.0,0.0,STU-12848,5.43
1.2430515216307712,-1.2247380995076246e-15,1.0667806976328347,0.7271310502672672,0.3333333333333333,-0.6923076923076923,0.2,0.0,0.0,0.0,0.0,1.0,1.0,0.0,STU-14124,4.88
0.44476570521525793,-1.4302750625556377,1.0667806976328347,0.19640173549638829,-0.20793650793650806,0.33484162895927594,-0.2,0.0,0.0,1.0,0.0,0.0,1.0,0.0,STU-12943,3.56
0.4196228448557141,0.1003400259222566,0.05331112682435526,0.9300569647384846,-0.4682539682539682,2.64027149321267,-0.8,0.0,0.0,1.0,0.0,0.0,0.0,1.0,STU-10715,3.95
-0.09580579251493183,0.9828568336932941,-1.3873413168410311,-2.4260254669008936,-0.14126984126984138,-0.34389140271493224,0.4,1.0,0.0,0.0,0.0,0.0,1.0,0.0,STU-10316,4.64
1.1496637545810382,-0.8924913828201607,0.58728971789549,-1.38641860024038e-15,0.3888888888888891,0.0,0.8,0.0,0.0,0.0,0.0,1.0,1.0,0.0,STU-11194,4.23
0.8524392267592888,0.9966461588147175,1.0667806976328347,0.375913121374774,1.2952380952380957,2.1085972850678734,0.2,0.0,0.0,0.0,0.0,1.0,1.0,0.0,STU-12796,5.31
1.3786433757125969,-1.0028059837915406,1.0667806976328347,0.9612763361955958,0.5714285714285715,1.1764705882352942,0.2,1.0,0.0,0.0,0.0,0.0,1.0,0.0,STU-11093,4.35
0.0,0.969067508571872,-0.7334899808355607,0.555424507253159,-0.8396825396825398,0.9411764705882352,1.0,0.0,0.0,0.0,1.0,0.0,0.0,1.0,STU-10085,3.9
-0.24486703607508362,-0.6442835306345567,0.18480789550990004,-1.7470041377087404,-0.4936507936507936,0.7624434389140272,-0.4,0.0,0.0,0.0,1.0,0.0,1.0,0.0,STU-13310,3.51
0.0,0.15549732640794653,0.580751204535435,-1.0211537513309208,-0.04444444444444435,-0.36651583710407243,0.6,0.0,1.0,0.0,0.0,0.0,1.0,0.0,STU-13396,4.48
1.3786433757125969,0.48644112932208605,0.8735313027689958,1.8120042084018568,0.9015873015873019,1.5520361990950227,-0.6,0.0,0.0,0.0,1.0,0.0,0.0,1.0,STU-13215,5.66
0.6737453263468178,-0.12028917602050308,-0.5060950162025474,0.2588404784106093,-0.3968253968253969,0.9343891402714932,-1.2,0.0,0.0,1.0,0.0,0.0,1.0,0.0,STU-12138,4.06
-2.123397888652422,-2.285213220083831,-2.041919154330952,1.2188361507167575,-1.6650793650793654,-0.19004524886877824,-0.4,0.0,0.0,0.0,1.0,0.0,1.0,0.0,STU-12227,1.45
1.3786433757125969,-0.1064998508990809,-1.0324207045904966e-15,-2.160660809515454,-0.6746031746031748,0.16968325791855204,-0.2,0.0,0.0,0.0,0.0,1.0,1.0,0.0,STU-13129,4.05
0.1170105612426351,0.12791867616510097,0.15284183019407718,0.9378618076027634,0.5253968253968255,-0.23303167420814486,-0.2,0.0,0.0,0.0,1.0,0.0,1.0,0.0,STU-13135,4.71
0.9664800576757904,-0.299550402598995,1.0667806976328347,1.0861538220240379,0.0,1.2805429864253393,-0.4,0.0,0.0,1.0,0.0,0.0,0.0,1.0,STU-11893,4.61
1.1119494640417225,-1.2247380995076246e-15,0.18480789550990004,-0.11579197907471628,0.3650793650793653,-0.27828054298642546,0.8,0.0,0.0,1.0,0.0,0.0,1.0,0.0,STU-13091,5.01
-0.3714792971713571,-0.6856515059988245,-0.669557850203915,-0.7792036225383148,-0.8349206349206351,-0.171945701357466,1.4,1.0,0.0,0.0,0.0,0.0,1.0,0.0,STU-10701,3.45
-0.6220099414682397,-1.4716430379199044,-2.320169222875502,0.2276211069534988,0.0,-0.2533936651583711,0.0,1.0,0.0,0.0,0.0,0.0,1.0,0.0,STU-12461,2.63
-0.4091935877106728,-0.7408088064845144,0.8422917389376229,1.4217620651879757,0.15238095238095253,0.08823529411764698,-1.2,0.0,0.0,1.0,0.0,0.0,1.0,0.0,STU-12643,4.29
-1.028785503713715,-0.6856515059988245,-0.18570786155986613,-0.09237745048188391,-0.35873015873015873,-0.6334841628959276,-1.0,0.0,0.0,0.0,0.0,1.0,1.0,0.0,STU-14331,3.67
1.3786433757125969,-0.3960756784489527,0.8749843057378965,0.336888907053386,-0.4984126984126986,1.6153846153846154,0.4,0.0,0.0,0.0,1.0,0.0,1.0,0.0,STU-13319,4.71
0.442969786618148,-1.2247380995076246e-15,1.0667806976328347,-0.17042587912465987,-0.2920634920634921,0.12443438914027145,1.0,0.0,0.0,0.0,1.0,0.0,0.0,1.0,STU-12738,5.1
0.38280651361495394,0.11412935104367879,0.8502832552665786,-0.6621309795741501,-0.8365079365079365,0.06561085972850679,-0.2,1.0,0.0,0.0,0.0,0.0,1.0,0.0,STU-10400,5.07
0.5606024547288706,1.5482191636716156,1.0667806976328347,-0.5138389651528756,0.7587301587301588,0.22171945701357457,-0.8,0.0,1.0,0.0,0.0,0.0,0.0,1.0,STU-12953,5.73
-0.4199690992933348,-1.1131205847629204,1.0558831753660765,0.04810972107511381,-0.06031746031746017,2.024886877828054,-1.2,1.0,0.0,0.0,0.0,0.0,0.0,1.0,STU-14608,4.44
-0.9937650910700649,0.8725422327219143,-0.6368652834036413,-0.5294486508814306,0.1968253968253969,0.08823529411764698,-0.4,1.0,0.0,0.0,0.0,0.0,0.0,1.0,STU-13761,4.66
-0.02576496722763135,-0.46502230405606476,-0.6543013190304535,-0.8650568940453682,-1.7476190476190478,-0.27828054298642546,1.0,0.0,1.0,0.0,0.0,0.0,0.0,1.0,STU-11337,3.42
-0.7611936327442851,-0.4512329789346426,-3.4680415683073282,1.1173731934811477,-1.1873015873015875,0.6764705882352939,-0.6,0.0,0.0,0.0,1.0,0.0,1.0,0.0,STU-12534,3.16
-0.38045889015690915,0.4037051785935506,-2.3739303327248407,1.0471296077026493,-0.9380952380952383,1.3914027149321266,-0.6,0.0,0.0,0.0,0.0,1.0,1.0,0.0,STU-14792,3.24
-1.9500917440312815,-1.7336402152269317,-1.8537552698582669,-0.7479842510812043,-0.626984126984127,1.0633484162895928,-1.2,0.0,1.0,0.0,0.0,0.0,1.0,0.0,STU-14434,2.03
0.23554118865191206,0.2796012525007486,-0.824302666391876,0.06371940680366872,-0.6698412698412699,-0.19683257918552038,0.0,0.0,0.0,0.0,1.0,0.0,0.0,1.0,STU-12728,3.66
-0.23049968729820178,0.045182725436566686,-0.347717692592333,-1.044568279923754,0.1444444444444445,-0.6493212669683258,2.2,1.0,0.0,0.0,0.0,0.0,0.0,1.0,STU-10795,4.84
0.46811264697769184,0.5829664051720425,1.0667806976328347,0.27445016413916495,0.5079365079365082,0.3687782805429864,-1.0,0.0,0.0,0.0,0.0,1.0,1.0,0.0,STU-13002,4.79
-0.148785391129685,0.9414888583290276,-1.0324207045904966e-15,-1.348957151630581,0.30634920634920637,0.0,-0.2,0.0,0.0,0.0,1.0,0.0,1.0,0.0,STU-10659,4.0
0.48876571084446024,-0.1064998508990809,1.0667806976328347,0.9300569647384846,0.7873015873015873,-0.4592760180995476,-0.6,0.0,0.0,0.0,0.0,1.0,1.0,0.0,STU-13000,4.38
0.0,1.2448540110003217,1.0667806976328347,-0.8494472083168133,0.5761904761904764,-0.1199095022624435,-1.0,0.0,0.0,0.0,1.0,0.0,0.0,1.0,STU-13456,4.9
-0.01678537424208053,1.4241152375788135,-0.5961812002744119,0.477376078610383,-0.4095238095238096,0.6764705882352939,-0.4,0.0,0.0,0.0,1.0,0.0,1.0,0.0,STU-13881,4.38
1.3786433757125969,-0.009974575049123234,1.0667806976328347,-0.045548393296217765,0.5190476190476191,0.06561085972850679,0.6,0.0,0.0,0.0,0.0,1.0,1.0,0.0,STU-12364,4.44
-0.003315984763753026,1.3000113114860115,0.9854125313743758,-0.8494472083168133,0.06349206349206356,-0.9751131221719458,0.0,0.0,0.0,0.0,1.0,0.0,0.0,1.0,STU-10534,4.69
1.1110515047431668,-0.06513187553481316,-0.8889612985079726,-1.005544065602366,0.6761904761904762,1.0339366515837103,-0.4,0.0,1.0,0.0,0.0,0.0,1.0,0.0,STU-10575,4.64
1.3786433757125969,1.7688483656143752,0.7761801038526255,-0.03774355043194031,1.0793650793650793,0.1515837104072398,-0.2,0.0,0.0,1.0,0.0,0.0,1.0,0.0,STU-12655,5.29
-0.6821732144714339,1.1069607597860962,0.3112191538042906,-1.1148118657022523,-0.42222222222222233,-0.6877828054298643,-0.2,0.0,1.0,0.0,0.0,0.0,1.0,0.0,STU-10378,3.89
-1.8252754015321186,0.3209692278650163,0.3344672013067079,-1.5752975946946322,-0.17936507936507923,-0.30995475113122173,0.0,0.0,0.0,0.0,0.0,1.0,1.0,0.0,STU-13195,2.42
-1.733683553079494,0.08655070080083443,-0.3811367608770576,-1.8718816235371818,-0.27460317460317474,-0.46153846153846156,-0.6,0.0,0.0,1.0,0.0,0.0,1.0,0.0,STU-13323,2.83
-1.1365406195403314,-0.2443931021133051,0.17536337621204356,-1.0367634370594765,-0.8523809523809526,2.7624434389140275,-0.6,0.0,1.0,0.0,0.0,0.0,1.0,0.0,STU-11170,3.02
0.14664321809495434,-2.0232160427768036,0.015533049632928366,1.1407877220739815,0.1904761904761907,-0.911764705882353,-1.2,0.0,0.0,0.0,0.0,1.0,1.0,0.0,STU-13151,3.54
-1.0611120384616999,-2.8643648751835737,-2.7110270215098833,0.1729872069035559,-1.0793650793650795,-0.0542986425339367,-0.6,0.0,0.0,0.0,0.0,1.0,1.0,0.0,STU-13547,2.06
-0.054499664781395,0.4037051785935506,0.767462086039219,-0.19384040771749295,-0.37142857142857144,0.744343891402715,-0.6,0.0,1.0,0.0,0.0,0.0,1.0,0.0,STU-13223,4.42
-1.4418467810490758,-0.3133397277204172,-1.4905045276330056,-0.8650568940453682,-0.30000000000000016,1.2782805429864252,0.8,0.0,0.0,0.0,1.0,0.0,1.0,0.0,STU-12497,3.4
0.7707249305907721,1.7688483656143752,-1.749865557581842,-1.0211537513309208,0.3111111111111113,0.3891402714932126,0.4,0.0,1.0,0.0,0.0,0.0,1.0,0.0,STU-11702,3.45
0.3711330427337376,-0.23060377699188292,-1.1163562631409858,0.07152424966794618,-1.5190476190476194,-0.7782805429864253,0.8,0.0,0.0,0.0,1.0,0.0,1.0,0.0,STU-11192,3.69
1.1370923244012663,-1.1131205847629204,0.23420999645253607,0.30566953559627547,-0.7063492063492065,1.418552036199095,-1.2,0.0,0.0,0.0,0.0,1.0,0.0,1.0,STU-12278,4.32
0.002071771027577977,-0.7408088064845144,-0.11741672202151716,-1.0211537513309208,0.2095238095238096,-0.7963800904977376,-0.2,0.0,1.0,0.0,0.0,0.0,1.0,0.0,STU-14139,4.38
-0.6211119821696841,-0.299550402598995,0.21314145340347046,-0.1470113505318268,-0.03174603174603164,0.3710407239819004,-0.8,0.0,0.0,0.0,1.0,0.0,1.0,0.0,STU-11925,4.39
-0.7468262839674032,0.5002304544435082,1.0667806976328347,-0.6153019223884847,1.0936507936507935,-0.5407239819004526,-0.4,0.0,0.0,0.0,0.0,1.0,0.0,1.0,STU-13769,4.38
-1.4337651473620794,1.217275360757476,0.1993379251989107,-0.295303364953102,-0.21111111111111117,-0.3484162895927602,0.8,0.0,0.0,0.0,0.0,1.0,0.0,1.0,STU-10669,4.82
1.3786433757125969,1.5895871390358833,1.0667806976328347,1.4529814366450853,0.4031746031746034,-0.6153846153846154,0.0,0.0,0.0,0.0,1.0,0.0,1.0,0.0,STU-10081,5.84
1.3786433757125969,-0.3960756784489527,1.0667806976328347,2.0539543371944635,0.793650793650794,-0.018099547511312233,-0.4,0.0,0.0,0.0,0.0,1.0,1.0,0.0,STU-14503,4.79
-0.2978466346898368,0.7622276317505344,-0.5184455414382054,-1.9343203664514028,0.0,0.24660633484162894,-0.4,1.0,0.0,0.0,0.0,0.0,0.0,1.0,STU-12790,4.09
0.06313300332932636,0.5002304544435082,0.32284317755549974,0.29786469273199734,0.02380952380952387,-0.39819004524886875,0.8,0.0,0.0,1.0,0.0,0.0,1.0,0.0,STU-13509,3.9
0.6908065530193652,1.1759073853932094,-0.6463098027014977,0.5242051357960484,0.04444444444444435,0.45022624434389147,0.0,0.0,0.0,1.0,0.0,0.0,0.0,1.0,STU-13811,5.25
-0.5232344186271757,-0.5753369050274446,1.0667806976328347,-0.03774355043194031,0.44126984126984126,0.03846153846153844,0.0,0.0,0.0,0.0,0.0,1.0,1.0,0.0,STU-13459,4.55
0.6189698091349548,-1.2247380995076246e-15,0.569127180784227,0.48518092147466046,0.8841269841269841,-0.24660633484162894,0.2,0.0,0.0,0.0,0.0,1.0,1.0,0.0,STU-10569,4.36
-1.1913161367521945,-1.306171136462836,-1.537000622637839,0.5085954500674935,-0.23174603174603164,-0.4796380090497738,0.0,0.0,0.0,0.0,0.0,1.0,1.0,0.0,STU-14339,3.31
-0.729765057294856,0.22444395201505862,-1.5043080558375652,0.9768860219241507,-1.661904761904762,0.9366515837104071,-0.8,1.0,0.0,0.0,0.0,0.0,1.0,0.0,STU-12362,2.66
-0.9892752945772895,-0.602915555270289,-2.535940163757308,-2.4806593669508366,-1.407936507936508,0.09049773755656117,0.6,0.0,0.0,0.0,0.0,1.0,0.0,1.0,STU-11405,2.38
-1.0638059163573654,-0.8924913828201607,-0.6710108531728157,-2.082612380872678,-1.2174603174603176,-0.4457013574660634,-1.0,0.0,0.0,0.0,0.0,1.0,1.0,0.0,STU-14357,2.62
1.0023984296179962,-0.9890166586701185,-0.8337471856897325,-1.38641860024038e-15,-0.7047619047619048,0.0,0.4,0.0,1.0,0.0,0.0,0.0,1.0,0.0,STU-14026,3.78
-1.3610304441791146,-0.2443931021133051,-0.6913528947374304,-1.38641860024038e-15,-0.22857142857142854,-0.7737556561085973,-0.2,0.0,0.0,1.0,0.0,0.0,0.0,1.0,STU-11311,3.71
0.05325545104521995,0.2796012525007486,0.05839663721550945,0.5007906072032161,0.08571428571428588,-0.8438914027149321,1.2,0.0,0.0,0.0,0.0,1.0,1.0,0.0,STU-14052,3.7
0.6512963438829396,1.630955114400151,1.0667806976328347,0.02469519248228074,1.4952380952380955,0.4479638009049773,-0.2,0.0,0.0,0.0,0.0,1.0,1.0,0.0,STU-11790,5.11
0.2768473163854489,0.05897205055798886,-0.60780522402562,1.351518479409477,-0.7206349206349207,-0.7013574660633485,0.8,0.0,0.0,0.0,1.0,0.0,1.0,0.0,STU-10002,3.78
0.32533711850742536,0.22444395201505862,1.0667806976328347,0.32908406418910785,1.461904761904762,-0.09954751131221728,2.4,0.0,0.0,0.0,1.0,0.0,1.0,0.0,STU-12991,5.12
0.31545956622331894,-1.38890708719137,-1.0324207045904966e-15,0.0325000353465582,-0.12857142857142867,1.667420814479638,-1.2,0.0,0.0,1.0,0.0,0.0,1.0,0.0,STU-12763,3.91
0.7186432912745745,0.48644112932208605,0.7754536023681746,-0.24066946490315838,0.22539682539682543,0.13122171945701358,0.4,0.0,1.0,0.0,0.0,0.0,1.0,0.0,STU-11352,4.37
-0.18560172237044514,-0.20302512674903736,0.6570338604027398,0.21981626408922136,0.4904761904761905,0.07692307692307689,-0.2,0.0,1.0,0.0,0.0,0.0,1.0,0.0,STU-13474,4.56
0.0,0.47265180420066266,0.2073294415278664,0.9066424361456522,0.9079365079365082,0.2171945701357466,-1.0,0.0,0.0,1.0,0.0,0.0,0.0,1.0,STU-11465,4.6
-0.9201324285885433,0.7760169568719578,-0.02297152904294942,-1.0757876513808644,-0.7301587301587302,-0.5542986425339367,-0.2,0.0,0.0,0.0,0.0,1.0,1.0,0.0,STU-10708,3.94
0.5201942862938894,-0.299550402598995,-0.09562167748800168,0.27445016413916495,0.03809523809523813,0.24434389140271495,0.2,0.0,1.0,0.0,0.0,0.0,0.0,1.0,STU-11179,3.51
1.0320310864703155,0.8587529076004922,1.0667806976328347,-1.5440782232375216,0.5555555555555557,0.9796380090497736,-0.2,0.0,0.0,0.0,0.0,1.0,1.0,0.0,STU-13763,5.03
0.30468405464065823,-1.2247380995076246e-15,0.2647230587994571,-0.7948133082668697,-0.5492063492063491,0.20814479638009048,0.0,0.0,0.0,1.0,0.0,0.0,1.0,0.0,STU-11117,4.34
1.3786433757125969,1.3551686119717015,1.0667806976328347,0.8363988503671537,1.4523809523809528,-1.1968325791855203,-0.4,0.0,0.0,1.0,0.0,0.0,1.0,0.0,STU-13815,6.55
-0.6399691274393426,-1.0165953089129627,-1.1316127943144474,0.7427407359958221,-1.242857142857143,-0.6787330316742082,-0.8,1.0,0.0,0.0,0.0,0.0,1.0,0.0,STU-14282,3.78
0.0,0.969067508571872,-1.9155078960365608,1.132982879209704,-0.28412698412698406,0.6923076923076922,0.2,0.0,0.0,0.0,0.0,1.0,0.0,1.0,STU-14040,3.63
-0.9551528412321936,1.4379045627002356,-1.2740070852667493,0.3524985927819409,-0.29682539682539677,0.22398190045248875,0.2,0.0,0.0,0.0,0.0,1.0,1.0,0.0,STU-13579,4.69
1.3786433757125969,0.1003400259222566,0.6889999257185626,-0.7557890939454817,0.666666666666667,1.416289592760181,0.0,0.0,0.0,0.0,1.0,0.0,1.0,0.0,STU-14960,5.01
0.0,0.5691770800506203,-0.5169925384693046,-0.4279856936458215,0.6968253968253968,1.0701357466063348,-0.6,0.0,0.0,0.0,0.0,1.0,1.0,0.0,STU-11539,4.33
-1.1320508230475546,-0.5339689296631769,0.5545971510952163,-0.295303364953102,-0.661904761904762,-1.0610859728506787,0.4,0.0,0.0,1.0,0.0,0.0,0.0,1.0,STU-14736,4.19
-0.533111970911282,0.5691770800506203,1.0667806976328347,0.02469519248228074,1.4476190476190478,-0.6425339366515836,-0.6,0.0,0.0,0.0,1.0,0.0,1.0,0.0,STU-11565,5.17
0.15023505528917416,-0.6856515059988245,0.06275564612221275,-0.07676776475332829,-0.5206349206349207,-0.28733031674208154,-0.2,0.0,0.0,1.0,0.0,0.0,1.0,0.0,STU-13926,3.58
-0.6300915751552363,-0.3960756784489527,-0.07092062701668367,1.648102508252026,0.14920634920634915,-0.753393665158371,0.0,0.0,0.0,0.0,0.0,1.0,1.0,0.0,STU-10779,4.63
-1.6393978267312053,-1.140699235005766,-1.0575096429004933,-0.9509101655524224,-0.8555555555555556,-0.669683257918552,1.2,0.0,0.0,1.0,0.0,0.0,0.0,1.0,STU-10071,2.87
-0.662418109903221,-0.07892120065623533,0.29596262263083006,-0.49822927942432005,0.6349206349206353,-0.7624434389140272,-1.0,0.0,0.0,0.0,1.0,0.0,0.0,1.0,STU-10977,4.12
0.2121942468894794,0.29339057762217075,0.5371611154684032,-0.27969367922454635,0.488888888888889,-0.6809954751131222,-0.4,0.0,0.0,0.0,1.0,0.0,1.0,0.0,STU-12967,4.92
0.9934188366324441,-0.9062807079415842,1.0667806976328347,1.164202250666814,1.3507936507936509,0.39592760180995473,1.2,0.0,0.0,0.0,0.0,1.0,1.0,0.0,STU-14597,4.69
-0.6291936158566807,-1.1682778852486104,-1.5704196909225625,0.8598133789599861,-1.4714285714285715,-0.14705882352941185,0.2,0.0,0.0,0.0,0.0,1.0,1.0,0.0,STU-13022,3.23
0.2813371128782243,-0.36849702820610714,1.0667806976328347,-0.7401794082169267,1.5698412698412698,0.9321266968325792,-1.2,0.0,0.0,0.0,0.0,1.0,1.0,0.0,STU-10230,4.08
0.0,-0.49260095429890915,0.6468628396204325,-1.1148118657022523,0.13015873015873022,0.04072398190045243,0.2,1.0,0.0,0.0,0.0,0.0,1.0,0.0,STU-10628,4.02
-0.802499760477822,0.21065462689363645,-1.9896110474505144,-0.11579197907471628,-1.7476190476190478,1.4796380090497738,-0.2,1.0,0.0,0.0,0.0,0.0,1.0,0.0,STU-14681,3.11
-1.1329487823461102,-1.2247380995076246e-15,-0.6150702388701258,1.2500555221738674,0.11904761904761907,-0.08144796380090505,-1.2,0.0,0.0,1.0,0.0,0.0,1.0,0.0,STU-14480,4.28
0.8865616801043835,1.3689579370931235,1.0667806976328347,-0.9040811083667569,1.4428571428571433,-0.30769230769230776,-0.8,0.0,0.0,0.0,0.0,1.0,0.0,1.0,STU-13919,5.51
1.3786433757125969,0.017604075193722337,-0.4058378113483746,0.6334729358959357,-0.173015873015873,-0.5090497737556561,-0.6,0.0,0.0,0.0,1.0,0.0,0.0,1.0,STU-14046,3.94
0.6575820589728248,1.4516938878216579,0.1564743376163296,-0.6699358224384276,0.173015873015873,0.6244343891402716,-1.2,0.0,0.0,0.0,1.0,0.0,1.0,0.0,STU-12304,3.92
-1.7193162043026122,0.15549732640794653,-0.6724638561417166,-1.372371680223414,-0.4809523809523809,0.3167420814479639,-1.0,0.0,0.0,0.0,1.0,0.0,1.0,0.0,STU-12365,3.18
-0.3122139834667186,-0.8235447572130487,-1.3728112871520204,0.5007906072032161,-1.6571428571428573,-0.8619909502262444,-0.2,0.0,0.0,1.0,0.0,0.0,1.0,0.0,STU-12789,3.02
0.6019085824624062,0.596755730293466,-0.10942520569256145,-0.2172549363103253,-0.03968253968253969,-0.43891402714932126,-0.2,0.0,0.0,0.0,1.0,0.0,0.0,1.0,STU-13035,4.89
-0.2619282627476309,0.26581192737932635,-1.845763753529311,0.7583504217243777,-1.3492063492063495,-0.4434389140271493,0.2,0.0,0.0,0.0,0.0,1.0,1.0,0.0,STU-10296,3.07
0.16999015985738827,-0.2719717523561507,0.059849640184410205,-1.5987121232874653,-0.3523809523809525,0.9773755656108596,0.4,0.0,0.0,0.0,1.0,0.0,0.0,1.0,STU-11426,4.21
-0.332867047333487,0.0038147500722989394,-1.5617016731091564,-0.17823072198893733,-0.27301587301587316,1.1651583710407238,0.2,0.0,0.0,0.0,1.0,0.0,1.0,0.0,STU-11174,3.89
0.2705616012955623,1.7688483656143752,0.6969914420475183,-0.396766322188711,0.22063492063492077,-0.8552036199095023,0.0,1.0,0.0,0.0,0.0,0.0,0.0,1.0,STU-10228,5.26
0.681826960033813,-0.2581824272347273,1.0667806976328347,0.18079204976783336,0.29365079365079366,-0.32579185520362003,0.0,0.0,0.0,0.0,0.0,1.0,1.0,0.0,STU-11523,4.76
0.31905140341754007,-0.6856515059988245,0.9977630566100347,-1.5752975946946322,1.0238095238095242,0.13122171945701358,-1.2,0.0,0.0,0.0,0.0,1.0,0.0,1.0,STU-10767,5.25
0.3441942637770839,-0.09271052577765751,1.0667806976328347,-0.5294486508814306,0.5904761904761907,0.19909502262443438,0.2,0.0,0.0,0.0,1.0,0.0,1.0,0.0,STU-10384,4.91
0.6063983789551829,1.4516938878216579,0.5400671214062056,0.2822550070034424,1.2793650793650797,-0.7352941176470589,-1.2,0.0,0.0,1.0,0.0,0.0,1.0,0.0,STU-10749,5.73
0.0,0.9276995332076042,-0.7923366010760532,0.16518236403927777,0.3936507936507938,-0.4547511312217195,1.0,0.0,0.0,0.0,1.0,0.0,1.0,0.0,STU-14472,4.64
-0.13890783884557859,-1.513011013284172,-0.8206701589696236,0.12615814971788977,0.0920634920634921,-0.4592760180995476,-1.0,0.0,0.0,1.0,0.0,0.0,1.0,0.0,STU-12545,2.78
0.38999018800339486,-0.7545981316059366,-0.21476792093788746,1.1173731934811477,-0.4523809523809524,-0.49321266968325794,-1.2,0.0,0.0,0.0,0.0,1.0,1.0,0.0,STU-11735,4.32
-0.9614385563220802,-0.037553225291967585,-1.2667420704222445,-2.4260254669008936,-1.1476190476190478,0.3687782805429864,0.8,1.0,0.0,0.0,0.0,0.0,1.0,0.0,STU-12716,3.46
-0.6920507667555402,0.7208596563862679,0.5923752282866432,0.7427407359958221,-0.4571428571428571,-0.328054298642534,0.2,0.0,0.0,0.0,1.0,0.0,0.0,1.0,STU-11126,4.38
-0.03743843810884767,0.596755730293466,0.07365316838896997,-0.7245697224883711,0.18253968253968264,0.0,-0.2,0.0,0.0,1.0,0.0,0.0,1.0,0.0,STU-10422,3.74
1.0517861910385282,1.0518034593004075,1.0667806976328347,-0.3031082078173794,0.4587301587301589,-0.8800904977375567,-1.2,0.0,0.0,1.0,0.0,0.0,1.0,0.0,STU-12485,5.55
-1.7309896751838285,0.43128382883639615,-1.0324207045904966e-15,0.36810827851049654,0.22539682539682543,0.6923076923076922,0.8,1.0,0.0,0.0,0.0,0.0,0.0,1.0,STU-12569,4.96
-0.3310711287363771,-0.7683874567273588,-0.5133600310470522,1.655907351116305,-0.3015873015873017,-0.4479638009049774,-0.4,1.0,0.0,0.0,0.0,0.0,1.0,0.0,STU-12496,3.94
1.3786433757125969,1.5068511883073479,0.6468628396204325,0.29786469273199734,0.4761904761904763,-0.16742081447963805,0.4,0.0,1.0,0.0,0.0,0.0,1.0,0.0,STU-14659,5.16
-1.0368671374007117,-0.07892120065623533,-1.3059731505825722,1.57005407960925,-0.8460317460317461,2.0361990950226243,-1.2,1.0,0.0,0.0,0.0,0.0,1.0,0.0,STU-11473,3.97
-0.4971935989690762,0.78980628199338,-0.4646844315888671,0.0325000353465582,1.0492063492063495,0.5113122171945703,-1.2,0.0,0.0,1.0,0.0,0.0,0.0,1.0,STU-13395,4.52
0.0,-0.40986500357037486,1.0667806976328347,-1.2162748229378615,0.24444444444444463,0.22624434389140272,0.6,0.0,0.0,0.0,0.0,1.0,1.0,0.0,STU-12987,4.53
-0.7809487373124979,-1.0441739591558084,-0.08835666264349687,-0.23286462203888092,-0.004761904761904661,-0.21040723981900447,0.6,0.0,1.0,0.0,0.0,0.0,1.0,0.0,STU-13117,3.81
0.5336636757722169,0.6243343805363103,-0.26562302484942424,-0.7011551938955382,-0.3238095238095237,0.4185520361990949,-0.2,0.0,1.0,0.0,0.0,0.0,1.0,0.0,STU-10068,4.41
1.3786433757125969,1.7688483656143752,1.0667806976328347,0.34469374991766344,1.2063492063492065,0.3031674208144796,0.6,1.0,0.0,0.0,0.0,0.0,1.0,0.0,STU-12951,6.06
0.7401943144398972,-0.2719717523561507,-0.23510996250250216,0.6334729358959357,-0.5063492063492063,0.5904977375565612,-0.8,0.0,0.0,1.0,0.0,0.0,1.0,0.0,STU-14888,4.0
0.2517044560259051,0.4588624790792405,1.0667806976328347,-0.24066946490315838,1.1555555555555557,-0.9751131221719458,-0.8,0.0,0.0,0.0,1.0,0.0,1.0,0.0,STU-12804,4.73
0.8605208604462854,0.9276995332076042,0.5291695991394474,-1.0211537513309208,0.9111111111111113,0.0,0.8,0.0,0.0,0.0,0.0,1.0,1.0,0.0,STU-13003,4.42
-0.09580579251493183,0.47265180420066266,-0.5307960666738644,0.4617663928818274,0.3285714285714287,0.8212669683257918,1.2,0.0,0.0,0.0,0.0,1.0,1.0,0.0,STU-10006,5.49
-0.0571935426770605,0.8311742573576478,-1.1868269071326865,-1.38641860024038e-15,-0.14920634920634915,-0.07239819004524893,-0.2,0.0,0.0,0.0,0.0,1.0,1.0,0.0,STU-11944,4.03
-0.1658466178022323,0.43128382883639615,1.0667806976328347,-1.372371680223414,0.30317460317460326,1.7918552036199098,-1.0,0.0,1.0,0.0,0.0,0.0,1.0,0.0,STU-10116,4.18
1.0410106794558662,0.18307597665079087,1.0667806976328347,-0.27969367922454635,1.3904761904761906,-0.9954751131221721,0.6,0.0,0.0,0.0,1.0,0.0,1.0,0.0,STU-13462,5.35
-0.076050687946719,0.15549732640794653,-1.0324207045904966e-15,-1.38641860024038e-15,0.0,-0.2375565610859728,0.0,0.0,0.0,0.0,1.0,0.0,1.0,0.0,STU-14746,5.2
-0.5708262614505965,-0.8235447572130487,-1.0324207045904966e-15,0.7037165216744341,0.12857142857142867,0.03846153846153844,-0.2,0.0,0.0,0.0,0.0,1.0,0.0,1.0,STU-13345,4.35
-1.447234536840407,-1.568168313769862,-2.153073881451882,1.1876167792596464,-1.4793650793650797,-0.49321266968325794,-0.4,1.0,0.0,0.0,0.0,0.0,0.0,1.0,STU-10339,2.91
-0.5007854361632973,-0.9614380084272741,-1.6706768957767348,-0.46700990796720954,-1.7476190476190478,-0.5407239819004526,-1.0,0.0,0.0,0.0,1.0,0.0,1.0,0.0,STU-12425,2.61
0.7303167621557909,-0.9890166586701185,1.0667806976328347,-0.7245697224883711,-0.0984126984126983,-0.7873303167420814,0.6,0.0,0.0,0.0,0.0,1.0,0.0,1.0,STU-14102,3.66
0.17178607845449817,0.7622276317505344,-0.07455313443893608,1.062739293431204,0.3206349206349206,-0.02262443438914019,-1.2,0.0,0.0,0.0,0.0,1.0,0.0,1.0,STU-13749,4.43
0.6593779775699348,-1.375117762069948,1.0667806976328347,0.5866438787102695,-0.3793650793650795,0.9208144796380089,-0.8,0.0,0.0,0.0,0.0,1.0,1.0,0.0,STU-12455,3.39
0.4672146876791362,-0.14786782626334743,-1.0324207045904966e-15,1.4451765937808079,0.646031746031746,0.07918552036199088,-0.4,0.0,0.0,1.0,0.0,0.0,1.0,0.0,STU-12081,4.91
0.0,0.4588624790792405,0.593828231255544,1.062739293431204,-0.20793650793650806,-0.07013574660633476,1.4,0.0,0.0,0.0,0.0,1.0,1.0,0.0,STU-12437,5.22
-0.44870379684709844,0.34854787810786064,0.7994281513550417,-0.474814750831487,0.9952380952380956,1.0407239819004526,-0.2,0.0,0.0,1.0,0.0,0.0,1.0,0.0,STU-10387,5.2
0.9898269994382244,1.7688483656143752,1.0667806976328347,-0.25627915063171397,1.0714285714285718,-0.6900452488687783,-1.2,0.0,0.0,1.0,0.0,0.0,0.0,1.0,STU-13584,5.76
0.264275886205677,0.4037051785935506,-0.32011063618321345,0.30566953559627547,0.09841269841269859,0.5475113122171947,-0.2,0.0,0.0,0.0,1.0,0.0,0.0,1.0,STU-12978,4.8
-1.1203773521663383,-0.09271052577765751,-1.0324207045904966e-15,-1.38641860024038e-15,0.15079365079365098,0.07466063348416291,-0.2,0.0,0.0,1.0,0.0,0.0,1.0,0.0,STU-11103,4.12
0.2750513977883377,-0.40986500357037486,1.0667806976328347,-0.06896292188905083,1.1031746031746035,-0.24208144796380096,0.0,0.0,0.0,0.0,1.0,0.0,1.0,0.0,STU-12827,5.01
-0.5510711568823837,0.84496358247907,-1.1999039338527964,-0.6231067652527621,-0.3079365079365079,-0.8009049773755657,-0.8,0.0,0.0,1.0,0.0,0.0,1.0,0.0,STU-11323,3.61
1.3786433757125969,-0.5753369050274446,1.0667806976328347,0.02469519248228074,-0.004761904761904661,-0.6221719457013575,-0.6,0.0,0.0,0.0,0.0,1.0,1.0,0.0,STU-14643,4.37
-0.44960175614565406,0.969067508571872,0.17100436730534027,-0.4279856936458215,1.0476190476190477,-0.31221719457013575,0.8,0.0,0.0,0.0,1.0,0.0,1.0,0.0,STU-11700,4.68
-1.4975202575594946,-1.7198508901055096,-2.323075228813304,-0.8104229939954253,-1.7476190476190478,1.18552036199095,0.2,0.0,0.0,0.0,0.0,1.0,0.0,1.0,STU-13931,2.38
0.33341875219442185,-0.9062807079415842,-0.3767777519703543,-0.5060341222885975,0.17619047619047612,-0.14479638009049767,-0.4,0.0,0.0,0.0,1.0,0.0,1.0,0.0,STU-10988,3.6
-0.8132752720604827,-0.35470770308468497,0.3424587176356636,-1.5674927518303547,0.03968253968253969,-0.5248868778280543,-0.4,0.0,1.0,0.0,0.0,0.0,1.0,0.0,STU-14097,4.15
-0.45858134913120485,-1.2247380995076246e-15,-0.6346857789502897,0.5242051357960484,0.0,0.2533936651583711,-1.2,1.0,0.0,0.0,0.0,0.0,0.0,1.0,STU-11592,4.29
-1.2182549157088483,-0.6718621808774011,-0.00844149935393876,-0.6465212938455952,-0.7904761904761906,1.0316742081447963,0.4,0.0,0.0,1.0,0.0,0.0,1.0,0.0,STU-10621,2.47
-0.4846221687893043,-1.2372245108557225,1.0667806976328347,-1.0367634370594765,0.0,-0.04072398190045243,0.0,0.0,0.0,0.0,0.0,1.0,0.0,1.0,STU-12760,3.88
-0.6013568776014714,-0.8649127325773164,-1.28853711495576,-1.8328574092157939,-0.8444444444444444,-0.7398190045248869,-0.6,0.0,0.0,1.0,0.0,0.0,0.0,1.0,STU-13580,3.28
0.9305616857335859,0.017604075193722337,-0.6651988412972117,-0.9118859512310343,-0.5333333333333333,1.0135746606334841,0.4,0.0,0.0,0.0,0.0,1.0,0.0,1.0,STU-14348,4.0
-1.0054385619512811,0.6243343805363103,-0.2837855619606873,-0.006524178974829784,-0.950793650793651,0.6538461538461537,0.2,1.0,0.0,0.0,0.0,0.0,1.0,0.0,STU-12129,3.19
0.6728473670482623,-0.547758254784599,-0.2663495263338741,-0.5294486508814306,0.37460317460317455,1.0520361990950224,-0.4,0.0,0.0,0.0,0.0,1.0,1.0,0.0,STU-12257,4.59
1.2232964170625584,0.22444395201505862,1.0667806976328347,1.304689422223811,0.11904761904761907,-0.49773755656108604,1.6,0.0,0.0,1.0,0.0,0.0,1.0,0.0,STU-12867,4.36
1.1254188535200498,1.7688483656143752,1.0667806976328347,0.7505455788600996,0.6857142857142856,1.669683257918552,0.6,0.0,0.0,1.0,0.0,0.0,0.0,1.0,STU-12874,5.77
-1.0934385732096845,-0.7821767818487809,-1.1170827646254367,-0.7245697224883711,-0.6952380952380953,-0.45248868778280543,0.4,0.0,0.0,0.0,0.0,1.0,0.0,1.0,STU-12094,2.68
-0.9327038587683152,1.5206405134287713,-1.6830274210123939,0.336888907053386,-0.9523809523809526,0.8190045248868779,0.4,0.0,0.0,0.0,1.0,0.0,0.0,1.0,STU-10243,4.04
-1.7812753959029162,-1.8439548161983117,-2.821455247146363,0.4305470214247169,-0.8015873015873017,0.06108597285067864,0.4,0.0,0.0,0.0,0.0,1.0,1.0,0.0,STU-11153,2.08
0.05235749174666563,-1.4026964123127923,-1.1969979279149938,-0.8182278368597028,-1.353968253968254,-0.38687782805429866,-0.6,0.0,0.0,0.0,0.0,1.0,1.0,0.0,STU-14203,2.78
1.3786433757125969,-0.14786782626334743,1.0667806976328347,1.3827378508665868,-0.27936507936507937,-0.8461538461538463,0.4,0.0,1.0,0.0,0.0,0.0,1.0,0.0,STU-14877,5.15
1.3786433757125969,1.5895871390358833,1.0667806976328347,-0.4201808507815441,0.8809523809523809,-0.2533936651583711,-0.2,0.0,0.0,0.0,1.0,0.0,0.0,1.0,STU-11971,5.63
-0.7854385338052734,-1.0165953089129627,-1.01028704641121,0.0871339353965018,-1.347619047619048,-1.1199095022624435,-0.6,0.0,0.0,0.0,0.0,1.0,1.0,0.0,STU-10367,2.98
-0.3202956171537151,-0.28576107747757284,1.0667806976328347,1.3905426937308643,0.0,-1.1968325791855203,-0.4,1.0,0.0,0.0,0.0,0.0,1.0,0.0,STU-14866,3.94
-1.59809169899767,-0.05134255041339098,0.9745150091076186,0.9612763361955958,0.06031746031746045,-1.009049773755656,0.2,1.0,0.0,0.0,0.0,0.0,1.0,0.0,STU-12111,3.66
0.7743167677849919,0.7760169568719578,-0.41964133955293437,-1.1148118657022523,-0.6873015873015874,-0.9660633484162895,-0.6,0.0,1.0,0.0,0.0,0.0,1.0,0.0,STU-10933,4.25
0.6243575649262845,1.7688483656143752,1.0667806976328347,0.5242051357960484,1.074603174603175,0.34162895927601805,-0.2,0.0,0.0,0.0,1.0,0.0,0.0,1.0,STU-11030,5.59
0.12150035773541051,-1.0165953089129627,-0.21476792093788746,-1.5050540089161337,-0.41587301587301584,0.19457013574660642,-0.8,0.0,0.0,1.0,0.0,0.0,0.0,1.0,STU-14848,4.19
0.2095003689938139,-0.5615475799060224,-1.741874041252886,0.2120114212249439,-0.6063492063492065,1.1380090497737558,1.6,1.0,0.0,0.0,0.0,0.0,1.0,0.0,STU-11105,3.67
-1.1320508230475546,-1.2247380995076246e-15,-0.9063973341347847,-1.270908722987805,-0.4746031746031747,0.3393665158371041,0.2,0.0,0.0,0.0,1.0,0.0,0.0,1.0,STU-12206,3.44
-1.2011936890363009,0.48644112932208605,-0.1624598140574499,-0.33432757927448997,-0.0984126984126983,-0.5950226244343891,0.4,0.0,0.0,1.0,0.0,0.0,0.0,1.0,STU-11568,4.24
0.6611738961670459,0.596755730293466,1.0667806976328347,-0.295303364953102,1.0777777777777782,0.5882352941176472,0.6,0.0,0.0,0.0,0.0,1.0,1.0,0.0,STU-14953,5.19
-0.5052752326560727,-1.2247380995076246e-15,0.7812656142437787,-1.309932937309193,0.5714285714285715,1.4502262443438914,-1.0,0.0,0.0,0.0,0.0,1.0,1.0,0.0,STU-14920,5.25
-1.1643773577955394,-1.3337497867056802,-0.023698030527400313,-0.6153019223884847,0.12539682539682556,0.3325791855203619,0.0,0.0,0.0,0.0,0.0,1.0,1.0,0.0,STU-13605,3.47
0.6028065417609618,1.4241152375788135,-0.6317797730124871,0.14957267831072285,10.127554319685835,0.4366515837104072,1.0,0.0,0.0,0.0,1.0,0.0,1.0,0.0,STU-12080,4.41
-1.5900100653106732,-0.7408088064845144,0.12523477378495768,-0.8962762655024787,0.11269841269841285,-0.6199095022624435,0.2,0.0,0.0,0.0,0.0,1.0,1.0,0.0,STU-12769,2.96
-0.7665813885356161,0.36233720322928403,-1.1018262334519753,-0.5372534937457081,-0.346031746031746,-0.13574660633484156,-0.4,0.0,0.0,1.0,0.0,0.0,0.0,1.0,STU-10300,4.59
0.0,0.8863315578433377,1.0667806976328347,-0.6699358224384276,0.5841269841269842,0.6040723981900454,-0.4,0.0,0.0,0.0,0.0,1.0,1.0,0.0,STU-11274,5.69
0.14305138090073324,0.6794916810220002,-0.6070787225411701,0.0871339353965018,-0.7365079365079366,0.25565610859728505,0.6,0.0,0.0,0.0,1.0,0.0,1.0,0.0,STU-14655,4.62
0.4851738736502392,-1.4302750625556377,-0.2009643927333277,-0.38896147932443353,-0.4746031746031747,1.502262443438914,-0.2,1.0,0.0,0.0,0.0,0.0,0.0,1.0,STU-12074,3.71
1.3786433757125969,-1.2247380995076246e-15,1.0667806976328347,-1.6455411804731306,-0.35873015873015873,0.41628959276018096,0.2,0.0,0.0,0.0,1.0,0.0,0.0,1.0,STU-10772,4.9
0.5498269431462086,0.78980628199338,-1.0324207045904966e-15,0.07152424966794618,-0.004761904761904661,0.2828054298642534,0.2,0.0,1.0,0.0,0.0,0.0,0.0,1.0,STU-10609,4.6
1.3786433757125969,1.2448540110003217,1.0667806976328347,1.2422506793095898,1.134920634920635,2.7624434389140275,0.0,0.0,0.0,0.0,1.0,0.0,1.0,0.0,STU-14413,5.48
1.040112720157312,-0.6304942055131345,0.0431401060420479,-0.08457260761760575,0.022222222222222317,0.5271493212669681,-1.2,0.0,0.0,0.0,0.0,1.0,1.0,0.0,STU-11111,4.06
0.5740718442071981,0.2520226022579042,-0.13194675171052783,0.719326207402989,0.0,-0.6063348416289593,-0.8,0.0,0.0,1.0,0.0,0.0,1.0,0.0,STU-10800,4.06
-1.3637243220747801,-1.2785924862199902,-3.1215003602244287,-0.6855455081669832,-1.5396825396825398,1.6561085972850678,0.6,0.0,0.0,1.0,0.0,0.0,1.0,0.0,STU-11653,2.19
-0.46845890141531127,-0.5891262301488668,-0.7531055209157245,-0.5528631794742637,0.06984126984126977,-0.6312217194570136,1.0,0.0,0.0,0.0,1.0,0.0,0.0,1.0,STU-11575,4.24
-0.47025482001242247,-1.568168313769862,-1.8937128515030452,0.5788390358459921,-0.7571428571428572,0.39366515837104077,0.2,0.0,0.0,1.0,0.0,0.0,1.0,0.0,STU-13531,2.28
0.32084732201464994,0.9828568336932941,0.9621644838719595,-0.5138389651528756,0.6555555555555558,-0.2714932126696833,-1.2,0.0,1.0,0.0,0.0,0.0,0.0,1.0,STU-13326,5.15
1.3786433757125969,-0.6442835306345567,1.0275496174725058,0.3134743784605529,0.5523809523809525,0.33031674208144796,0.2,0.0,1.0,0.0,0.0,0.0,1.0,0.0,STU-12386,4.85
0.2723575198926735,0.22444395201505862,0.42745939131637484,-0.24847430776743584,0.7761904761904761,2.063348416289593,-0.6,0.0,0.0,1.0,0.0,0.0,1.0,0.0,STU-12996,4.69
-0.3184996985566052,-1.0028059837915406,1.0667806976328347,0.2822550070034424,0.958730158730159,-0.39366515837104077,-1.2,1.0,0.0,0.0,0.0,0.0,1.0,0.0,STU-13724,4.34
0.7096636982890224,0.541598429807776,0.9447284482451463,1.3437136365451996,0.604761904761905,-0.9479638009049772,0.2,0.0,0.0,0.0,1.0,0.0,1.0,0.0,STU-10830,4.97
1.1056637489518357,0.15549732640794653,1.0667806976328347,0.719326207402989,1.9698412698412704,-0.23076923076923087,0.0,0.0,0.0,0.0,1.0,0.0,1.0,0.0,STU-14876,5.75
0.13496974721373803,-0.5339689296631769,0.12014926339380347,0.009085506753725131,-0.880952380952381,-0.5904977375565611,-0.6,0.0,0.0,0.0,0.0,1.0,1.0,0.0,STU-12784,3.42
-0.8087854755677073,-0.05134255041339098,-2.9478665054407536,-1.71578476625163,-1.7476190476190478,-0.9592760180995475,-0.6,0.0,0.0,0.0,0.0,1.0,1.0,0.0,STU-14819,1.74
-1.2730304329207112,0.665702355900578,-0.15955380811964737,-6.555622039554889,-1.0174603174603176,-0.07466063348416291,-0.4,0.0,0.0,1.0,0.0,0.0,1.0,0.0,STU-11068,3.22
1.1155413012359423,1.4241152375788135,1.0667806976328347,0.04030487821083566,1.526984126984127,-0.6764705882352942,0.0,0.0,0.0,1.0,0.0,0.0,1.0,0.0,STU-14103,5.62
-0.9856834573830684,-1.2247380995076246e-15,-2.454571997498849,0.5007906072032161,0.0,-0.18099547511312214,-1.2,0.0,0.0,0.0,0.0,1.0,1.0,0.0,STU-12289,3.47
1.0643576212183001,0.0038147500722989394,0.0932687084691338,1.070544136295483,-0.8269841269841272,0.28959276018099556,-0.8,0.0,1.0,0.0,0.0,0.0,1.0,0.0,STU-13775,4.22
0.5157044898011139,-1.3475391118271023,-0.42835935736634095,-1.8172477234872388,0.5460317460317461,0.14253393665158368,-0.4,0.0,1.0,0.0,0.0,0.0,1.0,0.0,STU-11132,3.61
-1.09972428829957,1.7688483656143752,-1.9075163797076051,-1.3957862088162472,0.777777777777778,0.6945701357466062,0.4,1.0,0.0,0.0,0.0,0.0,0.0,1.0,STU-11416,4.35
-0.7324589351905215,-1.692272239862664,-0.2932300812585438,-0.9431053226881448,0.6476190476190478,0.26923076923076933,-0.2,0.0,0.0,0.0,1.0,0.0,1.0,0.0,STU-11667,3.12
0.7330106400514563,-1.264803161098568,0.6032727505534015,0.30566953559627547,0.0,0.13348416289592757,0.0,0.0,0.0,1.0,0.0,0.0,1.0,0.0,STU-11158,3.22
-0.7091119934280875,-2.1473199688696054,-0.021518526074048663,0.8754230646885424,-0.4650793650793651,0.8257918552036198,-0.8,0.0,0.0,0.0,1.0,0.0,1.0,0.0,STU-13689,2.61
0.0,0.3347585529864385,0.06566165206001427,0.20420657836066575,-0.5603174603174603,0.737556561085973,-1.2,0.0,0.0,0.0,0.0,1.0,1.0,0.0,STU-14150,4.6
-0.27090785573318305,0.14170800128652436,0.7013504509542217,1.2500555221738674,0.24603174603174618,0.3167420814479639,-0.6,0.0,0.0,1.0,0.0,0.0,1.0,0.0,STU-13270,3.82
1.3786433757125969,0.4037051785935506,0.056943634246607665,0.009085506753725131,-0.6206349206349208,-0.4027149321266969,-1.2,0.0,0.0,0.0,0.0,1.0,1.0,0.0,STU-10818,4.54
-1.1850304216623078,-0.5753369050274446,-0.36515372821914516,0.21981626408922136,-0.8079365079365081,0.48416289592760176,0.4,0.0,0.0,0.0,0.0,1.0,1.0,0.0,STU-13160,3.47
0.1942350609183765,-1.6646935896198196,1.052250667943824,-0.2016452505817704,0.03333333333333347,1.4140271493212668,1.0,0.0,0.0,1.0,0.0,0.0,1.0,0.0,STU-13416,3.81
0.8461535116694023,0.12791867616510097,0.8684457923778416,-0.15481619339610495,0.6523809523809527,-1.0588235294117647,-0.4,0.0,0.0,0.0,0.0,1.0,1.0,0.0,STU-14961,5.33
-0.008703740555084029,0.045182725436566686,-0.47558195385562535,0.36030343564621836,0.0523809523809524,-0.6425339366515836,-1.0,0.0,0.0,0.0,0.0,1.0,1.0,0.0,STU-11003,4.07
0.027214631387121803,-0.40986500357037486,1.0667806976328347,-2.6757804385577773,-0.311111111111111,-0.6832579185520362,1.4,0.0,0.0,0.0,0.0,1.0,1.0,0.0,STU-11880,4.26
1.1936637602102391,-0.7821767818487809,1.0667806976328347,-0.6153019223884847,0.25714285714285734,2.6606334841628962,-0.8,0.0,0.0,0.0,0.0,1.0,1.0,0.0,STU-11481,4.05
1.073337214203851,1.4516938878216579,1.0667806976328347,0.04030487821083566,1.3285714285714287,0.5972850678733032,0.4,0.0,0.0,1.0,0.0,0.0,0.0,1.0,STU-12944,6.23
0.15023505528917416,0.4037051785935506,0.030789580806388887,-0.03774355043194031,-0.4650793650793651,-0.751131221719457,0.4,0.0,0.0,0.0,1.0,0.0,0.0,1.0,STU-13055,4.36
1.3786433757125969,0.5140197795649304,1.0667806976328347,0.6490826216244906,1.4857142857142862,-0.5271493212669683,0.8,0.0,0.0,0.0,0.0,1.0,1.0,0.0,STU-14814,5.99
-2.143152993220635,-1.513011013284172,0.25455203801714976,0.7271310502672672,-0.2095238095238096,-0.20814479638009048,-0.2,0.0,0.0,1.0,0.0,0.0,1.0,0.0,STU-11070,2.21
-0.8734385450636768,0.12791867616510097,-1.4650769756772366,1.289079736495256,-0.4698412698412698,-0.7149321266968326,-0.2,0.0,0.0,1.0,0.0,0.0,1.0,0.0,STU-11945,3.19
0.5327657164736613,0.21065462689363645,-0.8911408029613243,0.375913121374774,-0.7904761904761906,0.671945701357466,0.8,0.0,0.0,0.0,1.0,0.0,1.0,0.0,STU-14707,3.66
-1.438254943854856,-0.3822863533275293,0.11651675597155106,1.070544136295483,-0.5682539682539683,10.426834281688866,-0.8,0.0,1.0,0.0,0.0,0.0,0.0,1.0,STU-10801,3.56
-1.475071275095616,1.5068511883073479,-1.5500776493579482,0.6490826216244906,0.19523809523809535,-0.5,-1.2,0.0,1.0,0.0,0.0,0.0,0.0,1.0,STU-10954,3.96
-1.2182549157088483,-1.38890708719137,-1.2551180466710354,-0.061158079024773375,-0.4809523809523809,-0.6923076923076923,-0.4,0.0,0.0,1.0,0.0,0.0,0.0,1.0,STU-14343,2.95
-0.5367038081055019,0.19686530177221429,0.14485031386512148,-0.20945009344604784,-0.7746031746031747,-0.30995475113122173,-0.4,0.0,0.0,1.0,0.0,0.0,1.0,0.0,STU-14268,4.0
0.9970106738266652,0.5829664051720425,1.0667806976328347,0.8363988503671537,1.2904761904761908,0.3371040723981901,0.8,0.0,0.0,0.0,1.0,0.0,0.0,1.0,STU-13197,5.97
-1.9985815461532586,-2.1611092939910277,-0.14066476952393442,-1.38641860024038e-15,-1.053968253968254,-0.2714932126696833,0.6,0.0,0.0,0.0,0.0,1.0,1.0,0.0,STU-11906,3.24
0.699786146004916,0.14170800128652436,1.0667806976328347,-1.38641860024038e-15,0.7587301587301588,0.14932126696832582,1.4,0.0,0.0,0.0,1.0,0.0,1.0,0.0,STU-10704,4.99
-0.6354793309465673,1.7688483656143752,-0.19297287640437197,-0.06896292188905083,1.0285714285714285,-0.8009049773755657,0.4,0.0,0.0,0.0,0.0,1.0,0.0,1.0,STU-13711,4.67
0.6495004252858283,-0.8373340823344708,1.0667806976328347,0.6646923073530462,0.7968253968253972,-0.3597285067873303,0.2,0.0,0.0,1.0,0.0,0.0,1.0,0.0,STU-12895,3.98
0.4510514203051445,-0.6167048803917123,1.0667806976328347,1.289079736495256,0.288888888888889,0.042986425339366606,0.0,0.0,0.0,0.0,0.0,1.0,1.0,0.0,STU-11964,4.53
0.40256161818316677,-1.1544885601271881,-2.318716219906601,-0.24066946490315838,-0.5253968253968255,-0.5769230769230769,0.2,0.0,0.0,0.0,1.0,0.0,1.0,0.0,STU-10726,2.46
0.029908509282787307,0.3209692278650163,1.0653276946639338,-1.2631038801235275,0.26349206349206356,0.9389140271493212,1.2,0.0,0.0,0.0,1.0,0.0,0.0,1.0,STU-13790,4.22
0.9395412787191367,0.5002304544435082,-0.8054136277961621,-1.4738346374590232,0.27460317460317474,1.8280542986425337,-0.6,0.0,0.0,1.0,0.0,0.0,1.0,0.0,STU-12345,4.9
0.572275925610087,0.29339057762217075,-1.0324207045904966e-15,-0.7011551938955382,0.6555555555555558,-0.7692307692307693,-0.8,0.0,0.0,0.0,0.0,1.0,1.0,0.0,STU-11266,5.09
0.23194935145769224,0.6381237056577325,0.38822831115604617,0.2900598498677199,0.2920634920634921,-0.020361990950226214,0.4,0.0,0.0,0.0,0.0,1.0,1.0,0.0,STU-10683,4.99
0.1906432237241554,0.21065462689363645,0.8655397864400401,1.413957222323698,0.28412698412698434,1.2669683257918554,0.0,0.0,1.0,0.0,0.0,0.0,1.0,0.0,STU-12642,4.92
-1.1877242995579733,-0.6442835306345567,1.0667806976328347,1.1095683506168703,0.41111111111111115,-0.49321266968325794,-1.2,0.0,0.0,0.0,1.0,0.0,0.0,1.0,STU-13282,4.86
0.3657452869424066,0.6381237056577325,1.0667806976328347,0.9300569647384846,1.1619047619047618,0.2375565610859728,0.8,0.0,0.0,0.0,0.0,1.0,1.0,0.0,STU-10051,5.31
-0.4029078726207875,0.41749450371497276,0.6650253767316955,0.6646923073530462,-0.03650793650793658,0.911764705882353,1.4,0.0,0.0,1.0,0.0,0.0,1.0,0.0,STU-14993,4.39
-0.3355609252291525,1.1345394100289417,1.0667806976328347,-1.3567619944948592,0.5317460317460317,0.0,-1.2,0.0,0.0,0.0,1.0,0.0,1.0,0.0,STU-10490,3.94
0.39537794379472585,1.7688483656143752,0.22694498160803023,0.516400292931771,0.21269841269841272,-0.6312217194570136,0.2,0.0,1.0,0.0,0.0,0.0,0.0,1.0,STU-14795,4.93
0.8641126976405052,0.5553877549291981,0.897505851755863,-1.2552990372592494,0.05079365079365085,1.2239819004524886,-0.2,0.0,1.0,0.0,0.0,0.0,1.0,0.0,STU-11098,3.93
1.3786433757125969,0.03139340031514451,1.0667806976328347,0.0325000353465582,1.3698412698412703,1.9095022624434392,-1.2,0.0,0.0,1.0,0.0,0.0,1.0,0.0,STU-11716,5.44
0.0,1.7688483656143752,-1.072039672589504,-0.5216438080171532,0.0,-0.414027149321267,-0.4,0.0,1.0,0.0,0.0,0.0,1.0,0.0,STU-12601,3.99
0.0,0.6381237056577325,-0.279426553053984,-1.0523731227880313,0.23809523809523814,1.8846153846153844,-0.2,0.0,0.0,0.0,1.0,0.0,1.0,0.0,STU-14978,4.49
-0.722581382906415,-0.175446476506193,-1.6757624061678886,0.3524985927819409,-0.8492063492063493,0.5904977375565612,-0.4,0.0,0.0,1.0,0.0,0.0,1.0,0.0,STU-11017,3.36
0.41692896696004983,-0.7545981316059366,0.4289123942852756,0.1417678354464454,-0.4682539682539682,1.076923076923077,-0.4,0.0,1.0,0.0,0.0,0.0,1.0,0.0,STU-14118,3.39
-0.3553160297973653,0.22444395201505862,-0.22348593875129405,-1.38641860024038e-15,0.0,1.9977375565610855,-1.2,0.0,0.0,0.0,1.0,0.0,1.0,0.0,STU-11289,4.33
1.364276026935715,-0.34091837796326274,0.4303653972541764,-0.7713987796740374,0.2825396825396825,-0.5407239819004526,-1.2,0.0,0.0,0.0,1.0,0.0,1.0,0.0,STU-13741,4.51
-0.1712343735935633,0.1692866515293687,0.040234100104246384,-0.9196907940953117,-0.44126984126984126,-0.43891402714932126,-1.2,1.0,0.0,0.0,0.0,0.0,1.0,0.0,STU-13832,3.72
-0.846499766107023,0.665702355900578,0.1361322960517149,1.3202991079523658,0.03809523809523813,-1.0316742081447965,1.8,0.0,0.0,0.0,1.0,0.0,0.0,1.0,STU-10048,4.19
0.2714595605941179,-0.6718621808774011,1.0667806976328347,-1.28651840871636,0.30952380952380976,-0.6108597285067874,0.6,0.0,0.0,1.0,0.0,0.0,0.0,1.0,STU-10332,4.55
-0.897683446124665,-0.7959661069702043,-1.1868269071326865,-0.40457116505298846,0.607936507936508,-0.4457013574660634,0.8,0.0,1.0,0.0,0.0,0.0,1.0,0.0,STU-14201,4.01
-0.08592824023082542,0.29339057762217075,1.0667806976328347,0.555424507253159,1.020634920634921,0.3212669683257918,1.2,0.0,0.0,1.0,0.0,0.0,0.0,1.0,STU-14780,5.3
-1.1149895963750074,-1.264803161098568,1.0667806976328347,0.5632293501174371,0.0,0.42760180995475106,0.8,0.0,0.0,1.0,0.0,0.0,0.0,1.0,STU-13169,2.76
0.3531738567626347,-0.16165715138477083,-0.12177573092822046,1.6793218797091372,-0.4873015873015874,0.1199095022624435,0.2,0.0,1.0,0.0,0.0,0.0,1.0,0.0,STU-10507,4.21
0.007459526818908979,-0.658072855755979,-0.15446829772849419,0.07152424966794618,-0.39841269841269844,0.9751131221719457,1.2,1.0,0.0,0.0,0.0,0.0,0.0,1.0,STU-11306,4.34
-1.0189079514296087,0.43128382883639615,-1.9772605222148554,2.5300497519153984,-1.1492063492063493,0.4660633484162895,0.4,0.0,0.0,0.0,0.0,1.0,1.0,0.0,STU-10686,3.11
-1.4104182055996466,1.0242248090575619,-1.0324207045904966e-15,-1.005544065602366,-0.4555555555555555,-0.2488687782805429,-1.0,0.0,0.0,0.0,0.0,1.0,1.0,0.0,STU-10349,4.41
1.1245208942214944,0.1003400259222566,0.6577603618871907,0.8207891646385987,-0.4746031746031747,0.24434389140271495,-0.8,0.0,0.0,0.0,0.0,1.0,1.0,0.0,STU-14428,4.4
0.07570443350909828,-1.457853712798482,0.8648132849555892,1.7417606226233582,0.14920634920634915,-0.6809954751131222,-0.2,1.0,0.0,0.0,0.0,0.0,1.0,0.0,STU-13943,4.65
-0.540295645299723,1.7688483656143752,-0.8199436574851727,0.13396299258216723,-0.3253968253968253,0.4751131221719456,-1.0,0.0,0.0,0.0,0.0,1.0,1.0,0.0,STU-12610,5.11
-0.19637723395310713,-0.28576107747757284,0.8095991721373491,1.1095683506168703,0.19523809523809535,-0.7647058823529411,-1.0,0.0,0.0,0.0,0.0,1.0,1.0,0.0,STU-13717,5.07
1.3786433757125969,0.8173849322362243,1.0667806976328347,-0.33432757927448997,1.0523809523809526,-0.8393665158371041,-0.6,0.0,0.0,0.0,0.0,1.0,1.0,0.0,STU-10171,5.04
1.3786433757125969,1.7688483656143752,1.0667806976328347,0.4461567071532725,1.2619047619047623,-0.47285067873303166,1.2,0.0,0.0,1.0,0.0,0.0,1.0,0.0,STU-13268,6.02
0.10443913106286319,-0.40986500357037486,1.0667806976328347,0.4617663928818274,0.29365079365079366,-1.085972850678733,-0.8,0.0,0.0,0.0,0.0,1.0,1.0,0.0,STU-13090,4.97
1.0688474177110756,0.5140197795649304,-0.28959757383629137,1.2500555221738674,-0.5746031746031746,0.7149321266968324,-0.2,0.0,0.0,1.0,0.0,0.0,1.0,0.0,STU-10536,4.19
-0.8258467022402546,-0.6304942055131345,-1.5943942399094302,0.5710341929817145,-0.2396825396825397,-0.9502262443438915,-0.4,0.0,1.0,0.0,0.0,0.0,1.0,0.0,STU-10359,3.32
0.7635412562023312,-0.8787020576987385,-1.6089242695984403,-0.1626210362603824,-0.484126984126984,0.013574660633484075,1.2,0.0,0.0,1.0,0.0,0.0,0.0,1.0,STU-13242,3.55
0.7967657502488702,-0.175446476506193,-0.38476926829931,-0.7323745653526487,0.6714285714285714,-0.6809954751131222,0.4,0.0,1.0,0.0,0.0,0.0,0.0,1.0,STU-14485,4.77
1.3786433757125969,0.1692866515293687,-0.2285714491424472,-2.4806593669508366,-0.10317460317460325,-0.8076923076923077,0.6,0.0,0.0,0.0,1.0,0.0,1.0,0.0,STU-13464,3.73
-0.37237725646991265,1.3689579370931235,-1.0324207045904966e-15,-0.0221338647033847,-0.27936507936507937,-0.07918552036199088,0.0,0.0,0.0,0.0,1.0,0.0,1.0,0.0,STU-12892,4.41
-2.98723473386246,-1.1269099098843427,-0.9768679781264854,1.062739293431204,-1.43968253968254,-0.3484162895927602,0.0,0.0,0.0,0.0,0.0,1.0,1.0,0.0,STU-10011,2.23
-0.7216834236078594,-0.8097554320916265,-0.4726759479178228,-0.5684728652028186,-1.2476190476190478,0.37330316742081454,-0.6,0.0,0.0,0.0,1.0,0.0,0.0,1.0,STU-10941,2.99
-0.7091119934280875,0.78980628199338,-0.18643436304431701,-0.3655469507316005,0.1634920634920634,-0.5995475113122172,1.0,0.0,0.0,0.0,0.0,1.0,1.0,0.0,STU-11611,4.14
1.1433780394911515,-1.2247380995076246e-15,1.0667806976328347,-0.3031082078173794,0.9920634920634925,1.6289592760180995,0.6,0.0,0.0,0.0,1.0,0.0,1.0,0.0,STU-10849,4.82
0.47619428066468833,-0.5063902794203325,0.674469896029552,2.4363916375440673,0.6380952380952384,-0.6425339366515836,0.4,0.0,0.0,1.0,0.0,0.0,1.0,0.0,STU-11751,4.51
1.3786433757125969,0.36233720322928403,1.0667806976328347,0.6803019930816011,0.3317460317460318,-0.10180995475113126,-0.6,0.0,0.0,0.0,1.0,0.0,1.0,0.0,STU-12702,5.56
1.3786433757125969,1.2448540110003217,0.10126022479808951,-0.474814750831487,-0.915873015873016,-0.0022624434389139788,-0.4,0.0,0.0,0.0,1.0,0.0,1.0,0.0,STU-10753,5.18
0.38729631010772936,-0.4512329789346426,0.24002200832814014,-0.5372534937457081,0.8380952380952381,-0.7737556561085973,0.0,0.0,0.0,1.0,0.0,0.0,1.0,0.0,STU-13249,3.78
0.14933709599061984,0.21065462689363645,0.3904078156093978,1.0939586648883153,-1.1,-0.2918552036199095,0.8,0.0,0.0,0.0,0.0,1.0,1.0,0.0,STU-13370,4.64
0.44745958311092343,-0.23060377699188292,-0.7204129541154508,1.1407877220739815,-0.9523809523809526,0.5271493212669681,-1.0,0.0,0.0,1.0,0.0,0.0,1.0,0.0,STU-13453,3.51
-1.8593978548772132,-1.085541934520076,-1.3001611387069683,0.5632293501174371,-0.6793650793650794,0.171945701357466,-0.2,0.0,0.0,0.0,0.0,1.0,1.0,0.0,STU-12544,3.19
-0.09041803672360083,-1.2923818113414125,-1.2754600882356502,-1.1382263942950854,-1.234920634920635,0.19230769230769224,1.2,0.0,1.0,0.0,0.0,0.0,1.0,0.0,STU-13845,2.7
-0.9057650798116615,0.7622276317505344,-0.558403123082985,-0.34993726500304556,-0.8730158730158731,-0.6085972850678733,0.4,0.0,0.0,0.0,1.0,0.0,0.0,1.0,STU-10583,3.6
-0.10209150760481715,1.3827472622145458,-0.9819534885176395,-0.27969367922454635,-0.20317460317460312,1.583710407239819,-0.8,0.0,1.0,0.0,0.0,0.0,1.0,0.0,STU-14708,4.12
0.4528473389022544,1.148328735150364,-0.36588022970359607,-0.9196907940953117,-0.7968253968253969,0.9049773755656106,-0.4,1.0,0.0,0.0,0.0,0.0,0.0,1.0,STU-13311,4.5
-0.5555609533751603,1.3827472622145458,-0.570753648318644,-0.6309116081170396,0.6507936507936508,-0.755656108597285,-0.6,0.0,0.0,0.0,0.0,1.0,1.0,0.0,STU-13286,3.83
-0.4980915582676318,-1.2372245108557225,-1.3001611387069683,-2.04358816655129,-0.20158730158730157,-0.2760180995475113,-0.6,1.0,0.0,0.0,0.0,0.0,1.0,0.0,STU-10646,3.19
-0.5034793140589615,0.48644112932208605,-0.24310147883145788,-1.348957151630581,-0.3571428571428572,-0.21266968325791866,-0.2,0.0,0.0,1.0,0.0,0.0,0.0,1.0,STU-13779,4.34
-1.2505814504568329,0.30717990274359414,-0.7610970372446803,-1.5909072804231879,-0.06666666666666667,0.17420814479638,0.6,0.0,0.0,0.0,0.0,1.0,1.0,0.0,STU-13123,3.61
1.2906433644541935,1.7688483656143752,1.0667806976328347,-0.9587150084166998,2.465079365079365,2.7624434389140275,-0.6,0.0,0.0,0.0,0.0,1.0,0.0,1.0,STU-13963,5.72
-1.2523773690539428,-2.588578372755125,-0.7792595743559433,0.09493877826077925,-1.2666666666666668,0.3393665158371041,0.8,0.0,0.0,0.0,1.0,0.0,0.0,1.0,STU-10024,2.42
-0.8294385394344757,0.18307597665079087,0.13322629011391338,-1.0992021799736975,-0.5555555555555557,0.7420814479638009,-0.8,0.0,1.0,0.0,0.0,0.0,1.0,0.0,STU-12489,3.17
-0.5798058544361486,-1.4026964123127923,-0.32446964508991677,-1.5440782232375216,-0.8126984126984128,0.20814479638009048,-0.8,0.0,0.0,0.0,0.0,1.0,1.0,0.0,STU-10064,2.94
1.2708882598859805,-0.3133397277204172,1.0500711634904722,0.7427407359958221,0.29365079365079366,0.6651583710407241,-1.2,0.0,0.0,0.0,1.0,0.0,1.0,0.0,STU-14309,4.84
-1.8593978548772132,-0.3133397277204172,-0.5097275236247998,-0.7635939368097592,0.0015873015873015537,-0.19457013574660642,-1.2,1.0,0.0,0.0,0.0,0.0,0.0,1.0,STU-12196,3.12
1.3786433757125969,0.8587529076004922,1.0667806976328347,-1.3177377801734704,0.8793650793650797,0.7013574660633486,0.0,1.0,0.0,0.0,0.0,0.0,0.0,1.0,STU-10074,5.22
0.8048473839358667,-0.07892120065623533,0.01408004666402761,1.2422506793095898,0.6365079365079366,0.28506787330316735,2.2,0.0,0.0,1.0,0.0,0.0,0.0,1.0,STU-12515,5.27
0.12060239843685493,-1.6233256142555519,-0.8562687317076989,2.061759180058741,-1.1111111111111114,0.8167420814479639,-0.4,0.0,0.0,0.0,0.0,1.0,1.0,0.0,STU-14821,3.54
-0.24845887326930471,-1.5957469640127075,-0.0019029859938838076,0.9612763361955958,-0.5698412698412699,0.30995475113122173,-0.8,0.0,1.0,0.0,0.0,0.0,1.0,0.0,STU-10221,2.83
-0.9470712075451984,-1.140699235005766,1.0667806976328347,0.9300569647384846,-0.23174603174603164,1.0384615384615385,0.0,0.0,0.0,0.0,0.0,1.0,1.0,0.0,STU-10602,3.27
-0.16764253639934223,0.8173849322362243,-0.558403123082985,1.5466395510164177,0.034920634920635026,-0.3597285067873303,0.4,0.0,0.0,0.0,1.0,0.0,0.0,1.0,STU-13508,4.6
1.3786433757125969,1.3413792868502792,1.0667806976328347,0.02469519248228074,1.1333333333333333,-0.7669683257918553,0.0,0.0,1.0,0.0,0.0,0.0,0.0,1.0,STU-14094,4.91
0.20141873530681742,1.203486035636054,-0.33100815844997067,0.8051794789100425,-0.12063492063492062,-0.26696832579185514,-1.2,0.0,1.0,0.0,0.0,0.0,1.0,0.0,STU-14197,3.74
0.33880650798575285,-0.8787020576987385,0.9883185373121783,0.5007906072032161,-0.915873015873016,-0.19683257918552038,0.2,0.0,1.0,0.0,0.0,0.0,1.0,0.0,STU-14216,3.0
1.2637045854975397,1.7688483656143752,1.0667806976328347,0.8207891646385987,0.8857142857142859,0.0,1.8,0.0,0.0,1.0,0.0,0.0,1.0,0.0,STU-13309,4.32
0.6162759312392893,-1.0441739591558084,1.0667806976328347,-0.07676776475332829,0.2,-0.45701357466063347,0.2,1.0,0.0,0.0,0.0,0.0,1.0,0.0,STU-11065,3.96
-0.6076425926913579,1.2310646858788994,1.0377206382548132,-1.38641860024038e-15,0.27619047619047626,-0.49095022624434387,-1.2,1.0,0.0,0.0,0.0,0.0,0.0,1.0,STU-10237,4.59
0.6396228730017219,-2.037005367898226,1.0667806976328347,0.18079204976783336,-0.11111111111111102,0.0972850678733031,0.2,0.0,1.0,0.0,0.0,0.0,1.0,0.0,STU-12326,3.29
-1.0260916258180497,-1.2247380995076246e-15,-0.5910956898832577,0.29786469273199734,-0.011111111111111158,0.32579185520362003,0.4,0.0,0.0,0.0,0.0,1.0,1.0,0.0,STU-12914,3.96
1.3786433757125969,0.7622276317505344,1.0667806976328347,-0.5606680223385411,0.26507936507936514,0.07239819004524893,-1.2,1.0,0.0,0.0,0.0,0.0,1.0,0.0,STU-10231,4.64
0.3962759030932814,0.3347585529864385,1.0667806976328347,0.6412777787602131,0.996825396825397,-0.39592760180995473,-0.4,0.0,0.0,0.0,1.0,0.0,1.0,0.0,STU-13431,3.95
0.7940718723532048,1.2586433361217437,1.0667806976328347,1.6793218797091372,1.7857142857142863,0.40497737556561086,0.6,0.0,0.0,0.0,0.0,1.0,1.0,0.0,STU-13705,5.93
0.1125207647498597,-1.140699235005766,-2.239527558101494,-0.8338375225882577,-1.388888888888889,-0.15610859728506796,1.0,0.0,1.0,0.0,0.0,0.0,0.0,1.0,STU-11696,3.09
-0.2888670417042847,0.08655070080083443,1.0667806976328347,-1.7938331948944057,0.5587301587301587,0.3167420814479639,-0.6,1.0,0.0,0.0,0.0,0.0,1.0,0.0,STU-12216,4.36
-0.5968670811086959,-1.816376165955466,1.0667806976328347,1.101763507752593,-0.9682539682539684,-0.6855203619909503,0.6,0.0,1.0,0.0,0.0,0.0,1.0,0.0,STU-13356,2.29
1.2179086612712273,0.30717990274359414,0.6439568336826309,0.5866438787102695,-0.09365079365079364,-0.414027149321267,-0.2,0.0,0.0,0.0,0.0,1.0,1.0,0.0,STU-10022,4.87
0.6647657333612658,-0.34091837796326274,0.8517362582354804,-0.4826195936957651,0.7888888888888891,0.11312217194570136,-0.4,0.0,0.0,1.0,0.0,0.0,0.0,1.0,STU-10677,5.28
0.0,-2.1611092939910277,-1.6147362814740445,-0.24847430776743584,0.0,-0.28733031674208154,1.2,0.0,0.0,1.0,0.0,0.0,1.0,0.0,STU-12306,1.44
0.2526024153244594,0.41749450371497276,1.0667806976328347,-1.5284685375089666,-0.5492063492063491,-0.32579185520362003,-0.6,0.0,0.0,0.0,0.0,1.0,1.0,0.0,STU-13836,4.52
1.3786433757125969,-0.602915555270289,1.0667806976328347,0.39932764996760634,0.8492063492063493,1.0000000000000002,-0.4,1.0,0.0,0.0,0.0,0.0,1.0,0.0,STU-13609,5.46
-1.1616834798998752,-1.0441739591558084,-0.8620807435833029,0.7895697931814876,-1.7476190476190478,1.4592760180995477,0.4,0.0,0.0,0.0,1.0,0.0,1.0,0.0,STU-14828,3.28
0.8012555467416457,0.8311742573576478,0.4681434744456043,0.1417678354464454,0.9190476190476193,-0.28506787330316735,1.4,0.0,0.0,0.0,1.0,0.0,1.0,0.0,STU-11110,5.05
-0.19278539675888606,0.19686530177221429,-3.000901113805642,0.5788390358459921,-0.688888888888889,2.7624434389140275,0.6,0.0,1.0,0.0,0.0,0.0,0.0,1.0,STU-14493,3.45
0.08109218930042927,-1.2247380995076246e-15,1.0260966145036052,-0.5372534937457081,0.6269841269841273,0.1199095022624435,0.8,1.0,0.0,0.0,0.0,0.0,1.0,0.0,STU-10343,4.59
0.30737793253632245,-1.1131205847629204,-1.0324207045904966e-15,-0.49822927942432005,0.18571428571428572,0.5475113122171947,-0.6,0.0,0.0,0.0,0.0,1.0,1.0,0.0,STU-10533,3.98
0.43129631573693167,-0.8787020576987385,-0.360068217827992,0.21981626408922136,-0.8349206349206351,-0.4343891402714932,0.8,0.0,0.0,0.0,0.0,1.0,0.0,1.0,STU-14804,4.97
-0.8069895569705974,-1.6371149393769742,-0.8628072450677539,-0.03774355043194031,-1.1761904761904765,1.9570135746606332,0.8,0.0,0.0,0.0,1.0,0.0,1.0,0.0,STU-12336,2.76
0.76174533760522,-0.7545981316059366,0.5146395694504378,-1.185055451480751,-0.6587301587301587,1.4660633484162895,-1.2,0.0,1.0,0.0,0.0,0.0,1.0,0.0,STU-13136,4.33
0.8021535060402012,0.665702355900578,1.0667806976328347,0.10274362112505671,0.9396825396825398,-0.3619909502262443,-0.2,0.0,0.0,0.0,1.0,0.0,1.0,0.0,STU-14514,5.06
-0.17572417008633873,-1.8439548161983117,-1.0211845686779673,2.2880996231227915,-0.6174603174603177,0.14253393665158368,-0.4,0.0,0.0,1.0,0.0,0.0,1.0,0.0,STU-11680,3.65
-1.7651121285289244,-0.06513187553481316,1.0667806976328347,-1.1772506086164733,1.0523809523809526,0.2171945701357466,0.8,0.0,0.0,0.0,0.0,1.0,0.0,1.0,STU-11664,4.45
0.29929629884932724,-1.1131205847629204,1.0667806976328347,1.710541251166247,0.25396825396825395,-0.6945701357466063,-0.6,0.0,0.0,0.0,0.0,1.0,1.0,0.0,STU-11883,4.54
0.30917385113343365,-0.21681445187046075,0.42237388092522066,-0.6074970795242065,0.06349206349206356,0.26923076923076933,-0.8,0.0,0.0,0.0,1.0,0.0,0.0,1.0,STU-12777,3.74
1.3786433757125969,-0.1064998508990809,1.0667806976328347,-0.9977392227380878,1.1650793650793656,0.737556561085973,1.0,0.0,0.0,0.0,1.0,0.0,0.0,1.0,STU-11835,5.24
-0.8007038418807108,-1.5405896635270178,-1.3742642901209212,-0.4904244365600426,-1.0111111111111113,-0.8031674208144796,0.4,0.0,0.0,1.0,0.0,0.0,1.0,0.0,STU-11959,2.91
0.4851738736502392,0.15549732640794653,0.30540714192868657,1.4451765937808079,-0.6507936507936508,-0.23529411764705885,-0.4,0.0,0.0,0.0,0.0,1.0,1.0,0.0,STU-14593,4.25
0.0,-0.9752273335486963,1.0667806976328347,-0.6231067652527621,-0.10317460317460325,-0.7692307692307693,0.4,0.0,1.0,0.0,0.0,0.0,1.0,0.0,STU-11729,4.92
1.3786433757125969,-2.1059519935053377,1.0667806976328347,-0.43579053651009897,0.0,9.612220596837687,0.6,0.0,0.0,0.0,0.0,1.0,1.0,0.0,STU-10833,3.49
-2.026418284408468,-0.7821767818487809,-0.6085317255100708,0.39932764996760634,-0.7746031746031747,-0.2398190045248868,0.0,1.0,0.0,0.0,0.0,0.0,0.0,1.0,STU-10366,1.65
1.187378045120354,0.8725422327219143,1.0667806976328347,-0.7323745653526487,1.4571428571428575,-0.6334841628959276,1.0,0.0,1.0,0.0,0.0,0.0,1.0,0.0,STU-13103,5.2
0.36664324624096223,-0.9062807079415842,0.3736982814670355,-0.22505977917460346,1.3603174603174604,2.7624434389140275,0.6,0.0,0.0,0.0,0.0,1.0,1.0,0.0,STU-11621,5.12
1.3786433757125969,1.7412697153715309,1.0667806976328347,-1.38641860024038e-15,1.00952380952381,0.7624434389140272,0.4,0.0,0.0,0.0,0.0,1.0,1.0,0.0,STU-14184,5.11
-0.7899283302980501,-0.5339689296631769,0.5335286080461507,1.6168831367949161,0.18888888888888883,0.11312217194570136,0.0,0.0,0.0,0.0,1.0,0.0,1.0,0.0,STU-12513,3.89
0.7985616688459815,1.1069607597860962,1.0667806976328347,-0.6543261367098727,0.7174603174603178,0.02262443438914019,-1.2,0.0,0.0,0.0,1.0,0.0,1.0,0.0,STU-11054,5.31
0.16280648546894608,1.162118060271786,1.0667806976328347,3.11541296673622,1.304761904761905,-0.3212669683257918,0.0,1.0,0.0,0.0,0.0,0.0,1.0,0.0,STU-14073,5.74
-0.03743843810884767,0.5140197795649304,-1.6190952903807476,0.05591456393939127,-0.1539682539682541,0.1402714932126697,0.0,1.0,0.0,0.0,0.0,0.0,0.0,1.0,STU-12778,3.84
-0.33376500663204134,-1.5543789886484398,-1.0175520612557147,1.507615336695029,-0.5269841269841271,0.17873303167420815,-1.0,0.0,0.0,0.0,1.0,0.0,1.0,0.0,STU-12024,2.81
0.5040310189198977,-0.299550402598995,1.0667806976328347,0.34469374991766344,0.27619047619047626,0.7760180995475114,0.0,0.0,1.0,0.0,0.0,0.0,0.0,1.0,STU-13560,3.88
1.3786433757125969,0.596755730293466,1.0667806976328347,0.5320099786603266,2.028571428571429,-1.0746606334841629,1.2,0.0,0.0,0.0,0.0,1.0,1.0,0.0,STU-13379,5.96
1.040112720157312,0.7622276317505344,1.0667806976328347,-0.7557890939454817,1.3825396825396827,-0.6470588235294118,-1.2,0.0,0.0,1.0,0.0,0.0,1.0,0.0,STU-12073,5.02
1.3786433757125969,1.7688483656143752,1.0667806976328347,-0.06896292188905083,1.1920634920634923,1.2895927601809956,0.8,0.0,0.0,0.0,0.0,1.0,0.0,1.0,STU-14007,5.09
0.7455820702312282,-0.20302512674903736,1.0667806976328347,-0.6855455081669832,-0.025396825396825425,-0.04977375565610854,0.2,0.0,0.0,1.0,0.0,0.0,0.0,1.0,STU-13945,4.6
0.832684122191076,-1.2247380995076246e-15,1.0493446620060225,0.20420657836066575,-0.6936507936507937,-0.7149321266968326,-1.2,0.0,0.0,0.0,0.0,1.0,0.0,1.0,STU-13750,3.89
-0.5519691161809392,-1.2372245108557225,-1.0324207045904966e-15,0.06371940680366872,-0.2825396825396825,-0.4592760180995476,0.8,1.0,0.0,0.0,0.0,0.0,1.0,0.0,STU-12619,4.2
1.3786433757125969,-0.16165715138477083,1.0667806976328347,-0.295303364953102,0.8873015873015877,-0.0542986425339367,1.0,0.0,0.0,0.0,0.0,1.0,1.0,0.0,STU-10926,4.37
-1.4714794379013951,-1.140699235005766,-1.114176758687634,0.06371940680366872,-0.907936507936508,0.49095022624434387,0.0,1.0,0.0,0.0,0.0,0.0,1.0,0.0,STU-14242,3.05
-0.07964252514093882,1.1759073853932094,0.8234027003419099,0.20420657836066575,-0.8253968253968256,-0.21266968325791866,-1.0,0.0,0.0,1.0,0.0,0.0,0.0,1.0,STU-12481,4.55
-2.095561150397213,-0.037553225291967585,-2.2417070625548456,-0.31091305068165687,-1.4000000000000004,2.3914027149321266,-1.2,0.0,0.0,0.0,1.0,0.0,1.0,0.0,STU-10468,2.4
-0.7369487316832969,-0.9476486833058507,-1.4781540023973465,1.148592564938259,-0.7365079365079366,1.3823529411764708,-1.0,1.0,0.0,0.0,0.0,0.0,1.0,0.0,STU-11497,3.09
-0.5447854417924983,1.2310646858788994,-0.6797288709862224,0.8207891646385987,-0.30000000000000016,-0.011312217194570096,1.4,0.0,0.0,0.0,0.0,1.0,1.0,0.0,STU-12973,4.45
-1.611561088475996,-1.5268003384055944,-0.33246116141887244,0.45396155001754995,-1.2222222222222225,0.3687782805429864,-0.4,1.0,0.0,0.0,0.0,0.0,0.0,1.0,STU-11889,3.03
0.09456157877875679,0.11412935104367879,-0.6412242923103446,1.4061523794594206,0.3968253968253969,0.7692307692307692,-0.2,0.0,0.0,0.0,1.0,0.0,1.0,0.0,STU-14474,4.86
0.0,1.0655927844218296,-1.0437061146959337,-0.5840825509313742,-0.5809523809523811,0.9909502262443439,0.8,0.0,0.0,0.0,0.0,1.0,1.0,0.0,STU-13089,3.39
-0.5447854417924983,-1.0441739591558084,-0.14865628585289015,0.26664532127488677,-0.9222222222222223,0.40950226244343885,0.0,0.0,1.0,0.0,0.0,0.0,0.0,1.0,STU-12113,3.76
1.3786433757125969,-0.009974575049123234,-0.4603254226821638,1.0549344505669267,0.6158730158730161,-0.18778280542986428,1.2,0.0,0.0,0.0,1.0,0.0,1.0,0.0,STU-12854,5.13
0.35137793816552476,-0.35470770308468497,-0.3208371376676633,-0.3031082078173794,-0.6031746031746031,0.8891402714932128,-0.4,0.0,0.0,0.0,1.0,0.0,1.0,0.0,STU-14209,3.31
-0.7710711850283916,-0.05134255041339098,-0.06002310474992645,-0.08457260761760575,-0.4761904761904763,-0.14479638009049767,1.4,0.0,1.0,0.0,0.0,0.0,0.0,1.0,STU-11657,3.61
-1.4193977985851975,0.5691770800506203,-0.6492158086393003,-1.3801765230876915,-0.2952380952380952,1.4773755656108598,0.8,0.0,0.0,0.0,0.0,1.0,1.0,0.0,STU-12137,4.01
0.9135004590610373,0.045182725436566686,1.0667806976328347,0.18079204976783336,0.5301587301587303,0.2647058823529412,9.2,0.0,0.0,0.0,1.0,0.0,1.0,0.0,STU-12136,5.31
0.6055004196566273,1.5206405134287713,0.302501135990885,0.6881068359458785,0.7619047619047619,1.6176470588235292,-0.6,0.0,0.0,1.0,0.0,0.0,1.0,0.0,STU-13528,5.07
1.3786433757125969,-0.009974575049123234,1.0667806976328347,-0.5450583366099861,0.6555555555555558,-0.4705882352941177,0.2,0.0,0.0,1.0,0.0,0.0,1.0,0.0,STU-14442,4.97
-0.40111195402367633,-0.602915555270289,0.5814777060198849,0.45396155001754995,0.5888888888888891,-0.3710407239819004,-0.2,1.0,0.0,0.0,0.0,0.0,1.0,0.0,STU-14467,4.74
-0.35172419260314425,0.48644112932208605,0.3736982814670355,0.8129843217743213,0.39841269841269844,-0.38461538461538464,1.4,0.0,0.0,1.0,0.0,0.0,1.0,0.0,STU-11798,4.2
-0.2403772395823082,-0.2719717523561507,0.2371160023903376,1.7885896798090244,0.6063492063492065,-0.5701357466063348,-1.2,1.0,0.0,0.0,0.0,0.0,1.0,0.0,STU-11502,4.38
0.788684116561875,0.4588624790792405,1.0667806976328347,0.5320099786603266,0.0,-0.7714932126696833,-1.2,0.0,0.0,0.0,1.0,0.0,1.0,0.0,STU-13972,4.93
0.2840309907738898,-2.1748986191124513,0.43181840022307816,-0.4514002222386546,0.4095238095238096,-0.8190045248868779,1.2,0.0,0.0,0.0,1.0,0.0,1.0,0.0,STU-13915,3.05
-1.6492753790153118,-0.21681445187046075,-1.5210175899799274,0.9066424361456522,-0.4428571428571428,0.3619909502262443,-0.6,1.0,0.0,0.0,0.0,0.0,0.0,1.0,STU-10427,3.39
0.0,0.1692866515293687,1.0667806976328347,0.6100584073031026,1.015873015873016,-0.8778280542986425,-0.6,0.0,0.0,0.0,0.0,1.0,1.0,0.0,STU-14360,5.67
1.0921943594735095,1.1759073853932094,1.0667806976328347,-0.31871789354593505,0.9650793650793652,0.02714932126696835,-0.2,0.0,0.0,0.0,1.0,0.0,0.0,1.0,STU-14603,5.83
-1.4140100427938664,-2.2576345698409854,-0.9928510107843967,-0.1626210362603824,-1.4587301587301589,0.0,-0.4,1.0,0.0,0.0,0.0,0.0,0.0,1.0,STU-13079,2.61
0.9916229180353342,0.48644112932208605,-0.41019682025507787,1.8120042084018568,-1.0603174603174605,1.257918552036199,-0.4,0.0,0.0,0.0,0.0,1.0,0.0,1.0,STU-10411,4.33
0.3540718160611903,0.84496358247907,0.3003216315375334,1.9524913799588537,0.12222222222222218,-0.4479638009049774,-0.8,0.0,1.0,0.0,0.0,0.0,1.0,0.0,STU-10775,4.33
-0.45588747123554063,-0.7545981316059366,-1.351016242618505,-0.061158079024773375,-0.3238095238095237,-0.2601809954751132,-1.0,0.0,0.0,0.0,1.0,0.0,0.0,1.0,STU-13244,2.51
1.1496637545810382,0.5002304544435082,1.0667806976328347,-0.8884714226382012,0.8031746031746034,-0.8529411764705882,-1.2,0.0,0.0,1.0,0.0,0.0,0.0,1.0,STU-11220,5.0
-0.01409149634641503,0.4450731539578183,-1.5667871835003102,3.11541296673622,-0.7301587301587302,0.7285067873303167,-0.2,0.0,1.0,0.0,0.0,0.0,0.0,1.0,STU-13056,3.73
1.2089290682856766,-0.28576107747757284,1.0667806976328347,-0.3265227364102125,0.0,0.32352941176470584,1.0,0.0,0.0,0.0,1.0,0.0,0.0,1.0,STU-13479,4.4
0.5354595943693268,0.6519130307791559,0.1557478361318787,0.5242051357960484,0.7619047619047619,1.4841628959276016,0.0,0.0,0.0,0.0,1.0,0.0,1.0,0.0,STU-10195,4.8
-0.7755609815211669,-0.7132301562416689,0.5081010560903828,-0.27969367922454635,0.0,0.3031674208144796,-0.8,0.0,0.0,1.0,0.0,0.0,1.0,0.0,STU-14701,3.57
0.2921126244608863,0.6105450554148881,1.0667806976328347,-0.045548393296217765,1.6222222222222227,1.1199095022624435,0.0,1.0,0.0,0.0,0.0,0.0,1.0,0.0,STU-14906,5.14
-0.65703035411189,0.045182725436566686,-1.0324207045904966e-15,-0.8572520511810907,-0.6063492063492065,-0.46832579185520357,1.0,0.0,0.0,1.0,0.0,0.0,1.0,0.0,STU-14014,3.09
-1.689683547450293,-0.547758254784599,-1.6343518215542088,0.07152424966794618,-0.5095238095238095,-0.3914027149321268,0.4,0.0,1.0,0.0,0.0,0.0,1.0,0.0,STU-13869,2.07
1.3786433757125969,0.14170800128652436,1.0667806976328347,-0.7479842510812043,0.0,-0.5203619909502262,-0.8,0.0,0.0,0.0,1.0,0.0,0.0,1.0,STU-12079,4.93
0.687214715825144,0.12791867616510097,1.0362676352859126,1.1954216221239238,0.5317460317460317,0.5927601809954751,0.8,0.0,0.0,0.0,0.0,1.0,1.0,0.0,STU-14115,4.67
-0.39033644244101556,0.5691770800506203,0.513186566481536,0.375913121374774,0.0,0.5927601809954751,-1.2,0.0,0.0,1.0,0.0,0.0,1.0,0.0,STU-12626,3.95
-0.3526221519016998,0.15549732640794653,-0.25835801000491837,0.8754230646885424,-0.18730158730158727,-0.2714932126696833,0.4,0.0,0.0,0.0,0.0,1.0,0.0,1.0,STU-12261,3.85
1.3786433757125969,1.3827472622145458,-0.6281472655902347,-0.0221338647033847,0.2063492063492065,0.4434389140271493,0.2,0.0,0.0,0.0,1.0,0.0,1.0,0.0,STU-10866,4.67
-0.5753160579433731,-1.3337497867056802,-3.5922733221483676,0.6100584073031026,-1.5349206349206352,-0.7579185520361992,-0.4,1.0,0.0,0.0,0.0,0.0,1.0,0.0,STU-10043,1.78
0.38550039151061943,1.1345394100289417,0.2952361211463792,-1.2631038801235275,0.5031746031746033,0.0,-1.2,0.0,1.0,0.0,0.0,0.0,1.0,0.0,STU-12492,4.44
0.0981534159729766,1.203486035636054,1.0667806976328347,0.5476196643888815,1.4920634920634923,-0.04977375565610854,-0.2,0.0,0.0,0.0,0.0,1.0,1.0,0.0,STU-11325,6.01
-0.6489487204248935,-0.7683874567273588,-1.0625951532916476,-0.6074970795242065,-0.5349206349206349,-0.1855203619909503,0.6,0.0,0.0,0.0,1.0,0.0,0.0,1.0,STU-11271,3.31
-0.8851120159448931,-1.264803161098568,-0.6216087522301798,1.6949315654376922,-0.5365079365079365,1.1674208144796379,-0.6,1.0,0.0,0.0,0.0,0.0,1.0,0.0,STU-12916,3.38
0.7850922793676539,1.0380141341789841,0.9519934630896522,-0.6777406653027057,0.13015873015873022,0.49095022624434387,-1.2,0.0,0.0,0.0,0.0,1.0,0.0,1.0,STU-13061,5.15
0.027214631387121803,-0.21681445187046075,1.0667806976328347,0.30566953559627547,1.5666666666666669,-0.8031674208144796,0.4,0.0,0.0,0.0,0.0,1.0,0.0,1.0,STU-12258,5.0
0.21847996197936473,-1.1131205847629204,1.0667806976328347,0.05591456393939127,-0.006349206349206215,1.3009049773755654,-0.6,0.0,0.0,0.0,1.0,0.0,1.0,0.0,STU-11936,3.31
-0.21613233852131997,1.1207500849075196,1.0667806976328347,-0.28749852208882454,0.6523809523809527,-0.8642533936651584,0.0,0.0,0.0,0.0,0.0,1.0,0.0,1.0,STU-10837,5.31
1.3786433757125969,0.8035956071148022,1.0667806976328347,-1.3255426230377487,2.673015873015874,0.0,-1.2,0.0,0.0,1.0,0.0,0.0,0.0,1.0,STU-14152,5.64
0.4555412167979199,-0.299550402598995,1.0667806976328347,-0.5450583366099861,1.2460317460317463,-0.6153846153846154,0.6,0.0,0.0,1.0,0.0,0.0,1.0,0.0,STU-13030,4.45
-0.19996907114732695,-0.547758254784599,0.5044685486681304,0.05591456393939127,0.5269841269841271,0.4547511312217194,-0.4,0.0,0.0,0.0,1.0,0.0,1.0,0.0,STU-14513,4.48
1.1523576324767035,0.6794916810220002,0.48485300858796554,1.585663765337805,0.07936507936507937,0.7126696832579185,0.0,0.0,0.0,0.0,1.0,0.0,1.0,0.0,STU-10642,3.31
-8.470459689963851,0.7622276317505344,1.0667806976328347,-0.7401794082169267,0.7587301587301588,-0.1855203619909503,-0.4,0.0,0.0,0.0,0.0,1.0,1.0,0.0,STU-11881,4.99
1.3786433757125969,-1.2247380995076246e-15,1.0667806976328347,0.6646923073530462,2.4238095238095245,0.45022624434389147,-0.6,1.0,0.0,0.0,0.0,0.0,1.0,0.0,STU-12476,6.0
0.313663647626209,1.1759073853932094,-0.818490654516272,-1.4192007374090796,-0.42698412698412697,0.28506787330316735,0.0,0.0,1.0,0.0,0.0,0.0,0.0,1.0,STU-10850,4.25
-0.7522140397587344,-1.1682778852486104,-2.6427358819715345,-0.34993726500304556,-1.7476190476190478,0.0,-1.0,0.0,0.0,0.0,1.0,0.0,1.0,0.0,STU-10037,2.59
1.0248474120818747,1.4379045627002356,0.46959647741450505,-0.061158079024773375,0.009523809523809604,-0.823529411764706,0.8,0.0,0.0,0.0,0.0,1.0,0.0,1.0,STU-10353,4.6
1.3786433757125969,-1.375117762069948,0.5211780828104917,0.2276211069534988,0.0,0.328054298642534,-0.4,1.0,0.0,0.0,0.0,0.0,1.0,0.0,STU-11492,4.92
0.901826988179821,1.7688483656143752,1.0667806976328347,-0.5762777080670967,1.1619047619047618,-0.665158371040724,0.6,0.0,0.0,1.0,0.0,0.0,0.0,1.0,STU-11040,6.02
-1.2335202237842855,-1.3613284369485246,-1.7883701362577193,0.6646923073530462,-1.6063492063492064,0.4321266968325792,0.6,0.0,1.0,0.0,0.0,0.0,1.0,0.0,STU-10555,2.96
0.7150514540803534,0.14170800128652436,1.0667806976328347,1.000300550516983,0.577777777777778,-0.3144796380090497,0.6,0.0,0.0,0.0,1.0,0.0,1.0,0.0,STU-14286,5.32
1.2502351960192122,-1.2247380995076246e-15,1.0667806976328347,-0.357742107867323,0.666666666666667,-0.21040723981900447,-0.4,0.0,1.0,0.0,0.0,0.0,1.0,0.0,STU-12387,4.57
-0.004213944062308618,-1.2234351857343002,1.0667806976328347,0.4305470214247169,1.3412698412698416,1.3484162895927603,0.0,0.0,1.0,0.0,0.0,0.0,1.0,0.0,STU-13012,5.76
0.07929627070331936,-0.658072855755979,-1.393153328716635,-0.8494472083168133,-0.6285714285714286,-0.06787330316742078,-0.6,0.0,0.0,0.0,1.0,0.0,0.0,1.0,STU-10556,3.38
0.0,-0.23060377699188292,0.5909222253177424,-0.7870084654025923,-0.07142857142857133,1.4886877828054297,1.0,0.0,0.0,0.0,0.0,1.0,1.0,0.0,STU-14205,3.29
-0.06437721706550141,-1.747429540348354,-1.7767461125065112,0.9144472790099297,-0.004761904761904661,-0.9502262443438915,1.8,1.0,0.0,0.0,0.0,0.0,1.0,0.0,STU-14465,3.52
1.3786433757125969,1.5344298385501933,1.0667806976328347,-0.5450583366099861,0.1444444444444445,-0.5339366515837104,-1.0,0.0,0.0,1.0,0.0,0.0,1.0,0.0,STU-12676,4.61
-0.9371936552610919,-1.264803161098568,-0.2162209239067882,1.3202991079523658,-0.8587301587301589,-0.47511312217194573,0.4,0.0,0.0,1.0,0.0,0.0,1.0,0.0,STU-10572,3.54
0.8263984071011895,0.4588624790792405,-0.892593805930225,-0.08457260761760575,-0.40793650793650804,-0.13800904977375572,-0.8,0.0,1.0,0.0,0.0,0.0,1.0,0.0,STU-13917,4.0
-0.25833642555341113,-0.12028917602050308,0.7064359613453758,0.29786469273199734,0.29682539682539705,0.085972850678733,-0.4,0.0,0.0,0.0,0.0,1.0,1.0,0.0,STU-14082,4.59
0.5875412336855244,-1.140699235005766,1.0667806976328347,0.2276211069534988,0.377777777777778,0.42307692307692313,-0.8,1.0,0.0,0.0,0.0,0.0,1.0,0.0,STU-14940,4.37
-0.1299282458600265,-0.7821767818487809,-2.2649551100572625,0.594448721574547,-1.7158730158730162,0.909502262443439,0.0,0.0,1.0,0.0,0.0,0.0,1.0,0.0,STU-12451,3.49
0.0,0.07276137567941103,0.02933657783748813,-0.6153019223884847,-1.1523809523809525,0.8755656108597285,-0.8,0.0,0.0,1.0,0.0,0.0,0.0,1.0,STU-10356,3.53
-1.6070712919832206,-1.5543789886484398,-0.2801530545384349,-1.7470041377087404,-1.242857142857143,-0.832579185520362,0.0,0.0,0.0,0.0,0.0,1.0,1.0,0.0,STU-14404,2.25
1.3786433757125969,1.4516938878216579,1.0667806976328347,1.6871267225734146,1.3809523809523814,-0.4886877828054299,-0.4,0.0,1.0,0.0,0.0,0.0,1.0,0.0,STU-13785,5.56
-0.2143364199242088,1.0518034593004075,0.17027786582088936,-2.2309043952939525,0.7126984126984128,-0.006787330316742138,2.0,1.0,0.0,0.0,0.0,0.0,0.0,1.0,STU-11292,4.82
-1.9931937903619277,0.6243343805363103,-3.1055173275665173,0.2276211069534988,-1.5174603174603176,-0.26923076923076933,-1.2,0.0,0.0,0.0,0.0,1.0,1.0,0.0,STU-10190,2.12
-0.38045889015690915,-0.36849702820610714,1.0667806976328347,1.062739293431204,-0.011111111111111158,-0.3710407239819004,1.4,0.0,0.0,1.0,0.0,0.0,1.0,0.0,STU-11012,3.73
-0.9802957015917374,-0.9614380084272741,-0.6862673843462763,0.9768860219241507,-0.5396825396825399,1.4411764705882353,-0.2,0.0,0.0,0.0,0.0,1.0,1.0,0.0,STU-13540,3.45
0.44745958311092343,-0.5753369050274446,-0.07600613740783786,-0.7089600367598162,0.18253968253968264,-0.08144796380090505,-0.4,0.0,0.0,0.0,0.0,1.0,1.0,0.0,STU-10220,4.53
1.1846841672246884,-0.40986500357037486,0.519725079841591,1.6090782939306387,-0.10317460317460325,0.14479638009049767,-0.6,0.0,0.0,0.0,1.0,0.0,1.0,0.0,STU-10855,4.48
-0.3481323554089244,1.7688483656143752,-0.04549307506091579,0.29786469273199734,0.8365079365079369,-0.49321266968325794,1.0,0.0,0.0,0.0,0.0,1.0,1.0,0.0,STU-13774,4.8
0.5417453094592134,-0.12028917602050308,-0.054937594358772254,-0.045548393296217765,0.0,0.11312217194570136,0.4,0.0,0.0,1.0,0.0,0.0,1.0,0.0,STU-14798,3.49
-1.9204590871789622,-2.423106471298055,-2.695770490336422,-1.0367634370594765,-1.3555555555555556,0.40723981900452483,0.0,0.0,0.0,0.0,0.0,1.0,1.0,0.0,STU-10724,2.32
-1.9267448022688483,-0.6856515059988245,-0.979773984064288,-1.5674927518303547,-0.40793650793650804,-0.574660633484163,0.6,0.0,1.0,0.0,0.0,0.0,1.0,0.0,STU-11647,2.89
1.3786433757125969,0.6932810061434224,0.27997958997291866,0.9846908647884282,0.5174603174603175,0.9253393665158373,0.0,1.0,0.0,0.0,0.0,0.0,1.0,0.0,STU-12199,5.09
0.0,-0.35470770308468497,-0.5910956898832577,-0.24847430776743584,0.1571428571428572,-0.4819004524886878,-0.6,0.0,0.0,0.0,0.0,1.0,1.0,0.0,STU-14131,3.99
-0.3975201168294565,0.7208596563862679,-0.15955380811964737,0.5476196643888815,0.17142857142857146,-0.2918552036199095,0.2,1.0,0.0,0.0,0.0,0.0,0.0,1.0,STU-12788,4.34
0.0,-0.8924913828201607,0.4122028601429133,-1.4582249517304682,0.1476190476190476,-0.6018099547511313,0.6,0.0,0.0,0.0,0.0,1.0,1.0,0.0,STU-13587,4.03
0.6809290007352587,1.0655927844218296,1.0667806976328347,-0.8650568940453682,-0.08888888888888899,1.1900452488687785,1.2,0.0,0.0,0.0,1.0,0.0,1.0,0.0,STU-14784,4.98
1.3786433757125969,0.9966461588147175,1.0667806976328347,-0.17823072198893733,1.247619047619048,0.17873303167420815,-1.2,1.0,0.0,0.0,0.0,0.0,0.0,1.0,STU-10297,5.63
-1.1167855149721184,1.3138006366074337,1.0667806976328347,1.1720070935310913,0.8238095238095239,0.6312217194570136,0.0,0.0,0.0,0.0,0.0,1.0,0.0,1.0,STU-12062,4.92
1.0131739412006582,0.78980628199338,0.1615598480074838,1.9759059085516861,0.2492063492063493,0.04751131221719456,-1.2,0.0,0.0,0.0,1.0,0.0,1.0,0.0,STU-14793,4.63
0.2148881247851449,-0.5753369050274446,-0.12322873389712122,-0.8884714226382012,-0.20476190476190467,-0.4343891402714932,-1.0,0.0,0.0,0.0,1.0,0.0,1.0,0.0,STU-14682,4.4
-1.7264998786910533,-0.7132301562416689,0.6882734242341128,-0.15481619339610495,-0.12380952380952373,-0.49321266968325794,0.8,1.0,0.0,0.0,0.0,0.0,1.0,0.0,STU-13409,3.9
-0.6318874937523462,0.9139102080861821,0.43181840022307816,0.3837179642390514,0.0,-0.41855203619909503,-1.2,0.0,0.0,0.0,1.0,0.0,0.0,1.0,STU-10021,5.42
1.3786433757125969,-1.2247380995076246e-15,0.4877590145257681,0.5866438787102695,-0.3269841269841271,1.1764705882352942,1.0,0.0,0.0,1.0,0.0,0.0,0.0,1.0,STU-13703,4.51
-0.40380583191934183,-1.085541934520076,-1.0324207045904966e-15,2.1163930801086845,-1.607936507936508,-0.21945701357466058,-0.6,0.0,0.0,0.0,0.0,1.0,1.0,0.0,STU-13988,2.44
-0.05629558337850618,-0.28576107747757284,-0.049125582483168194,-1.38641860024038e-15,-0.8285714285714286,7.729979601876334,0.2,0.0,0.0,0.0,0.0,1.0,1.0,0.0,STU-14058,4.07
0.6369289951060564,1.4103259124573913,0.11433725151819941,-0.8806665797739238,-0.034920634920635026,0.328054298642534,0.6,0.0,0.0,0.0,1.0,0.0,1.0,0.0,STU-12442,4.14
0.8533371860578445,1.162118060271786,0.36280075920027827,0.414937335696162,0.5079365079365082,-0.10633484162895922,0.4,1.0,0.0,0.0,0.0,0.0,1.0,0.0,STU-10105,5.14
-0.17482621078778313,-0.1064998508990809,0.003182524397269356,0.4305470214247169,-0.15238095238095226,-0.832579185520362,0.0,0.0,0.0,0.0,1.0,0.0,1.0,0.0,STU-10093,3.39
-0.5636425870621556,-1.9680587422911135,-2.1131162998071034,-1.38641860024038e-15,-1.1,0.5656108597285066,1.0,0.0,0.0,0.0,0.0,1.0,1.0,0.0,STU-11263,2.48
1.3786433757125969,1.7688483656143752,1.0667806976328347,1.1173731934811477,2.396825396825397,-0.8665158371040724,-1.0,1.0,0.0,0.0,0.0,0.0,0.0,1.0,STU-11791,7.0
1.3786433757125969,-0.9338593581844286,0.9105828784759719,0.32908406418910785,0.0,0.5859728506787332,0.4,0.0,0.0,1.0,0.0,0.0,0.0,1.0,STU-11987,5.21
0.24003098514468746,0.0038147500722989394,-0.2968625886807962,0.8051794789100425,0.847619047619048,-0.5113122171945702,0.0,0.0,0.0,0.0,1.0,0.0,1.0,0.0,STU-14157,3.11
-0.835724254524361,1.5482191636716156,0.3562622458402233,0.516400292931771,0.646031746031746,-0.45701357466063347,-0.6,0.0,1.0,0.0,0.0,0.0,1.0,0.0,STU-10126,4.68
0.7770106456806574,-1.5819576388912842,0.3083131478664891,0.8676182218242635,0.0,-0.5203619909502262,0.2,0.0,0.0,0.0,0.0,1.0,1.0,0.0,STU-14158,4.48
0.21309220618803373,-0.21681445187046075,0.2610905513772047,0.46957123574610554,1.1333333333333333,0.6515837104072398,0.6,0.0,1.0,0.0,0.0,0.0,1.0,0.0,STU-10229,4.14
0.8443575930722924,-0.02376390017054541,-0.9957570167221993,-1.38641860024038e-15,-0.46349206349206357,0.4751131221719456,-0.2,0.0,0.0,0.0,0.0,1.0,1.0,0.0,STU-11834,3.18
1.3786433757125969,1.1759073853932094,1.0667806976328347,1.21103130785248,0.5492063492063495,-0.16968325791855204,-0.4,0.0,1.0,0.0,0.0,0.0,0.0,1.0,STU-12160,5.03
0.6333371579118366,-0.9890166586701185,-0.8940468088991258,-1.38641860024038e-15,-0.4571428571428571,1.7036199095022626,-0.2,1.0,0.0,0.0,0.0,0.0,1.0,0.0,STU-11354,4.25
0.6171738905378437,-0.9338593581844286,-0.6572073249682561,-0.1314016648032719,-1.0317460317460319,0.5837104072398188,-0.4,0.0,0.0,0.0,0.0,1.0,1.0,0.0,STU-13367,3.42
-0.8716426264665669,-1.2247380995076246e-15,-1.1163562631409858,0.5632293501174371,0.17936507936507953,-1.0407239819004523,1.4,0.0,0.0,0.0,1.0,0.0,1.0,0.0,STU-13586,3.6
-1.9752346043908253,0.12791867616510097,-2.1792279348921006,0.6959116788101567,-0.1476190476190476,2.357466063348417,0.6,0.0,0.0,0.0,1.0,0.0,0.0,1.0,STU-12884,3.23
-0.9776018236960718,0.2520226022579042,-1.6852069254657456,0.9222521218742071,-0.9761904761904763,0.984162895927602,-0.6,0.0,0.0,0.0,0.0,1.0,1.0,0.0,STU-10127,4.26
0.10533709036141752,1.6861124148858408,-1.4214868866102055,-0.09237745048188391,-0.38888888888888884,-0.6334841628959276,-0.2,0.0,0.0,1.0,0.0,0.0,0.0,1.0,STU-11909,4.42
-0.2143364199242088,-2.0645840181410713,-1.190459414554939,-0.8962762655024787,-1.4761904761904765,-0.5701357466063348,1.0,1.0,0.0,0.0,0.0,0.0,1.0,0.0,STU-12761,2.82
0.5058269375170076,0.4588624790792405,-1.6278133081941544,0.12615814971788977,-1.3444444444444446,-1.0475113122171946,0.4,0.0,0.0,0.0,0.0,1.0,1.0,0.0,STU-13503,3.49
0.5228881641895549,-0.13407850114192527,-0.347717692592333,0.7349358931315447,-0.9539682539682541,0.0,-0.4,0.0,0.0,1.0,0.0,0.0,0.0,1.0,STU-12832,3.93
1.3786433757125969,0.8311742573576478,0.5662211748464244,0.7661552645886552,0.4873015873015874,-0.6515837104072398,0.2,0.0,0.0,0.0,0.0,1.0,1.0,0.0,STU-11856,5.26
0.7303167621557909,0.18307597665079087,1.0667806976328347,-0.0221338647033847,0.9809523809523814,-0.11312217194570136,0.0,0.0,0.0,0.0,1.0,0.0,1.0,0.0,STU-14396,5.03
-0.5340099302098363,-2.1197413186267613,-2.814916733786308,0.13396299258216723,-1.2603174603174605,0.09502262443438912,-0.4,0.0,1.0,0.0,0.0,0.0,1.0,0.0,STU-11350,2.13
-1.0368671374007117,1.4379045627002356,0.8488302522976778,0.7115213645387116,0.1634920634920634,-0.17873303167420815,0.6,0.0,1.0,0.0,0.0,0.0,0.0,1.0,STU-12209,4.28
-0.5609487091664901,-1.0579632842772306,-0.8504567198320948,-0.10798713621043882,-0.44761904761904775,0.19909502262443438,-1.2,0.0,0.0,0.0,1.0,0.0,0.0,1.0,STU-14468,2.91
0.8695004534318362,0.2382332771364808,0.07220016542006921,-1.044568279923754,-0.033333333333333194,0.02714932126696835,1.0,0.0,0.0,0.0,0.0,1.0,1.0,0.0,STU-13317,4.45
0.6468065473901629,0.07276137567941103,0.3569887473246742,1.2578603650381448,0.12222222222222218,-0.02262443438914019,0.6,0.0,0.0,0.0,1.0,0.0,0.0,1.0,STU-13339,4.79
-1.3610304441791146,0.3347585529864385,-0.8395591975653366,-2.558707795593613,-0.5000000000000001,-0.02488687782805437,-0.4,1.0,0.0,0.0,0.0,0.0,1.0,0.0,STU-10755,3.2
-0.6121323891841334,0.03139340031514451,0.23638950090588667,0.2822550070034424,-0.0920634920634921,0.6561085972850678,-1.2,0.0,0.0,1.0,0.0,0.0,1.0,0.0,STU-14939,4.35
0.3558677346583002,1.203486035636054,1.0667806976328347,0.07932909253222434,-0.20158730158730157,-0.753393665158371,-0.8,1.0,0.0,0.0,0.0,0.0,1.0,0.0,STU-10773,4.46
-1.1365406195403314,-1.3613284369485246,-0.39203428314381483,-3.0113886817217153,-0.34920634920634913,-0.39592760180995473,-0.2,0.0,0.0,0.0,0.0,1.0,1.0,0.0,STU-11986,2.61
-0.7602956734457296,-0.5891262301488668,-1.0324207045904966e-15,0.2588404784106093,-0.7365079365079366,0.18099547511312214,-0.8,1.0,0.0,0.0,0.0,0.0,1.0,0.0,STU-14867,2.73
-1.114091637076453,-1.8301654910768894,-0.520625045891557,-0.7948133082668697,-1.134920634920635,-0.3823529411764707,-0.8,0.0,0.0,0.0,1.0,0.0,0.0,1.0,STU-11229,3.3
0.9395412787191367,-0.299550402598995,-0.3375466718100256,-0.08457260761760575,-0.022222222222222317,-0.925339366515837,0.2,0.0,0.0,0.0,0.0,1.0,1.0,0.0,STU-10440,4.73
0.39268406589906035,1.7688483656143752,1.03263512786366,0.2276211069534988,1.2571428571428573,-1.097285067873303,-0.2,0.0,0.0,0.0,0.0,1.0,1.0,0.0,STU-12709,5.68
-0.6534385169176689,-1.0165953089129627,-2.60859031220236,-1.5050540089161337,-1.5444444444444447,-0.02262443438914019,0.2,0.0,0.0,1.0,0.0,0.0,0.0,1.0,STU-14323,3.16
-0.26821397783751755,-0.8097554320916265,-1.12216827501659,-1.497249166051856,-0.5619047619047619,0.4004524886877827,1.0,1.0,0.0,0.0,0.0,0.0,0.0,1.0,STU-10599,3.63
0.9745616913627869,1.630955114400151,-0.06292911068772795,-0.24847430776743584,-0.09682539682539675,1.2398190045248867,-0.8,0.0,0.0,0.0,0.0,1.0,1.0,0.0,STU-10562,4.48
0.583051437192749,1.1069607597860962,0.7536585578346592,-0.08457260761760575,0.3666666666666668,-0.7352941176470589,0.2,0.0,1.0,0.0,0.0,0.0,1.0,0.0,STU-14709,4.74
-0.9901732538758438,0.5140197795649304,-0.8272086723296775,1.6949315654376922,-0.5809523809523811,-0.21493212669683262,-0.8,0.0,0.0,0.0,1.0,0.0,1.0,0.0,STU-10784,4.01
-0.14070375744268848,-1.140699235005766,-0.6521218145771018,-0.5216438080171532,-0.6793650793650794,1.3642533936651584,-1.2,0.0,0.0,1.0,0.0,0.0,1.0,0.0,STU-11370,3.27
0.12688811352674154,-0.2443931021133051,1.0667806976328347,-0.6465212938455952,0.6507936507936508,0.20135746606334834,0.4,0.0,0.0,0.0,1.0,0.0,1.0,0.0,STU-14313,4.75
-1.1491120497201033,0.7622276317505344,-1.0324207045904966e-15,0.5007906072032161,0.7571428571428575,0.8936651583710408,0.8,0.0,0.0,0.0,0.0,1.0,0.0,1.0,STU-10483,6.13
-2.1386631967278595,-1.0165953089129627,0.1361322960517149,-1.185055451480751,-0.3841269841269842,0.0,-0.4,0.0,0.0,0.0,0.0,1.0,1.0,0.0,STU-11014,3.26
1.1415821208940415,-0.6856515059988245,1.0667806976328347,-0.4592050651029321,0.07936507936507937,-0.29864253393665163,-1.2,0.0,0.0,0.0,1.0,0.0,1.0,0.0,STU-12224,3.61
-1.181438584468088,-0.34091837796326274,0.15138882722517644,-0.08457260761760575,-0.3920634920634922,-0.2601809954751132,0.2,0.0,0.0,0.0,0.0,1.0,0.0,1.0,STU-13470,3.49
-0.17482621078778313,0.36233720322928403,0.7340430177544953,0.9144472790099297,0.0,-0.12443438914027145,-0.2,0.0,0.0,0.0,1.0,0.0,0.0,1.0,STU-13644,4.04
-1.1293569451518903,-2.299002545205253,-1.832686726809201,-0.2016452505817704,-0.6206349206349208,0.17873303167420815,-0.6,0.0,0.0,0.0,1.0,0.0,1.0,0.0,STU-13674,2.56
-0.5340099302098363,-1.2247380995076246e-15,1.0667806976328347,0.11054846398933486,0.40158730158730155,-0.40045248868778294,-0.4,0.0,0.0,1.0,0.0,0.0,0.0,1.0,STU-12913,4.07
-0.28347928591295496,0.8725422327219143,-0.8054136277961621,-0.8650568940453682,-0.1634920634920634,0.4457013574660633,-0.4,0.0,0.0,0.0,0.0,1.0,0.0,1.0,STU-14539,3.74
0.6306432800161711,0.4588624790792405,-0.01062100380729041,-0.25627915063171397,0.6095238095238096,0.33484162895927594,0.0,0.0,0.0,0.0,1.0,0.0,1.0,0.0,STU-14258,4.65
0.9476229124061332,-0.009974575049123234,0.9054973680848186,-2.137246280922622,1.1666666666666667,-0.1628959276018099,0.0,1.0,0.0,0.0,0.0,0.0,0.0,1.0,STU-11603,5.13
1.353500515353053,0.84496358247907,-0.10942520569256145,1.0315199219740943,-0.4698412698412698,-0.3687782805429864,0.0,0.0,1.0,0.0,0.0,0.0,1.0,0.0,STU-12049,4.82
-0.7207854643093039,-0.16165715138477083,-0.3208371376676633,-1.1772506086164733,0.3190476190476191,0.23529411764705885,0.4,0.0,0.0,0.0,0.0,1.0,1.0,0.0,STU-10376,3.84
-0.7450303653702934,-0.6856515059988245,-0.6521218145771018,0.2510356355463319,-1.2222222222222225,-0.17647058823529418,-1.2,0.0,0.0,0.0,1.0,0.0,0.0,1.0,STU-11310,3.27
-0.45768338983265056,-2.0645840181410713,-0.8555422302232479,0.3524985927819409,0.0,0.572398190045249,-0.2,0.0,0.0,0.0,0.0,1.0,0.0,1.0,STU-11786,3.1
-0.21792825711842986,-1.9404800920482692,-1.0081075419578585,0.5866438787102695,-1.1984126984126986,-0.3212669683257918,-1.2,0.0,0.0,0.0,0.0,1.0,1.0,0.0,STU-12375,2.5
0.0,-1.3613284369485246,-0.32737565102771826,0.6100584073031026,-1.2444444444444447,0.7171945701357468,1.0,1.0,0.0,0.0,0.0,0.0,0.0,1.0,STU-14234,1.84
1.1559494696709234,0.34854787810786064,0.3700657740447831,0.8051794789100425,0.1444444444444445,0.9705882352941176,0.8,1.0,0.0,0.0,0.0,0.0,1.0,0.0,STU-13550,4.86
-0.30233643118261216,-1.871533466441156,-1.0324207045904966e-15,1.6012734510663613,-0.5460317460317461,0.24660633484162894,0.2,1.0,0.0,0.0,0.0,0.0,1.0,0.0,STU-14435,3.59
-0.8788263008550078,-1.6509042644983976,-0.6332327759813889,-0.12359682193899443,-0.44444444444444436,-0.5588235294117647,-0.6,0.0,0.0,1.0,0.0,0.0,1.0,0.0,STU-11133,2.93
0.08199014859898487,-0.07892120065623533,0.04822561643320209,0.656887464488768,-0.5873015873015873,0.6651583710407241,-0.2,0.0,0.0,0.0,1.0,0.0,1.0,0.0,STU-14231,3.93
1.1577453882680346,1.0518034593004075,0.8619072790177877,-1.224079665802139,-0.3047619047619048,-0.6764705882352942,-0.4,0.0,0.0,0.0,0.0,1.0,0.0,1.0,STU-11336,4.33
1.3786433757125969,-0.5201796045417547,-0.0527580899054206,0.05591456393939127,0.8015873015873015,0.9728506787330317,-0.6,0.0,0.0,0.0,0.0,1.0,1.0,0.0,STU-12240,4.61
0.08378606719609479,-1.140699235005766,1.0667806976328347,-0.5372534937457081,0.6238095238095239,0.6674208144796381,-0.4,0.0,0.0,0.0,0.0,1.0,1.0,0.0,STU-14431,4.05
-0.6291936158566807,1.7688483656143752,0.6715638900917504,-1.2162748229378615,0.014285714285714266,-0.31900452488687786,0.2,1.0,0.0,0.0,0.0,0.0,1.0,0.0,STU-14060,5.15
-0.5968670811086959,-1.2785924862199902,-1.3844353109032286,-1.4270055802733577,-0.38888888888888884,1.8416289592760182,-0.2,1.0,0.0,0.0,0.0,0.0,1.0,0.0,STU-12664,4.31
-0.28437724521150926,-1.0165953089129627,0.46596396999225265,-0.6621309795741501,-1.058730158730159,-0.4366515837104073,-0.8,0.0,1.0,0.0,0.0,0.0,1.0,0.0,STU-14782,3.67
-0.5968670811086959,-1.871533466441156,-0.9855859959398919,-1.38641860024038e-15,0.012698412698412712,-0.5927601809954751,0.6,0.0,0.0,0.0,1.0,0.0,0.0,1.0,STU-14845,3.04
0.0,0.045182725436566686,-0.6913528947374304,0.4929857643389379,-0.43333333333333346,0.085972850678733,-0.4,0.0,0.0,1.0,0.0,0.0,1.0,0.0,STU-10399,3.53
0.43668407152826266,-0.18923580162761516,-0.886781794054621,1.1251780363454251,-0.14920634920634915,-0.07692307692307689,0.2,0.0,0.0,0.0,1.0,0.0,1.0,0.0,STU-11061,3.29
0.44476570521525793,1.148328735150364,0.29814212708418175,0.4071324928318845,-0.08888888888888899,-0.753393665158371,1.4,0.0,0.0,0.0,0.0,1.0,0.0,1.0,STU-14762,4.57
1.3786433757125969,1.7688483656143752,-1.0324207045904966e-15,0.10274362112505671,1.936507936507937,0.6493212669683258,0.8,0.0,0.0,1.0,0.0,0.0,0.0,1.0,STU-10067,5.54
-0.903071201915996,0.541598429807776,-0.4421628855709007,0.8285940075028763,0.11587301587301596,0.18099547511312214,1.0,0.0,0.0,1.0,0.0,0.0,0.0,1.0,STU-10684,4.22
1.0526841503370838,-0.6856515059988245,-0.3375466718100256,-2.199685023836842,-0.4698412698412698,0.39592760180995473,-0.6,0.0,0.0,0.0,0.0,1.0,1.0,0.0,STU-10311,4.56
0.49415346663579124,-0.6304942055131345,0.5553236525796662,0.21981626408922136,-0.6444444444444445,-1.158371040723982,0.8,1.0,0.0,0.0,0.0,0.0,1.0,0.0,STU-12900,3.78
0.08109218930042927,-1.2247380995076246e-15,-0.947807918748465,-1.38641860024038e-15,-0.688888888888889,-0.011312217194570096,-1.2,0.0,0.0,0.0,1.0,0.0,1.0,0.0,STU-14556,4.38
-0.5528670754794949,-0.547758254784599,-0.8976793163213792,0.5007906072032161,0.02698412698412698,-0.669683257918552,-1.2,0.0,0.0,0.0,0.0,1.0,0.0,1.0,STU-13816,4.48
-1.041356933893487,-1.375117762069948,-1.638710830460912,-0.8806665797739238,-0.9825396825396826,-0.36425339366515846,-1.2,1.0,0.0,0.0,0.0,0.0,0.0,1.0,STU-13955,2.52
0.22566363636780565,0.2382332771364808,-0.2721615382094792,1.1251780363454251,-1.4825396825396828,-0.3891402714932126,0.4,0.0,1.0,0.0,0.0,0.0,1.0,0.0,STU-11513,3.58
-0.5142548256416235,1.7688483656143752,1.0667806976328347,0.6646923073530462,1.5555555555555556,-0.751131221719457,0.6,0.0,0.0,0.0,0.0,1.0,1.0,0.0,STU-10276,5.06
0.33072487429875636,0.596755730293466,0.9941305491877823,1.6949315654376922,0.0,2.7624434389140275,0.0,0.0,0.0,1.0,0.0,0.0,1.0,0.0,STU-13308,5.38
-1.336785543118125,-1.2923818113414125,-0.669557850203915,0.5788390358459921,-0.42380952380952386,-0.9185520361990952,-0.2,0.0,1.0,0.0,0.0,0.0,0.0,1.0,STU-10640,3.41
0.8542351453563988,0.7208596563862679,1.0667806976328347,-1.38641860024038e-15,1.636507936507937,-0.48416289592760187,0.2,0.0,0.0,0.0,0.0,1.0,0.0,1.0,STU-13369,5.77
-0.4810303315950832,0.3761265283507062,-0.1631863155419008,1.070544136295483,0.1444444444444445,0.5361990950226244,-0.8,0.0,0.0,0.0,1.0,0.0,1.0,0.0,STU-11468,3.64
-1.3556426883877837,-1.2372245108557225,-0.625967761136883,-1.411395894544802,-0.9000000000000001,0.13348416289592757,-0.2,0.0,0.0,0.0,1.0,0.0,1.0,0.0,STU-11208,3.19
-1.5127855656349318,-0.7408088064845144,-2.3579473000669293,0.2510356355463319,-1.3873015873015875,0.0,0.6,0.0,0.0,1.0,0.0,0.0,1.0,0.0,STU-14998,2.51
0.503133059621342,0.43128382883639615,1.0667806976328347,0.14957267831072285,-0.028571428571428532,1.076923076923077,0.2,0.0,0.0,1.0,0.0,0.0,1.0,0.0,STU-12921,4.04
0.0164391198044598,-0.9200700330630064,-0.024424532011850176,0.6959116788101567,-0.10317460317460325,0.7511312217194569,-0.6,1.0,0.0,0.0,0.0,0.0,1.0,0.0,STU-13957,4.36
-0.7602956734457296,-0.175446476506193,-1.8414047446226078,0.6256680930316575,-1.1920634920634923,-0.171945701357466,1.6,0.0,0.0,0.0,0.0,1.0,0.0,1.0,STU-13360,3.82
0.15921464827472626,-1.2247380995076246e-15,-0.9819534885176395,-0.17042587912465987,-0.3285714285714287,1.676470588235294,0.8,0.0,0.0,0.0,1.0,0.0,0.0,1.0,STU-11926,4.47
0.2526024153244594,-0.34091837796326274,0.5545971510952163,0.7115213645387116,0.13968253968253982,0.06561085972850679,-1.2,0.0,0.0,0.0,0.0,1.0,1.0,0.0,STU-13702,3.91
0.5345616350707713,-1.2247380995076246e-15,1.0667806976328347,-1.4894443231875787,1.2158730158730164,0.42760180995475106,0.2,0.0,0.0,0.0,0.0,1.0,1.0,0.0,STU-14669,5.0
0.6369289951060564,-0.5615475799060224,-0.20314389718667933,-0.5996922366599291,-0.4666666666666667,0.8144796380090499,-0.8,0.0,1.0,0.0,0.0,0.0,1.0,0.0,STU-13865,3.7
-0.6713977028887718,0.596755730293466,1.0115665848145945,0.516400292931771,0.20317460317460312,0.3212669683257918,0.8,0.0,0.0,1.0,0.0,0.0,1.0,0.0,STU-12226,4.52
0.42141876345282525,0.017604075193722337,0.3112191538042906,0.8520085360957086,0.00793650793650805,-0.8416289592760181,0.2,1.0,0.0,0.0,0.0,0.0,1.0,0.0,STU-14878,4.1
0.09994933457008778,0.4037051785935506,-0.49156498651353675,-1.38641860024038e-15,-0.7523809523809526,0.22398190045248875,0.0,0.0,0.0,0.0,0.0,1.0,1.0,0.0,STU-14141,3.13
-0.1559690655181259,-0.6167048803917123,0.7420345340834511,1.289079736495256,-0.4,0.0,-0.2,0.0,0.0,0.0,0.0,1.0,0.0,1.0,STU-14692,3.65
-1.1257651079576694,-0.5615475799060224,-0.6172497433234775,-1.5987121232874653,-0.39841269841269844,-0.31900452488687786,-1.2,0.0,0.0,1.0,0.0,0.0,1.0,0.0,STU-13807,2.83
0.7940718723532048,-0.4374436538132192,0.4666904714767025,-1.0211537513309208,0.09047619047619054,0.6289592760180996,-0.2,0.0,0.0,0.0,0.0,1.0,1.0,0.0,STU-12487,4.46
0.8991331102841554,1.6999017400072631,0.6613928693094431,-1.4894443231875787,0.7539682539682544,0.7194570135746607,-0.8,1.0,0.0,0.0,0.0,0.0,1.0,0.0,STU-12265,5.15
0.8263984071011895,0.3209692278650163,1.0667806976328347,-1.3255426230377487,0.731746031746032,0.6289592760180996,1.0,1.0,0.0,0.0,0.0,0.0,1.0,0.0,STU-14000,4.98
0.029010549984231714,1.575797813914461,-0.017159517167345362,-0.9118859512310343,0.11746031746031751,0.48642533936651594,-1.2,0.0,0.0,0.0,1.0,0.0,0.0,1.0,STU-13773,4.69
0.539051431563548,0.3209692278650163,0.2189534652790745,0.009085506753725131,0.9571428571428572,0.25565610859728505,-0.8,0.0,0.0,0.0,0.0,1.0,0.0,1.0,STU-12596,4.58
0.375622839226513,-0.02376390017054541,-0.2322039565646996,0.6724971502173236,0.0,0.22398190045248875,1.0,1.0,0.0,0.0,0.0,0.0,1.0,0.0,STU-11118,5.03
-3.072540867225198,-0.23060377699188292,-1.4331109103614137,0.9300569647384846,-0.7523809523809526,-0.8800904977375567,-0.6,0.0,0.0,1.0,0.0,0.0,1.0,0.0,STU-10691,1.65
1.3050107132310764,1.7688483656143752,1.0667806976328347,-0.12359682193899443,0.9396825396825398,0.036199095022624465,0.0,0.0,0.0,0.0,1.0,0.0,0.0,1.0,STU-12070,6.45
-0.9776018236960718,-1.457853712798482,0.18117538808764763,0.5866438787102695,-0.4063492063492065,0.058823529411764656,0.6,0.0,0.0,0.0,0.0,1.0,1.0,0.0,STU-12447,3.65
-0.29245887889850575,0.6243343805363103,1.0667806976328347,-0.07676776475332829,0.18730158730158727,1.4276018099547512,0.0,0.0,0.0,1.0,0.0,0.0,1.0,0.0,STU-12145,5.38
0.007459526818908979,1.7688483656143752,0.36134775623137755,-0.8728617369096463,-0.461904761904762,-0.11538461538461534,-0.2,0.0,1.0,0.0,0.0,0.0,0.0,1.0,STU-10424,4.77
-0.8599691555853505,-1.2510138359771459,-1.0324207045904966e-15,-0.5606680223385411,0.1841269841269842,0.03393665158371049,0.4,0.0,0.0,0.0,0.0,1.0,1.0,0.0,STU-10313,3.02
-0.07874456584238451,0.1692866515293687,1.0667806976328347,1.2500555221738674,0.0,-0.7963800904977376,-0.8,0.0,0.0,0.0,0.0,1.0,1.0,0.0,STU-12372,5.08
0.06492892192643755,-0.4374436538132192,1.0667806976328347,-0.9118859512310343,0.15555555555555564,-0.011312217194570096,-0.2,1.0,0.0,0.0,0.0,0.0,1.0,0.0,STU-13858,4.2
-0.4774384944008634,-0.6994408311202467,-1.0324207045904966e-15,0.8051794789100425,0.09841269841269859,0.058823529411764656,-0.4,0.0,1.0,0.0,0.0,0.0,1.0,0.0,STU-11830,4.57
1.2439494809293268,0.1003400259222566,1.0667806976328347,-1.6377363376088532,0.25079365079365085,-0.9004524886877828,-1.0,0.0,0.0,1.0,0.0,0.0,0.0,1.0,STU-12215,4.99
-1.80821417485957,-0.547758254784599,-1.350289741134054,0.5788390358459921,-0.6682539682539683,0.6176470588235293,0.6,0.0,0.0,1.0,0.0,0.0,1.0,0.0,STU-11629,2.83
-0.5833976916303684,0.596755730293466,-1.0429796132114837,-1.044568279923754,-0.3365079365079364,0.8348416289592762,0.6,0.0,0.0,1.0,0.0,0.0,1.0,0.0,STU-10771,2.82
-1.1661732763926507,-0.4374436538132192,-1.0324207045904966e-15,0.2276211069534988,-1.4825396825396828,0.33031674208144796,2.0,0.0,0.0,0.0,0.0,1.0,1.0,0.0,STU-14156,2.25
0.0,1.2448540110003217,-0.46686393604221876,-1.0757876513808644,0.43015873015873035,0.2375565610859728,0.4,0.0,1.0,0.0,0.0,0.0,1.0,0.0,STU-13633,3.41
-1.7202141636011679,0.12791867616510097,-1.1119972542342826,-0.7557890939454817,-1.4301587301587304,0.7262443438914027,-0.2,0.0,1.0,0.0,0.0,0.0,0.0,1.0,STU-12861,3.07
-0.2197241757155398,0.5140197795649304,-0.42472684994408855,0.8598133789599861,-0.5698412698412699,1.0610859728506787,-0.8,0.0,0.0,0.0,1.0,0.0,1.0,0.0,STU-11172,3.77
-1.5271529144118137,-0.547758254784599,1.0667806976328347,2.9437064237221118,0.19206349206349224,-0.7149321266968326,0.4,0.0,1.0,0.0,0.0,0.0,0.0,1.0,STU-12764,4.23
0.3783167171221785,0.36233720322928403,-0.3281021525121692,-0.5138389651528756,-0.24444444444444435,2.119909502262444,0.4,0.0,0.0,0.0,0.0,1.0,0.0,1.0,STU-14933,5.24
-0.8231528243445891,-0.13407850114192527,-0.6848143813773755,0.3837179642390514,0.0,-0.13574660633484156,1.0,0.0,0.0,0.0,0.0,1.0,1.0,0.0,STU-13968,3.59
-0.16943845499645213,-0.8649127325773164,-1.930764427210022,0.3134743784605529,-0.7460317460317462,0.14705882352941185,-0.8,0.0,1.0,0.0,0.0,0.0,1.0,0.0,STU-12134,3.32
-0.3193976578551595,-0.4374436538132192,0.41147635865846344,0.6412777787602131,-0.5634920634920634,-0.5090497737556561,-0.6,0.0,0.0,0.0,1.0,0.0,1.0,0.0,STU-10496,3.53
-0.6453568832306736,-1.306171136462836,-0.37750425345480415,1.226640993581035,-0.9015873015873017,1.2149321266968327,-0.6,1.0,0.0,0.0,0.0,0.0,1.0,0.0,STU-14713,3.09
0.6333371579118366,0.34854787810786064,0.4804939996812633,2.561269123372508,0.017460317460317374,0.8099547511312215,-0.4,1.0,0.0,0.0,0.0,0.0,1.0,0.0,STU-10060,4.84
-1.2990712525788093,-0.5201796045417547,-2.068799709255621,-2.4182206240366155,-0.3873015873015873,1.2036199095022624,-0.8,0.0,0.0,0.0,0.0,1.0,1.0,0.0,STU-14222,2.94
1.1900719230160193,1.7688483656143752,1.0667806976328347,-0.045548393296217765,0.8317460317460319,0.36425339366515846,-0.4,0.0,1.0,0.0,0.0,0.0,1.0,0.0,STU-12975,5.3
-0.02037721143630035,0.8863315578433377,0.7957956439327893,0.5007906072032161,-0.7317460317460318,0.7171945701357468,-0.2,0.0,0.0,1.0,0.0,0.0,0.0,1.0,STU-13196,4.13
0.002071771027577977,0.2796012525007486,0.519725079841591,2.2100511944800156,-0.27619047619047626,1.2081447963800906,0.0,0.0,0.0,1.0,0.0,0.0,0.0,1.0,STU-11296,3.94
1.0751331328009623,-0.547758254784599,1.0667806976328347,-1.4035910516805246,1.0507936507936508,-0.21945701357466058,0.0,0.0,0.0,1.0,0.0,0.0,1.0,0.0,STU-14135,4.53
-1.8180917271436763,0.6519130307791559,-0.12177573092822046,1.062739293431204,0.7888888888888891,0.0,0.6,0.0,0.0,0.0,0.0,1.0,0.0,1.0,STU-12015,4.08
-0.29964255328694667,-1.457853712798482,0.005362028850621006,1.8666381084518004,-0.26825396825396824,-0.49095022624434387,0.2,1.0,0.0,0.0,0.0,0.0,1.0,0.0,STU-12026,3.8
1.3786433757125969,-2.1748986191124513,-0.9587054410152223,-2.2309043952939525,-0.173015873015873,0.6289592760180996,0.4,0.0,0.0,0.0,0.0,1.0,1.0,0.0,STU-11949,3.24
0.7788065642777673,1.3413792868502792,0.878616813160149,-0.5138389651528756,-0.17142857142857146,0.13574660633484156,0.2,0.0,0.0,1.0,0.0,0.0,0.0,1.0,STU-14031,4.4
1.3786433757125969,1.1345394100289417,-0.07455313443893608,-0.38896147932443353,0.3222222222222222,0.009049773755656116,-0.8,0.0,0.0,1.0,0.0,0.0,1.0,0.0,STU-11564,4.22
1.3786433757125969,0.9001208829647599,1.0667806976328347,0.7817649503172102,0.8809523809523809,0.7307692307692307,0.0,0.0,0.0,0.0,1.0,0.0,1.0,0.0,STU-11977,5.18
-0.6444589239321181,-1.4992216881627498,-1.0324207045904966e-15,0.5866438787102695,-0.9476190476190477,-0.085972850678733,-1.2,0.0,0.0,1.0,0.0,0.0,1.0,0.0,STU-13112,3.0
0.9242759706436993,-0.658072855755979,1.0667806976328347,1.1173731934811477,0.4841269841269843,-0.9298642533936653,-0.4,0.0,0.0,0.0,1.0,0.0,1.0,0.0,STU-10208,5.07
0.9754596506613425,-0.8787020576987385,-0.23728946695585382,0.8832279075528199,-0.6238095238095239,-0.4705882352941177,0.4,0.0,1.0,0.0,0.0,0.0,1.0,0.0,STU-13851,3.87
1.180194370731913,0.18307597665079087,1.0667806976328347,0.016890349618003283,1.5222222222222228,-0.9389140271493214,0.0,0.0,0.0,1.0,0.0,0.0,1.0,0.0,STU-13642,4.85
-1.7211121228997222,-0.2443931021133051,-1.096014221576371,1.492005650966474,-1.1111111111111114,0.18099547511312214,0.2,1.0,0.0,0.0,0.0,0.0,1.0,0.0,STU-12904,3.26
0.8739902499246116,0.2382332771364808,1.0667806976328347,-2.2777334524796187,0.08571428571428588,-0.5384615384615384,0.0,0.0,0.0,0.0,0.0,1.0,1.0,0.0,STU-10650,4.31
1.3786433757125969,1.3827472622145458,0.7878041276038337,-0.26408399349599143,0.8460317460317461,-0.8257918552036199,-0.8,1.0,0.0,0.0,0.0,0.0,0.0,1.0,STU-10887,5.76
-1.6250304779543234,-1.2247380995076246e-15,0.12741427823830828,-0.28749852208882454,-0.37460317460317455,0.0,0.0,0.0,0.0,1.0,0.0,0.0,1.0,0.0,STU-13209,3.45
0.5444391873548776,-0.49260095429890915,1.0667806976328347,-0.7713987796740374,0.27936507936507937,-0.5248868778280543,0.0,0.0,1.0,0.0,0.0,0.0,1.0,0.0,STU-12889,4.26
0.5471330652505432,-0.36849702820610714,0.4754084892901091,-0.4201808507815441,-0.15238095238095226,0.21266968325791866,-0.6,1.0,0.0,0.0,0.0,0.0,0.0,1.0,STU-14005,5.01
0.5704800070129771,-0.35470770308468497,-1.0324207045904966e-15,-0.37335179359587795,1.815873015873016,-0.011312217194570096,0.6,0.0,0.0,1.0,0.0,0.0,1.0,0.0,STU-12629,4.6
-0.9776018236960718,1.0104354839361398,0.044593109010949684,0.20420657836066575,0.7920634920634922,-0.1855203619909503,0.0,1.0,0.0,0.0,0.0,0.0,0.0,1.0,STU-14315,4.3
-0.19009151886322054,1.6861124148858408,1.0667806976328347,-0.6933503510312606,0.8031746031746034,-0.5294117647058824,0.0,0.0,0.0,0.0,1.0,0.0,1.0,0.0,STU-10442,5.22
1.3786433757125969,1.7688483656143752,1.0667806976328347,0.8051794789100425,0.6952380952380954,0.0,-0.6,0.0,0.0,1.0,0.0,0.0,0.0,1.0,STU-11951,6.22
-0.22870376870109188,-0.9890166586701185,-0.9884920018776945,0.36810827851049654,-0.7936507936507938,1.9162895927601808,-0.4,1.0,0.0,0.0,0.0,0.0,1.0,0.0,STU-11960,3.45
0.3522758974640791,-1.2234351857343002,0.4957505308547238,-0.295303364953102,-0.43492063492063504,0.5927601809954751,1.4,0.0,0.0,1.0,0.0,0.0,1.0,0.0,STU-12412,3.64
1.1909698823145738,-0.6442835306345567,-0.712421437786495,-0.5060341222885975,-0.26190476190476203,-0.47285067873303166,0.0,0.0,0.0,1.0,0.0,0.0,1.0,0.0,STU-14535,3.99
0.5354595943693268,0.84496358247907,1.0667806976328347,-1.5440782232375216,0.8761904761904765,0.812217194570136,0.4,0.0,0.0,0.0,0.0,1.0,1.0,0.0,STU-14355,5.35
0.7850922793676539,0.21065462689363645,-1.1868269071326865,-0.4279856936458215,-0.9492063492063493,0.34162895927601805,-1.0,0.0,1.0,0.0,0.0,0.0,1.0,0.0,STU-13004,3.89
0.0,1.7688483656143752,1.0667806976328347,-0.20945009344604784,1.2174603174603176,-0.5180995475113123,1.2,0.0,1.0,0.0,0.0,0.0,1.0,0.0,STU-13536,5.86
0.5462351059519888,1.217275360757476,1.015199092236848,1.1563974078025365,0.6634920634920638,2.7624434389140275,0.6,0.0,0.0,0.0,0.0,1.0,1.0,0.0,STU-11520,5.32
-1.2757243108163767,-1.8301654910768894,-1.1250742809543925,0.7817649503172102,-1.3079365079365082,0.38461538461538464,1.0,0.0,0.0,0.0,0.0,1.0,1.0,0.0,STU-10428,2.04
1.3786433757125969,1.2448540110003217,0.4586989551477468,-0.13920650766754936,0.04126984126984124,-0.31221719457013575,-1.2,0.0,0.0,1.0,0.0,0.0,0.0,1.0,STU-11871,5.25
0.8973371916870455,1.7688483656143752,1.0667806976328347,-0.966519851280978,0.6952380952380954,0.12443438914027145,1.2,0.0,0.0,0.0,1.0,0.0,1.0,0.0,STU-13922,5.76
-0.02307108933196585,-1.306171136462836,-0.23656296547140293,0.27445016413916495,-0.5095238095238095,-0.7986425339366516,-0.6,0.0,0.0,0.0,0.0,1.0,0.0,1.0,STU-14077,3.41
0.3450922230756382,-1.2096458606128782,-0.32519614657436663,-1.067982808516587,-0.484126984126984,0.4389140271493214,-1.2,0.0,0.0,1.0,0.0,0.0,1.0,0.0,STU-11821,3.42
0.7060718610948026,-0.28576107747757284,1.0667806976328347,-1.2552990372592494,0.39523809523809533,0.7126696832579185,0.4,0.0,1.0,0.0,0.0,0.0,0.0,1.0,STU-13905,4.58
0.16370444476750168,-0.13407850114192527,-0.5184455414382054,-1.38641860024038e-15,-0.5920634920634922,-0.24208144796380096,0.2,0.0,0.0,1.0,0.0,0.0,1.0,0.0,STU-13417,3.93
1.2089290682856766,0.30717990274359414,0.9432754452762455,0.8520085360957086,0.35873015873015873,0.5316742081447965,0.6,0.0,0.0,0.0,1.0,0.0,1.0,0.0,STU-12911,5.12
-0.46307114562398155,-0.478811629177487,-0.2539990010982161,1.4373717509165305,-0.5428571428571429,0.22171945701357457,-0.2,0.0,0.0,0.0,1.0,0.0,1.0,0.0,STU-12725,3.95
0.689010634422254,-0.9614380084272741,0.9730620061387167,1.4998104938307515,0.5079365079365082,-0.20361990950226252,-0.8,0.0,0.0,0.0,1.0,0.0,1.0,0.0,STU-11505,4.8
0.055051369642331136,1.3275899617288558,-0.3695127371258485,1.21103130785248,0.21269841269841272,0.03167420814479631,0.2,0.0,0.0,1.0,0.0,0.0,0.0,1.0,STU-12648,4.92
-2.5912346831996467,-0.7683874567273588,-2.982738576694379,-0.2016452505817704,-1.7476190476190478,1.7013574660633486,-1.2,1.0,0.0,0.0,0.0,0.0,1.0,0.0,STU-10009,2.47
0.22117383987503023,-1.2923818113414125,1.0667806976328347,-0.1626210362603824,0.5698412698412699,0.35294117647058815,0.8,0.0,0.0,0.0,0.0,1.0,1.0,0.0,STU-11477,4.66
-0.6534385169176689,0.1003400259222566,1.0667806976328347,-1.8562719378086268,0.11269841269841285,0.6674208144796381,0.2,0.0,0.0,1.0,0.0,0.0,1.0,0.0,STU-14895,4.1
-0.8294385394344757,-1.0993312596414984,-1.8014471629778288,-1.497249166051856,-0.3825396825396826,-0.25113122171945707,-0.8,0.0,0.0,0.0,0.0,1.0,1.0,0.0,STU-13153,3.28
0.0,0.12791867616510097,-1.3669992752764164,-1.044568279923754,-0.8380952380952381,1.4072398190045248,-0.2,0.0,0.0,0.0,1.0,0.0,0.0,1.0,STU-10137,3.0
-0.06437721706550141,-1.2247380995076246e-15,1.0667806976328347,1.304689422223811,1.2682539682539684,-0.8393665158371041,0.2,0.0,0.0,0.0,1.0,0.0,1.0,0.0,STU-12781,4.62
0.2759493570868933,-0.7545981316059366,-1.5101200677131692,0.539814821524604,0.004761904761904661,-0.0022624434389139788,0.0,0.0,0.0,0.0,1.0,0.0,1.0,0.0,STU-11595,3.99
1.1972555974044603,1.6861124148858408,1.0667806976328347,-1.2787135658520825,0.9666666666666671,-1.1787330316742082,-0.4,0.0,0.0,0.0,0.0,1.0,0.0,1.0,STU-12618,5.46
1.3786433757125969,-0.6167048803917123,-1.0324207045904966e-15,-2.433830309765171,0.6380952380952384,0.171945701357466,-0.4,0.0,0.0,1.0,0.0,0.0,1.0,0.0,STU-11198,4.19
-0.5250303372242855,0.5691770800506203,-1.0324207045904966e-15,1.7027364083019696,0.0,-0.1742081447963802,0.6,0.0,0.0,1.0,0.0,0.0,1.0,0.0,STU-12195,5.0
1.3786433757125969,0.48644112932208605,1.0667806976328347,-0.8338375225882577,1.0190476190476192,0.4004524886877827,-1.0,1.0,0.0,0.0,0.0,0.0,1.0,0.0,STU-11677,5.31
0.3603575311510756,-0.20302512674903736,1.0595156827883299,-1.3957862088162472,0.9825396825396826,-0.26696832579185514,0.6,0.0,0.0,1.0,0.0,0.0,0.0,1.0,STU-14344,3.42
0.14305138090073324,-0.3133397277204172,-0.45959892119771395,0.8832279075528199,-0.3904761904761904,0.0,-0.2,0.0,0.0,0.0,0.0,1.0,0.0,1.0,STU-12950,4.07
0.9916229180353342,0.1692866515293687,-2.2664081130261637,1.7261509368948034,-0.12698412698412684,-0.12217194570135748,0.6,0.0,0.0,1.0,0.0,0.0,1.0,0.0,STU-10177,3.8
0.6252555242248401,0.2520226022579042,-1.2812721001112541,-0.9743246941452554,0.0,0.009049773755656116,0.4,0.0,0.0,0.0,0.0,1.0,1.0,0.0,STU-13948,4.23
-0.019479252137744756,0.2520226022579042,1.0667806976328347,0.719326207402989,0.9222222222222225,0.26244343891402716,0.8,0.0,0.0,0.0,0.0,1.0,0.0,1.0,STU-11907,5.32
-0.9838875387859585,-1.2234351857343002,-1.158493349239116,-0.5450583366099861,-1.7476190476190478,0.5203619909502262,-0.6,0.0,0.0,1.0,0.0,0.0,0.0,1.0,STU-12159,2.43
0.7294188028572353,1.4930618631859256,1.0493446620060225,-0.1314016648032719,0.08095238095238093,0.0,1.0,0.0,0.0,1.0,0.0,0.0,1.0,0.0,STU-12359,5.8
-0.21343846062565447,-1.4026964123127923,-1.096014221576371,-0.11579197907471628,-0.2857142857142856,-0.8981900452488687,1.0,0.0,1.0,0.0,0.0,0.0,1.0,0.0,STU-13420,3.69
-0.02307108933196585,0.3761265283507062,-0.22711844617354646,0.14957267831072285,-1.4539682539682541,-0.579185520361991,0.4,0.0,0.0,0.0,0.0,1.0,1.0,0.0,STU-10682,2.89
0.6477045066887185,1.093171434664674,-0.36588022970359607,-1.5128588517804111,-0.42698412698412697,-0.3393665158371041,-0.2,0.0,0.0,1.0,0.0,0.0,1.0,0.0,STU-12683,3.79
0.7904800351589849,0.2382332771364808,1.0667806976328347,-0.11579197907471628,-0.14126984126984138,0.737556561085973,-0.8,1.0,0.0,0.0,0.0,0.0,1.0,0.0,STU-13930,5.12
-0.6417650460364526,-2.2024772693552954,1.0667806976328347,0.8754230646885424,-0.2952380952380952,-0.04977375565610854,0.0,0.0,0.0,1.0,0.0,0.0,1.0,0.0,STU-12323,3.37
-0.9183365099914335,-0.5201796045417547,-1.3059731505825722,0.6646923073530462,-0.41746031746031736,-0.4638009049773755,-0.8,0.0,0.0,0.0,1.0,0.0,0.0,1.0,STU-11485,2.87
1.0625617026211904,0.9139102080861821,1.0667806976328347,-0.12359682193899443,0.5349206349206351,1.1380090497737558,0.8,0.0,0.0,0.0,1.0,0.0,0.0,1.0,STU-12280,5.5
-0.96323447491919,-1.5405896635270178,1.0667806976328347,0.719326207402989,0.577777777777778,-0.29638009049773745,-0.6,0.0,0.0,0.0,1.0,0.0,0.0,1.0,STU-11559,3.93
0.2705616012955623,-0.16165715138477083,-1.0324207045904966e-15,0.539814821524604,-0.05079365079365085,1.6289592760180995,-1.0,1.0,0.0,0.0,0.0,0.0,0.0,1.0,STU-12503,3.34
0.4690106062762474,0.5140197795649304,-0.10942520569256145,-0.31091305068165687,1.2253968253968257,-0.8552036199095023,0.4,0.0,0.0,0.0,1.0,0.0,1.0,0.0,STU-14179,5.25
1.3786433757125969,-0.8924913828201607,1.0667806976328347,-1.0133489084666434,0.03650793650793658,0.9253393665158373,-0.4,0.0,0.0,0.0,0.0,1.0,1.0,0.0,STU-11950,4.52
1.3786433757125969,1.7688483656143752,1.0667806976328347,0.11835330685361233,2.117460317460318,-0.6447963800904978,-1.2,0.0,1.0,0.0,0.0,0.0,0.0,1.0,STU-11854,6.07
0.8156228955185287,0.6381237056577325,1.0667806976328347,-1.294323251580638,0.29047619047619055,-0.572398190045249,0.4,0.0,1.0,0.0,0.0,0.0,0.0,1.0,STU-13271,4.67
0.7491739074254481,-0.42365432869179703,-1.0324207045904966e-15,-1.247494194394972,0.8492063492063493,-0.23076923076923087,-1.0,0.0,0.0,0.0,1.0,0.0,0.0,1.0,STU-12314,4.58
-1.0207038700267186,-0.7545981316059366,-0.37096574009475025,-0.19384040771749295,-0.8460317460317461,-0.7828054298642534,-0.6,0.0,0.0,0.0,0.0,1.0,0.0,1.0,STU-12305,3.31
0.2148881247851449,0.2796012525007486,-0.45378690932210985,-1.38641860024038e-15,-0.1015873015873017,0.7918552036199094,-1.2,0.0,0.0,1.0,0.0,0.0,1.0,0.0,STU-12531,3.82
-1.294581456086034,0.5829664051720425,-1.0255435775846706,0.5085954500674935,-0.8682539682539684,0.011312217194570096,1.4,0.0,0.0,0.0,0.0,1.0,1.0,0.0,STU-11795,3.26
-0.2376833616866427,-0.8373340823344708,-0.7000709125508361,-0.09237745048188391,0.14920634920634915,0.4638009049773755,-1.2,1.0,0.0,0.0,0.0,0.0,1.0,0.0,STU-13684,4.78
0.8946433137913801,1.0104354839361398,-1.047338622118186,-0.13920650766754936,0.057142857142857065,-0.07466063348416291,0.2,1.0,0.0,0.0,0.0,0.0,1.0,0.0,STU-14030,4.24
1.3786433757125969,0.541598429807776,1.0667806976328347,0.5085954500674935,0.9634920634920634,0.8755656108597285,-1.2,0.0,0.0,0.0,1.0,0.0,1.0,0.0,STU-10075,4.58
-2.091969313202992,1.0793821095432519,-0.22348593875129405,1.1798119363953687,-0.3666666666666668,-0.12443438914027145,0.0,1.0,0.0,0.0,0.0,0.0,1.0,0.0,STU-13677,4.57
1.180194370731913,-0.49260095429890915,1.0667806976328347,-0.27969367922454635,0.1571428571428572,0.20361990950226252,-0.4,0.0,0.0,0.0,1.0,0.0,1.0,0.0,STU-10082,4.6
0.972765772765677,-0.8924913828201607,1.0667806976328347,1.2032264649882025,0.2063492063492065,-0.4457013574660634,0.4,0.0,1.0,0.0,0.0,0.0,1.0,0.0,STU-13710,4.61
0.10084729386864211,-1.9956373925339592,0.9825065254365742,-0.4123760079172659,0.0,2.7624434389140275,-1.2,1.0,0.0,0.0,0.0,0.0,1.0,0.0,STU-13959,3.33
-0.3768670529626881,-0.3822863533275293,-0.4152823306462321,-0.6465212938455952,0.0,1.1651583710407238,1.2,0.0,0.0,0.0,1.0,0.0,0.0,1.0,STU-11870,4.07
-1.0404589745949315,0.9828568336932941,-0.22275943726684316,0.1729872069035559,0.5460317460317461,-0.0542986425339367,-0.6,0.0,0.0,1.0,0.0,0.0,0.0,1.0,STU-12668,4.3
-1.0216018293252742,-1.5957469640127075,-2.236621552163692,0.656887464488768,-0.7857142857142859,0.0,0.8,0.0,0.0,1.0,0.0,0.0,1.0,0.0,STU-13911,2.36
-0.33645888452770684,-0.5615475799060224,-0.8126786426406679,-1.0913973371094194,-0.96984126984127,-0.5,0.6,0.0,0.0,1.0,0.0,0.0,0.0,1.0,STU-10780,3.28
0.0981534159729766,0.9001208829647599,0.6563073589182888,-0.15481619339610495,0.3492063492063494,0.19004524886877824,1.0,0.0,0.0,0.0,0.0,1.0,1.0,0.0,STU-12800,4.89
0.31815344411898444,0.48644112932208605,-2.3470497778001715,-1.12261670856653,-0.6984126984126985,0.33484162895927594,-1.2,0.0,0.0,0.0,0.0,1.0,0.0,1.0,STU-10827,4.07
0.03170442787989722,-0.727019481363091,-0.2213064342979424,-1.38641860024038e-15,0.02698412698412698,-0.21040723981900447,0.0,0.0,0.0,0.0,1.0,0.0,1.0,0.0,STU-13804,4.02
0.5148065305025584,-1.1820672103700325,-1.5631546760780577,0.8988375932813748,-1.5968253968253971,-0.085972850678733,-0.6,0.0,0.0,0.0,0.0,1.0,1.0,0.0,STU-14032,2.79
0.2148881247851449,-0.1064998508990809,1.0667806976328347,-0.7635939368097592,0.44603174603174617,-0.28506787330316735,-1.2,0.0,1.0,0.0,0.0,0.0,1.0,0.0,STU-14053,5.08
0.20770445039670274,-0.6442835306345567,-1.5522571538112995,-0.295303364953102,-1.0412698412698413,-0.30995475113122173,-1.2,0.0,0.0,0.0,1.0,0.0,0.0,1.0,STU-10120,3.41
-1.9168672499847417,-1.1269099098843427,0.5887427208643908,-1.2552990372592494,0.9126984126984131,-0.9841628959276018,-1.2,0.0,0.0,1.0,0.0,0.0,0.0,1.0,STU-13388,3.43
0.6423167508973875,0.4450731539578183,0.6751963975140028,0.8051794789100425,0.0523809523809524,1.1923076923076925,-0.8,1.0,0.0,0.0,0.0,0.0,1.0,0.0,STU-10163,6.1
0.2660718048027869,1.7688483656143752,-0.16463931851080155,-0.08457260761760575,-0.13968253968253955,-0.09276018099547514,-1.0,0.0,0.0,0.0,0.0,1.0,1.0,0.0,STU-10395,5.11
0.6468065473901629,1.575797813914461,0.8938733443336105,-1.0523731227880313,0.3015873015873017,-0.755656108597285,-1.2,0.0,0.0,1.0,0.0,0.0,1.0,0.0,STU-11361,5.26
0.3298269150002008,-1.4026964123127923,0.42237388092522066,-1.4270055802733577,-0.488888888888889,-0.3914027149321268,-1.2,0.0,0.0,1.0,0.0,0.0,1.0,0.0,STU-13340,3.29
-0.600458918302917,-1.2247380995076246e-15,-1.0324207045904966e-15,1.000300550516983,-0.7634920634920636,-0.004524886877828159,1.0,0.0,0.0,0.0,0.0,1.0,1.0,0.0,STU-11514,3.47
0.0,0.3761265283507062,0.6439568336826309,1.3281039508166446,1.011111111111111,0.22398190045248875,-1.0,0.0,0.0,1.0,0.0,0.0,1.0,0.0,STU-13087,5.12
0.6584800182713805,1.3689579370931235,0.9825065254365742,-1.38641860024038e-15,-0.604761904761905,0.45022624434389147,-0.8,0.0,0.0,0.0,0.0,1.0,0.0,1.0,STU-13606,6.12
-0.19996907114732695,0.596755730293466,-0.47485545237117444,-0.295303364953102,-0.05555555555555551,0.31221719457013575,0.6,0.0,0.0,0.0,0.0,1.0,1.0,0.0,STU-11451,5.51
1.0535821096356381,0.3347585529864385,1.0667806976328347,-0.7089600367598162,0.5380952380952383,-0.7737556561085973,0.4,0.0,0.0,0.0,1.0,0.0,1.0,0.0,STU-10475,4.66
-1.9087856162977452,-0.46502230405606476,-0.9928510107843967,0.9846908647884282,-0.6238095238095239,-0.8981900452488687,1.8,0.0,0.0,0.0,1.0,0.0,0.0,1.0,STU-10114,3.4
0.6198677684335091,1.0104354839361398,1.0667806976328347,-0.5060341222885975,1.5396825396825402,-0.2647058823529412,-0.8,0.0,0.0,0.0,1.0,0.0,1.0,0.0,STU-13346,5.3
1.229582132152445,0.84496358247907,1.0667806976328347,0.6022535644388252,1.7333333333333336,-0.3914027149321268,-0.4,1.0,0.0,0.0,0.0,0.0,1.0,0.0,STU-13892,6.74
-0.7755609815211669,0.8311742573576478,-1.0324207045904966e-15,-0.6699358224384276,-0.6587301587301587,-1.0316742081447965,-0.4,0.0,1.0,0.0,0.0,0.0,0.0,1.0,STU-13882,3.87
-0.25474458835919,-0.12028917602050308,-0.04767257951426744,0.656887464488768,0.11904761904761907,-0.41855203619909503,1.6,0.0,0.0,0.0,1.0,0.0,0.0,1.0,STU-13067,4.53
1.0023984296179962,1.1759073853932094,0.7463935429901544,1.3983475365951432,0.8238095238095239,-0.22398190045248875,-1.2,0.0,0.0,0.0,0.0,1.0,0.0,1.0,STU-10695,5.83
1.3786433757125969,-1.2247380995076246e-15,1.0667806976328347,1.226640993581035,0.7047619047619048,-0.9049773755656109,0.4,1.0,0.0,0.0,0.0,0.0,1.0,0.0,STU-10259,5.64
0.15472485178195086,-1.2247380995076246e-15,0.47613499077456,-0.4123760079172659,0.20317460317460312,-0.9321266968325792,-0.2,0.0,0.0,0.0,0.0,1.0,1.0,0.0,STU-13068,4.64
0.0,0.78980628199338,1.0667806976328347,0.30566953559627547,1.0079365079365081,-0.24208144796380096,-1.2,0.0,1.0,0.0,0.0,0.0,1.0,0.0,STU-13368,5.61
0.539051431563548,-0.5615475799060224,0.18553439699435093,0.8910327504170973,-0.20793650793650806,-0.21945701357466058,-0.4,0.0,1.0,0.0,0.0,0.0,0.0,1.0,STU-14067,5.3
0.5166024490996696,1.5895871390358833,0.8001546528394926,-0.44359537937437643,0.6603174603174607,-0.41855203619909503,-0.8,0.0,1.0,0.0,0.0,0.0,1.0,0.0,STU-12349,5.07
-0.29964255328694667,0.541598429807776,-0.9943040137532986,-1.2006651372093065,0.0,2.5,0.6,0.0,0.0,0.0,1.0,0.0,0.0,1.0,STU-11197,4.03
-0.633683412349456,0.11412935104367879,1.0667806976328347,1.921272008501744,0.8380952380952381,-0.12895927601809962,-1.0,0.0,0.0,0.0,1.0,0.0,1.0,0.0,STU-13668,5.16
-0.02486700792907576,1.272432661243166,0.09835421886028799,-0.8806665797739238,-0.13650793650793644,-0.04977375565610854,-0.4,0.0,0.0,0.0,0.0,1.0,1.0,0.0,STU-10284,4.66
0.48786775154590467,-0.2443931021133051,1.0667806976328347,0.6412777787602131,0.4063492063492065,-0.17647058823529418,0.2,0.0,0.0,0.0,1.0,0.0,1.0,0.0,STU-14117,4.23
0.6692555298540411,-0.6718621808774011,0.1441238123806706,0.4071324928318845,0.2587301587301589,-0.6357466063348417,1.6,1.0,0.0,0.0,0.0,0.0,0.0,1.0,STU-11188,4.18
0.643214710195943,0.9552781834504498,-1.1025527349364261,-0.18603556485321548,-0.11587301587301596,0.15610859728506796,0.0,0.0,0.0,1.0,0.0,0.0,0.0,1.0,STU-11679,3.99
0.7994596281445357,1.1896967105146317,0.8168641869818549,-0.03774355043194031,0.5492063492063495,-0.29638009049773745,0.6,1.0,0.0,0.0,0.0,0.0,0.0,1.0,STU-11261,5.88
-1.1293569451518903,-2.533421072269435,-0.960884945468574,0.7583504217243777,0.0,-0.4253393665158371,-0.8,1.0,0.0,0.0,0.0,0.0,1.0,0.0,STU-10897,3.18
3.0630518104689184,0.1692866515293687,1.0667806976328347,0.5710341929817145,0.5015873015873017,0.5814479638009048,-0.2,0.0,0.0,0.0,0.0,1.0,1.0,0.0,STU-12852,4.95
0.0,-0.8649127325773164,-2.063714198864468,-0.15481619339610495,-0.07777777777777782,0.8936651583710408,1.6,0.0,0.0,1.0,0.0,0.0,1.0,0.0,STU-13487,2.87
1.3786433757125969,-0.06513187553481316,1.0667806976328347,-0.2718888363602689,1.3603174603174604,-0.8597285067873303,0.2,0.0,1.0,0.0,0.0,0.0,1.0,0.0,STU-12551,5.85
0.9503167903017987,1.7688483656143752,-0.40511130986392474,-0.31871789354593505,0.715873015873016,0.9751131221719457,-1.2,1.0,0.0,0.0,0.0,0.0,0.0,1.0,STU-11420,5.32
0.31276568832765345,0.19686530177221429,0.39839933193835353,-0.9509101655524224,-0.3206349206349206,-0.7217194570135747,0.0,0.0,0.0,0.0,1.0,0.0,1.0,0.0,STU-13338,4.18
0.8066433025329767,1.7274803902501075,0.302501135990885,-0.06896292188905083,-0.09999999999999985,0.37556561085972856,-0.8,0.0,0.0,1.0,0.0,0.0,1.0,0.0,STU-14833,5.27
1.096684155966285,-0.5201796045417547,-0.9761414766420355,-0.7635939368097592,-0.3095238095238095,-0.1855203619909503,0.4,0.0,0.0,0.0,1.0,0.0,1.0,0.0,STU-10047,4.12
-0.11107110059036925,-1.264803161098568,0.3439117206045643,1.304689422223811,-0.4873015873015874,0.6153846153846153,-1.0,0.0,0.0,0.0,0.0,1.0,1.0,0.0,STU-12511,3.51
0.024520753491456302,-2.285213220083831,-0.7531055209157245,1.5154201795593065,-0.5841269841269842,2.1606334841628962,-0.4,0.0,0.0,1.0,0.0,0.0,0.0,1.0,STU-12465,3.56
-1.7148264078098368,-1.9818480674125358,-1.8588407802494205,0.9612763361955958,-0.30634920634920637,-1.1357466063348416,-1.0,0.0,0.0,1.0,0.0,0.0,1.0,0.0,STU-11967,2.43
0.1250921949296316,1.7688483656143752,1.034088130832561,-0.25627915063171397,0.3634920634920637,-0.2918552036199095,-0.8,1.0,0.0,0.0,0.0,0.0,1.0,0.0,STU-13350,5.7
0.0,0.7622276317505344,-2.2032024838789677,0.0871339353965018,0.30317460317460326,-0.5022624434389141,-1.0,0.0,0.0,1.0,0.0,0.0,0.0,1.0,STU-14646,4.53
0.3423983451799727,-1.1958565354914559,-0.09053616709684853,-0.23286462203888092,8.940085336644904,-0.40723981900452483,1.6,0.0,0.0,0.0,1.0,0.0,0.0,1.0,STU-11182,3.73
0.8560310639535099,0.3761265283507062,0.2872446048174235,-0.5138389651528756,1.0333333333333334,0.0,0.8,0.0,0.0,0.0,1.0,0.0,1.0,0.0,STU-11641,4.92
-0.3238874543479349,-0.32712905284183935,-0.9405429039039592,-0.33432757927448997,-1.3380952380952382,0.9773755656108596,0.4,1.0,0.0,0.0,0.0,0.0,0.0,1.0,STU-10010,3.37
1.2834596900657524,0.4450731539578183,1.0667806976328347,0.24323079268205441,0.9777777777777783,-0.13122171945701358,-1.2,0.0,0.0,1.0,0.0,0.0,1.0,0.0,STU-13625,5.31
0.4348881529311515,0.29339057762217075,-0.2045969001555801,0.4305470214247169,0.0920634920634921,0.7873303167420813,0.2,0.0,0.0,0.0,1.0,0.0,1.0,0.0,STU-14214,4.0
-0.456785430534095,0.1003400259222566,-0.18352835710651447,1.4998104938307515,0.23174603174603192,0.0022624434389139788,0.2,0.0,0.0,0.0,0.0,1.0,1.0,0.0,STU-10943,4.4
-0.8096834348662628,-0.9338593581844286,1.0667806976328347,-1.130421551430808,0.5873015873015875,0.12895927601809962,-0.4,0.0,1.0,0.0,0.0,0.0,1.0,0.0,STU-12688,3.94
0.7958677909503159,-0.6856515059988245,0.6156232757890605,1.1095683506168703,-0.3476190476190476,2.0361990950226243,0.8,1.0,0.0,0.0,0.0,0.0,1.0,0.0,STU-14741,3.7
-0.44241808175721314,-0.16165715138477083,-1.3553752515252082,-0.4592050651029321,-0.014285714285714266,1.3461538461538463,0.4,0.0,1.0,0.0,0.0,0.0,1.0,0.0,STU-14559,3.12
1.3786433757125969,-0.009974575049123234,-0.5772921616786979,0.09493877826077925,0.6793650793650794,-0.8981900452488687,1.8,0.0,0.0,0.0,0.0,1.0,1.0,0.0,STU-10969,4.68
-0.4810303315950832,-2.3679491708123654,0.5022890442147788,-1.28651840871636,0.28730158730158745,0.12895927601809962,0.0,0.0,0.0,1.0,0.0,0.0,1.0,0.0,STU-10216,3.41
-1.2011936890363009,-0.5615475799060224,-1.0324207045904966e-15,0.26664532127488677,-1.1031746031746035,0.4321266968325792,-1.2,0.0,0.0,0.0,0.0,1.0,0.0,1.0,STU-13839,3.62
0.29660242095366174,-0.28576107747757284,0.8815228190979515,1.1173731934811477,-0.030158730158730086,0.36651583710407243,-0.8,0.0,1.0,0.0,0.0,0.0,0.0,1.0,STU-14755,3.61
1.3786433757125969,-0.09271052577765751,0.9236599051960818,-1.0523731227880313,0.13968253968253982,0.5656108597285066,0.8,0.0,0.0,1.0,0.0,0.0,1.0,0.0,STU-10620,4.94
-0.3427445996175934,0.22444395201505862,1.0667806976328347,0.8598133789599861,0.8793650793650797,-0.49321266968325794,1.6,0.0,0.0,0.0,0.0,1.0,1.0,0.0,STU-14079,4.93
-0.8375201731214722,0.5553877549291981,0.9360104304317407,-0.33432757927448997,-0.10634920634920636,0.4932126696832579,0.2,0.0,0.0,0.0,0.0,1.0,0.0,1.0,STU-11146,4.21
-0.8958875275275551,-0.9890166586701185,-0.5482321023006776,-0.474814750831487,-0.8444444444444444,-0.41855203619909503,-1.2,1.0,0.0,0.0,0.0,0.0,0.0,1.0,STU-10027,2.92
-0.20805070483432347,1.6861124148858408,0.2661760617683589,0.18859689263211082,0.1047619047619048,0.0022624434389139788,0.2,0.0,0.0,1.0,0.0,0.0,0.0,1.0,STU-12000,4.96
-0.6938466853526501,0.3761265283507062,-0.4000257994727705,0.18859689263211082,-0.36507936507936495,2.4095022624434392,-0.8,0.0,0.0,1.0,0.0,0.0,1.0,0.0,STU-12310,3.07
0.21399016548658933,-0.14786782626334743,0.3315611953689053,0.18859689263211082,0.26349206349206356,0.018099547511312233,-0.6,1.0,0.0,0.0,0.0,0.0,1.0,0.0,STU-12282,4.34
0.06403096262788195,-0.5753369050274446,1.0667806976328347,0.11054846398933486,-0.40158730158730155,-0.36651583710407243,1.6,0.0,0.0,0.0,0.0,1.0,1.0,0.0,STU-12374,3.47
0.0164391198044598,-1.2247380995076246e-15,1.0667806976328347,0.2510356355463319,0.1698412698412699,-0.41855203619909503,-0.4,0.0,0.0,1.0,0.0,0.0,0.0,1.0,STU-13189,5.09
-1.2281324679929546,-2.2162665944767177,-0.5111805265937006,-1.2396893515306946,-0.5365079365079365,0.8348416289592762,-0.6,0.0,1.0,0.0,0.0,0.0,1.0,0.0,STU-14160,2.53
-0.148785391129685,-1.1544885601271881,-0.4167353336151328,0.4071324928318845,0.03809523809523813,1.9886877828054297,0.0,1.0,0.0,0.0,0.0,0.0,1.0,0.0,STU-10847,4.1
0.31994936271609437,-0.658072855755979,0.9040443651159179,-0.46700990796720954,0.13333333333333333,-0.3167420814479639,0.2,0.0,0.0,0.0,0.0,1.0,1.0,0.0,STU-12563,3.82
-1.3044590083701404,-1.44406438767706,-2.006320581592876,0.16518236403927777,-1.1746031746031746,-0.5022624434389141,0.4,0.0,0.0,0.0,0.0,1.0,1.0,0.0,STU-11049,2.38
-0.784540574506719,-1.1958565354914559,1.0667806976328347,0.32908406418910785,-0.3095238095238095,-0.5158371040723982,-1.0,0.0,0.0,0.0,0.0,1.0,1.0,0.0,STU-10419,4.13
1.1191331384301633,1.7688483656143752,1.0667806976328347,0.7661552645886552,1.3714285714285714,-0.04072398190045243,0.0,1.0,0.0,0.0,0.0,0.0,0.0,1.0,STU-14964,5.74
1.3786433757125969,1.7688483656143752,1.0667806976328347,-0.5840825509313742,0.5857142857142857,0.35520361990950233,-1.0,0.0,0.0,0.0,1.0,0.0,1.0,0.0,STU-12052,6.29
0.40525549607883227,-0.35470770308468497,-1.0324207045904966e-15,0.11835330685361233,-0.019047619047618928,0.14705882352941185,-1.0,0.0,0.0,0.0,0.0,1.0,0.0,1.0,STU-14705,4.96
0.29660242095366174,0.47265180420066266,-0.36878623564139856,2.811024095029392,-0.03174603174603164,-0.05656108597285068,0.0,0.0,0.0,0.0,0.0,1.0,1.0,0.0,STU-10170,4.16
0.17717383424582916,0.5553877549291981,1.0667806976328347,-1.7782235091658503,1.2047619047619051,0.5361990950226244,-1.2,0.0,0.0,0.0,0.0,1.0,1.0,0.0,STU-12989,4.89
-0.5043772733575171,-0.4512329789346426,-2.9769265648187746,0.9378618076027634,-1.550793650793651,0.22171945701357457,-1.2,1.0,0.0,0.0,0.0,0.0,0.0,1.0,STU-10397,2.7
-0.9758059050989619,-0.12028917602050308,0.8771638101912482,0.5085954500674935,-0.5365079365079365,1.402714932126697,1.0,0.0,0.0,1.0,0.0,0.0,1.0,0.0,STU-13119,3.3
0.044275858059669125,-0.602915555270289,0.9585319764497071,0.555424507253159,-0.5444444444444445,-0.8371040723981901,-0.4,0.0,0.0,0.0,1.0,0.0,1.0,0.0,STU-11966,4.7
1.3786433757125969,-0.3133397277204172,0.4957505308547238,-0.8494472083168133,0.3873015873015873,0.0,-1.0,1.0,0.0,0.0,0.0,0.0,1.0,0.0,STU-14622,4.42
-0.2619282627476309,-0.8649127325773164,0.41002335568956166,-0.6621309795741501,1.3904761904761906,0.0045248868778279576,0.6,0.0,1.0,0.0,0.0,0.0,1.0,0.0,STU-12298,4.02
0.0,0.045182725436566686,-1.9213199079121654,-1.7470041377087404,-0.07936507936507937,0.257918552036199,0.2,0.0,1.0,0.0,0.0,0.0,1.0,0.0,STU-12409,2.26
1.1020719117576159,-0.2719717523561507,-1.5624281745936068,0.7895697931814876,-0.5015873015873017,-0.5,-1.0,1.0,0.0,0.0,0.0,0.0,1.0,0.0,STU-14288,4.32
-9.39338769412134,1.3413792868502792,0.6178027802424111,-1.005544065602366,0.28571428571428586,-0.14479638009049767,-0.6,0.0,0.0,0.0,1.0,0.0,0.0,1.0,STU-11440,4.65
0.14484729949784445,1.7688483656143752,1.0667806976328347,-1.0367634370594765,0.9047619047619051,-0.1085972850678734,-0.4,0.0,0.0,0.0,0.0,1.0,0.0,1.0,STU-14686,5.84
-0.050009868288619586,-1.2096458606128782,0.03369558674419143,0.04030487821083566,-0.7126984126984128,0.20588235294117652,0.2,1.0,0.0,0.0,0.0,0.0,0.0,1.0,STU-13598,4.33
-0.006907821957974119,-0.23060377699188292,1.0667806976328347,0.11835330685361233,0.44285714285714306,0.2488687782805429,-1.2,0.0,0.0,0.0,0.0,1.0,1.0,0.0,STU-12388,4.41
-1.3224181943412432,-0.5339689296631769,-2.048457667691007,0.375913121374774,-0.3904761904761904,0.0,-1.0,0.0,0.0,1.0,0.0,0.0,1.0,0.0,STU-14312,3.58
1.3786433757125969,0.2520226022579042,0.6032727505534015,1.2968845793595334,1.2365079365079368,-0.414027149321267,0.2,0.0,1.0,0.0,0.0,0.0,1.0,0.0,STU-14183,5.13
0.5058269375170076,0.8173849322362243,-0.0658351166255305,-0.7635939368097592,-0.1698412698412699,0.09276018099547514,0.0,0.0,0.0,0.0,0.0,1.0,1.0,0.0,STU-13183,5.07
0.29750038025221603,0.6519130307791559,1.0667806976328347,0.2588404784106093,0.847619047619048,-0.12217194570135748,0.4,0.0,0.0,1.0,0.0,0.0,1.0,0.0,STU-11730,5.05
-1.0898467360154636,-2.050794693019648,-0.03750155873196008,0.5866438787102695,0.17936507936507953,-0.32352941176470584,-1.2,0.0,0.0,0.0,1.0,0.0,1.0,0.0,STU-10113,2.66
-1.36552024067189,-2.2162665944767177,-2.132005338402817,0.516400292931771,-1.3523809523809525,-0.2398190045248868,-0.6,0.0,0.0,0.0,1.0,0.0,1.0,0.0,STU-10922,2.36
0.13227586931807253,0.5829664051720425,-0.06510861514107961,1.655907351116305,0.6095238095238096,-0.753393665158371,0.0,0.0,0.0,1.0,0.0,0.0,1.0,0.0,STU-11874,3.55
0.21129628759092384,-0.20302512674903736,1.0667806976328347,1.0549344505669267,1.4142857142857148,-1.0882352941176472,1.6,0.0,0.0,0.0,1.0,0.0,1.0,0.0,STU-12522,5.0
-0.1622547806080112,-0.5339689296631769,1.0667806976328347,-0.5060341222885975,-0.01587301587301582,-0.42760180995475117,-0.6,0.0,0.0,1.0,0.0,0.0,0.0,1.0,STU-10133,3.7
-1.0314793816093806,0.7484383066291123,-0.17263083483975725,0.5085954500674935,-0.31269841269841286,0.2805429864253394,-0.8,0.0,0.0,0.0,1.0,0.0,1.0,0.0,STU-13903,3.88
0.7949698316517603,-0.18923580162761516,-1.0324207045904966e-15,0.06371940680366872,1.2253968253968257,0.9864253393665159,0.4,0.0,0.0,0.0,0.0,1.0,0.0,1.0,STU-13347,5.6
-0.8626630334810147,-1.3475391118271023,-0.979047482579837,-0.40457116505298846,0.0,0.7918552036199094,-1.2,1.0,0.0,0.0,0.0,0.0,1.0,0.0,STU-13289,3.13
0.5507249024447642,0.596755730293466,-0.15228879327514255,-1.044568279923754,0.7746031746031748,-0.058823529411764656,-0.8,1.0,0.0,0.0,0.0,0.0,1.0,0.0,STU-11217,5.01
0.8695004534318362,-0.35470770308468497,-0.08690365967459508,1.101763507752593,0.16507936507936524,1.647058823529412,-0.2,0.0,0.0,0.0,1.0,0.0,0.0,1.0,STU-10443,4.96
-0.4900099245806353,0.4037051785935506,0.2567315424705014,0.3212792213248304,-0.6190476190476192,-0.5090497737556561,0.0,0.0,0.0,0.0,1.0,0.0,1.0,0.0,STU-11892,4.07
-1.7354794716766053,1.7688483656143752,-1.2878106134713092,-1.45042010886619,-0.4666666666666667,1.1153846153846156,2.2,0.0,0.0,0.0,0.0,1.0,0.0,1.0,STU-10985,3.39
-0.13082620515858207,-0.1064998508990809,0.8873348309735556,-0.3031082078173794,0.09365079365079364,0.0,0.2,0.0,0.0,1.0,0.0,0.0,1.0,0.0,STU-11396,3.91
-0.041928234601623086,1.7274803902501075,-0.6564808234838051,0.7661552645886552,-0.02380952380952387,1.1221719457013575,0.6,1.0,0.0,0.0,0.0,0.0,0.0,1.0,STU-12810,4.84
-0.0688670135582781,0.78980628199338,1.0667806976328347,-0.6231067652527621,1.1111111111111116,0.26244343891402716,0.0,0.0,0.0,0.0,0.0,1.0,0.0,1.0,STU-13502,5.17
0.0882758636888702,-1.085541934520076,1.0667806976328347,0.4461567071532725,0.6904761904761906,-0.8167420814479638,2.0,0.0,0.0,0.0,0.0,1.0,1.0,0.0,STU-14068,4.59
1.3786433757125969,1.630955114400151,1.0667806976328347,-1.4035910516805246,0.6761904761904762,-0.42986425339366513,-0.6,0.0,0.0,1.0,0.0,0.0,0.0,1.0,STU-13624,4.82
-0.05270374618428509,1.7688483656143752,-0.8504567198320948,-0.6543261367098727,-0.38888888888888884,0.6244343891402716,-0.4,0.0,0.0,0.0,1.0,0.0,0.0,1.0,STU-13846,3.98
0.7276228842601253,1.0518034593004075,1.0667806976328347,-0.5840825509313742,1.0968253968253974,1.0248868778280544,0.6,0.0,0.0,0.0,0.0,1.0,0.0,1.0,STU-13006,5.6
0.14664321809495434,0.12791867616510097,-0.37023923861029934,0.36030343564621836,-0.3142857142857144,0.8280542986425338,0.6,0.0,0.0,0.0,1.0,0.0,1.0,0.0,STU-12119,4.22
-0.779152818715388,-0.478811629177487,0.8212231958885583,1.7963945226733018,0.22222222222222232,-0.1651583710407241,-1.2,1.0,0.0,0.0,0.0,0.0,1.0,0.0,STU-13217,3.75
0.5983167452681863,-0.07892120065623533,0.3163046641954448,0.7973746360457651,-0.5301587301587303,0.30995475113122173,-0.2,0.0,0.0,0.0,0.0,1.0,0.0,1.0,STU-11120,4.6
1.262806626198984,-1.2247380995076246e-15,1.0667806976328347,-0.4201808507815441,1.5555555555555556,-0.5542986425339367,0.6,0.0,0.0,1.0,0.0,0.0,1.0,0.0,STU-14253,5.57
0.13137791001951693,1.7688483656143752,1.0667806976328347,-1.169445765752196,1.6587301587301593,0.3823529411764707,0.2,0.0,0.0,0.0,0.0,1.0,0.0,1.0,STU-10856,6.08
1.3786433757125969,1.7688483656143752,1.0667806976328347,0.6646923073530462,0.6841269841269844,0.0,-0.2,0.0,0.0,0.0,0.0,1.0,0.0,1.0,STU-10543,5.48
0.13586770651229235,-0.4512329789346426,0.2371160023903376,-0.31871789354593505,-0.042857142857142795,-0.2714932126696833,0.4,1.0,0.0,0.0,0.0,0.0,0.0,1.0,STU-11441,4.48
0.3423983451799727,-0.1064998508990809,1.0667806976328347,1.0783489791597605,0.488888888888889,0.7895927601809953,-0.2,0.0,0.0,0.0,0.0,1.0,0.0,1.0,STU-12647,4.39
0.1888473051270455,1.5206405134287713,1.0667806976328347,0.1729872069035559,1.0666666666666669,0.9004524886877827,-1.2,0.0,0.0,1.0,0.0,0.0,0.0,1.0,STU-10852,5.42
-0.19907111184877138,0.34854787810786064,-1.9474739613523842,0.8129843217743213,-0.26825396825396824,-0.35520361990950233,0.0,1.0,0.0,0.0,0.0,0.0,1.0,0.0,STU-13671,3.39
0.191541183022711,-0.35470770308468497,-1.6161892844429457,-0.7870084654025923,-0.7031746031746032,0.32579185520362003,-0.2,1.0,0.0,0.0,0.0,0.0,0.0,1.0,STU-11403,3.22
-0.5555609533751603,-0.6718621808774011,-1.0444326161803845,-0.6231067652527621,-0.6571428571428573,2.7624434389140275,0.2,0.0,0.0,1.0,0.0,0.0,1.0,0.0,STU-10702,3.71
0.6665616519583757,1.6861124148858408,1.0667806976328347,-1.38641860024038e-15,1.0523809523809526,0.5588235294117646,-0.8,0.0,0.0,0.0,0.0,1.0,0.0,1.0,STU-11989,5.53
-0.06078537987128159,0.3209692278650163,-0.7719945595114385,-0.4279856936458215,0.02380952380952387,-0.36425339366515846,-1.2,0.0,0.0,1.0,0.0,0.0,0.0,1.0,STU-13733,3.56
0.653990221778605,0.43128382883639615,0.6054522550067531,0.11835330685361233,0.8126984126984127,-0.1832579185520361,0.0,0.0,0.0,0.0,0.0,1.0,1.0,0.0,STU-12395,5.09
-1.678908035867631,-1.5405896635270178,-1.2464000288576298,0.48518092147466046,-0.8904761904761905,-0.504524886877828,0.0,1.0,0.0,0.0,0.0,0.0,1.0,0.0,STU-13529,3.47
-0.20984662343143337,1.5068511883073479,0.3344672013067079,-0.31871789354593505,0.26349206349206356,-0.6764705882352942,-0.6,0.0,0.0,0.0,0.0,1.0,0.0,1.0,STU-13777,4.48
0.5201942862938894,-0.20302512674903736,-1.0073810404734074,-0.5840825509313742,-0.4301587301587301,-0.6493212669683258,0.8,0.0,0.0,0.0,1.0,0.0,1.0,0.0,STU-12808,3.9
1.0562759875313037,1.5206405134287713,1.0667806976328347,-0.43579053651009897,1.4301587301587304,-0.24434389140271495,-0.8,0.0,0.0,0.0,0.0,1.0,1.0,0.0,STU-14200,5.53
1.0023984296179962,-0.3960756784489527,1.0667806976328347,0.18079204976783336,0.9920634920634925,-0.38687782805429866,0.0,0.0,0.0,0.0,0.0,1.0,1.0,0.0,STU-10892,4.99
0.42680651924415625,0.5553877549291981,0.37733078888928895,0.36810827851049654,-0.24126984126984125,0.7624434389140272,-0.4,0.0,0.0,1.0,0.0,0.0,1.0,0.0,STU-12970,4.19
-1.207479404126186,1.4103259124573913,0.23929550684368922,-1.61432180901602,-0.4761904761904763,1.665158371040724,0.2,1.0,0.0,0.0,0.0,0.0,0.0,1.0,STU-13267,4.72
-1.2954794153845894,-0.7132301562416689,-1.4316579073925129,-0.4592050651029321,-1.3904761904761906,1.400452488687783,0.6,0.0,0.0,0.0,1.0,0.0,1.0,0.0,STU-11997,2.28
-0.846499766107023,-0.21681445187046075,0.785624623150482,-2.332367352529562,0.3698412698412699,-0.45248868778280543,-1.2,0.0,0.0,0.0,1.0,0.0,1.0,0.0,STU-11586,4.23
1.0499902724414185,0.14170800128652436,1.0667806976328347,1.507615336695029,0.6380952380952384,-0.8076923076923077,-1.0,0.0,0.0,0.0,0.0,1.0,0.0,1.0,STU-10058,5.55
1.16582702195503,-0.02376390017054541,1.0667806976328347,0.2120114212249439,0.9492063492063492,0.8009049773755657,-0.2,0.0,0.0,0.0,1.0,0.0,1.0,0.0,STU-13213,5.6
0.9952147552295554,0.045182725436566686,-1.0324207045904966e-15,-1.3957862088162472,-0.07301587301587288,0.30090497737556565,1.4,0.0,0.0,0.0,1.0,0.0,1.0,0.0,STU-14283,4.54
-0.5483772789867182,-1.2234351857343002,-0.9507139246862666,0.8129843217743213,-1.520634920634921,0.33484162895927594,1.6,0.0,0.0,0.0,0.0,1.0,0.0,1.0,STU-10124,3.29
-1.0548263233718134,0.07276137567941103,0.7631030771325157,-1.8016380377586834,-0.006349206349206215,1.1470588235294117,0.0,0.0,0.0,1.0,0.0,0.0,1.0,0.0,STU-12750,4.07
-1.220050834305958,-0.07892120065623533,-0.3804102593926067,0.9690811790598732,0.5031746031746033,-0.6583710407239819,0.0,0.0,0.0,0.0,0.0,1.0,0.0,1.0,STU-10213,4.14
0.40076569958605684,-0.8924913828201607,0.7841716201815813,1.21103130785248,0.22063492063492077,1.7579185520361993,0.4,0.0,0.0,0.0,1.0,0.0,1.0,0.0,STU-10566,4.55
0.0,-0.6856515059988245,-0.12032272795931971,0.29786469273199734,0.46984126984127006,-0.34162895927601805,-1.2,0.0,0.0,0.0,1.0,0.0,1.0,0.0,STU-13314,3.88
0.5875412336855244,-0.05134255041339098,0.6766494004829036,-1.0133489084666434,-0.3174603174603175,-0.1855203619909503,-1.2,0.0,0.0,1.0,0.0,0.0,0.0,1.0,STU-12649,4.32
-0.6579283134104456,-1.0717526093986527,-1.0324207045904966e-15,-1.2396893515306946,-0.7761904761904763,1.6719457013574661,-1.2,1.0,0.0,0.0,0.0,0.0,0.0,1.0,STU-10197,3.85
-1.158091642705654,-2.423106471298055,-1.0324207045904966e-15,1.3593233222737544,-0.24444444444444435,-0.03846153846153844,0.6,0.0,0.0,0.0,0.0,1.0,0.0,1.0,STU-13799,2.19
-0.42176501789044474,-0.5063902794203325,0.4463484299120878,-0.8884714226382012,-0.42063492063492075,-0.03393665158371049,0.2,0.0,0.0,0.0,1.0,0.0,1.0,0.0,STU-10342,3.65
-0.9964589689657304,0.045182725436566686,1.0122930862990454,-1.224079665802139,1.0761904761904764,0.3506787330316742,1.4,0.0,0.0,0.0,0.0,1.0,1.0,0.0,STU-10601,4.1
-1.593601902504893,-2.050794693019648,-0.4399833811175491,1.0393247648383719,-1.5111111111111113,-0.04072398190045243,0.0,0.0,0.0,0.0,0.0,1.0,0.0,1.0,STU-10925,1.98
0.30737793253632245,0.26581192737932635,0.3380997087289603,-0.33432757927448997,-0.2428571428571428,1.4864253393665157,0.4,0.0,1.0,0.0,0.0,0.0,1.0,0.0,STU-14450,3.85
0.39807182169039135,-0.05134255041339098,-0.19006687046656942,0.4461567071532725,0.12222222222222218,-0.5429864253393665,-0.4,0.0,0.0,1.0,0.0,0.0,1.0,0.0,STU-13630,4.59
-0.029356804421852446,0.48644112932208605,-0.5627621319896883,-0.1314016648032719,0.10000000000000014,0.20135746606334834,-0.8,0.0,0.0,1.0,0.0,0.0,1.0,0.0,STU-11102,3.76
0.44476570521525793,-1.2247380995076246e-15,-0.03677505724750919,-0.5762777080670967,-0.39841269841269844,1.1221719457013575,-1.2,0.0,0.0,0.0,0.0,1.0,0.0,1.0,STU-10062,5.15
0.6126840940450682,-0.34091837796326274,1.0667806976328347,0.8988375932813748,0.5111111111111113,0.1628959276018099,-0.6,1.0,0.0,0.0,0.0,0.0,1.0,0.0,STU-12284,4.38
-0.37776501226124365,-0.7132301562416689,-0.8904143014768734,-0.7401794082169267,-0.12698412698412684,-0.24434389140271495,0.6,0.0,0.0,0.0,0.0,1.0,0.0,1.0,STU-12103,3.95
-0.7315609758919659,-0.49260095429890915,0.14121780644286908,1.101763507752593,-0.05555555555555551,0.3506787330316742,-0.8,1.0,0.0,0.0,0.0,0.0,1.0,0.0,STU-12205,4.32
-0.3032343904811678,0.5829664051720425,0.9113093799604227,0.07152424966794618,0.8126984126984127,-0.9366515837104074,0.4,0.0,0.0,0.0,1.0,0.0,1.0,0.0,STU-10623,4.65
-0.26282622204618655,-0.16165715138477083,0.6148967743046095,-0.5996922366599291,1.4952380952380955,-0.39592760180995473,0.6,0.0,0.0,0.0,0.0,1.0,1.0,0.0,STU-13372,4.86
-0.038336397407403265,-1.1544885601271881,-0.5562236186296333,0.2510356355463319,-0.9206349206349208,-0.5248868778280543,1.8,0.0,0.0,0.0,1.0,0.0,1.0,0.0,STU-12713,2.98
0.31456160692476465,-0.3822863533275293,0.93455742746284,0.2900598498677199,-0.17142857142857146,1.1334841628959278,-0.6,0.0,0.0,0.0,0.0,1.0,1.0,0.0,STU-10668,4.22
1.3139903062166274,-0.5891262301488668,0.822676198857459,-1.2162748229378615,-0.1968253968253969,0.1199095022624435,-0.8,0.0,1.0,0.0,0.0,0.0,1.0,0.0,STU-14240,4.47
0.0,0.26581192737932635,-1.9467474598679333,0.07152424966794618,-0.5936507936507938,0.6447963800904979,0.6,0.0,0.0,0.0,0.0,1.0,1.0,0.0,STU-11623,4.0
-1.0754793872385817,-0.6994408311202467,-1.760036578364149,1.000300550516983,0.0,0.07239819004524893,-0.8,0.0,1.0,0.0,0.0,0.0,1.0,0.0,STU-14999,3.41
0.7401943144398972,1.7688483656143752,1.014472590752397,-0.5606680223385411,1.7746031746031752,-0.042986425339366606,-1.2,1.0,0.0,0.0,0.0,0.0,1.0,0.0,STU-13106,6.92
-0.005111903360862934,0.045182725436566686,0.2727145751284128,-0.5606680223385411,-0.10793650793650791,0.9909502262443439,-1.0,0.0,0.0,0.0,1.0,0.0,1.0,0.0,STU-12430,4.14
-0.16045886201090132,-0.05134255041339098,0.30540714192868657,0.7817649503172102,-0.18730158730158727,1.3936651583710407,-0.6,0.0,0.0,0.0,0.0,1.0,0.0,1.0,STU-14249,4.85
-0.019479252137744756,-0.6718621808774011,1.0667806976328347,-0.6933503510312606,0.24603174603174618,0.7194570135746607,0.0,0.0,1.0,0.0,0.0,0.0,1.0,0.0,STU-13341,4.61
1.0284392492760943,0.8311742573576478,-1.7331560234394798,0.6490826216244906,-0.030158730158730086,1.497737556561086,1.2,0.0,0.0,0.0,0.0,1.0,1.0,0.0,STU-13551,4.1
1.0850106850850687,1.2310646858788994,-0.24528098328480952,-1.044568279923754,-0.11269841269841258,0.38461538461538464,0.0,0.0,0.0,0.0,0.0,1.0,1.0,0.0,STU-13460,4.62
-0.22511193150687078,0.38991585347212837,-1.0734926755584047,0.9222521218742071,-0.7809523809523811,0.843891402714932,1.8,0.0,0.0,1.0,0.0,0.0,1.0,0.0,STU-12974,3.65
0.18345954933571448,-2.588578372755125,1.0667806976328347,0.2276211069534988,-0.14285714285714293,2.420814479638009,0.0,0.0,1.0,0.0,0.0,0.0,1.0,0.0,STU-10363,3.82
0.08468402649465037,-1.2247380995076246e-15,-0.8257556693607768,0.5788390358459921,-0.6492063492063493,0.26923076923076933,-0.4,1.0,0.0,0.0,0.0,0.0,1.0,0.0,STU-11930,3.56
0.5749698035057524,1.4103259124573913,-1.2362290080753224,1.4998104938307515,-0.27142857142857135,1.2963800904977374,0.0,0.0,0.0,0.0,0.0,1.0,0.0,1.0,STU-14076,4.43
0.13496974721373803,1.0242248090575619,1.0667806976328347,0.7505455788600996,1.0365079365079366,-0.4321266968325792,-1.2,1.0,0.0,0.0,0.0,0.0,1.0,0.0,STU-12617,5.46
0.7401943144398972,1.6033764641573054,0.8016076558083934,-0.18603556485321548,0.7349206349206352,0.7601809954751132,0.0,0.0,1.0,0.0,0.0,0.0,0.0,1.0,STU-11908,5.08
-0.2412751988808638,-0.46502230405606476,-0.4850264731534818,0.6803019930816011,-0.915873015873016,0.07918552036199088,-0.8,0.0,1.0,0.0,0.0,0.0,1.0,0.0,STU-14620,3.5
-0.2322956058953117,-1.140699235005766,-1.3379392158983952,-0.5684728652028186,-0.96984126984127,-0.42307692307692313,0.2,0.0,0.0,0.0,0.0,1.0,1.0,0.0,STU-10168,3.32
0.20590853179959281,-1.1958565354914559,1.0667806976328347,0.42274217856043944,0.666666666666667,0.21493212669683262,-1.2,0.0,0.0,1.0,0.0,0.0,1.0,0.0,STU-11094,4.25
-0.34184664031903783,-0.20302512674903736,-0.2627170189116217,-0.28749852208882454,0.15873015873015875,-0.09276018099547514,1.8,0.0,0.0,1.0,0.0,0.0,1.0,0.0,STU-13602,4.0
-1.6393978267312053,-0.727019481363091,-0.7589175327913286,1.070544136295483,-0.7333333333333335,-1.0520361990950227,-0.8,1.0,0.0,0.0,0.0,0.0,0.0,1.0,STU-12742,3.95
1.3786433757125969,1.7136910651286854,1.0667806976328347,0.2120114212249439,0.049206349206349295,-0.414027149321267,-0.6,0.0,0.0,1.0,0.0,0.0,0.0,1.0,STU-13501,5.61
0.1250921949296316,1.7688483656143752,1.0667806976328347,1.148592564938259,0.8206349206349207,0.0542986425339367,1.2,0.0,0.0,0.0,0.0,1.0,0.0,1.0,STU-13618,5.54
-0.5977650404072515,-1.568168313769862,-0.04258706912311324,-0.33432757927448997,-1.3460317460317464,-0.574660633484163,-0.6,0.0,0.0,0.0,0.0,1.0,1.0,0.0,STU-11347,2.88
-0.1317241644571364,-0.6304942055131345,-0.23801596844030368,0.34469374991766344,-0.44603174603174617,-0.8846153846153847,-0.2,0.0,0.0,1.0,0.0,0.0,1.0,0.0,STU-10377,3.25
0.08647994509176028,0.2520226022579042,1.0667806976328347,0.45396155001754995,0.6142857142857145,0.38461538461538464,-1.0,0.0,0.0,0.0,0.0,1.0,1.0,0.0,STU-12394,5.56
0.12419423563107602,1.0518034593004075,-0.5198985444071071,-0.8026181511311471,-0.10952380952380947,6.465883473586553,-1.2,0.0,0.0,0.0,0.0,1.0,0.0,1.0,STU-13655,4.63
-0.3059282683768333,-0.09271052577765751,0.58728971789549,0.9066424361456522,0.3904761904761907,0.8348416289592762,-0.2,0.0,0.0,0.0,0.0,1.0,1.0,0.0,STU-14244,4.67
0.32803099640309086,0.22444395201505862,1.0667806976328347,0.2900598498677199,0.5904761904761907,0.02714932126696835,1.2,0.0,1.0,0.0,0.0,0.0,1.0,0.0,STU-11811,4.02
-0.058989461274171685,0.30717990274359414,1.0667806976328347,0.30566953559627547,1.766666666666667,0.9660633484162897,0.6,0.0,1.0,0.0,0.0,0.0,1.0,0.0,STU-13935,5.1
0.3783167171221785,-0.6442835306345567,1.0667806976328347,-0.3031082078173794,1.7238095238095243,0.029411764705882328,-1.2,0.0,0.0,0.0,0.0,1.0,1.0,0.0,STU-14044,4.69
0.8353780000867416,-0.6718621808774011,-1.2870841119868592,0.009085506753725131,-0.10634920634920636,0.30995475113122173,-1.0,0.0,0.0,0.0,0.0,1.0,1.0,0.0,STU-11770,4.18
0.7895820758604293,-1.871533466441156,1.0667806976328347,-0.4514002222386546,0.03333333333333347,0.0,-0.8,0.0,1.0,0.0,0.0,0.0,1.0,0.0,STU-12495,3.95
-0.92462222508132,-0.547758254784599,-0.19951138976442692,-0.25627915063171397,-0.39523809523809533,0.10180995475113126,0.0,0.0,0.0,1.0,0.0,0.0,0.0,1.0,STU-13782,3.57
1.3786433757125969,0.969067508571872,1.0667806976328347,-0.8338375225882577,0.8174603174603177,-0.19909502262443438,-0.2,0.0,0.0,1.0,0.0,0.0,1.0,0.0,STU-12516,4.59
-0.5052752326560727,0.7070703312648458,1.0667806976328347,0.6646923073530462,1.0476190476190477,-0.37330316742081454,-0.6,1.0,0.0,0.0,0.0,0.0,1.0,0.0,STU-14806,5.41
-0.6785813772772127,0.30717990274359414,-0.37096574009475025,-0.5606680223385411,-0.06507936507936511,-0.1742081447963802,-0.6,0.0,0.0,0.0,0.0,1.0,0.0,1.0,STU-10505,4.93
-0.04282619390017867,0.36233720322928403,1.0667806976328347,-2.324562509665284,-0.5111111111111113,-0.3393665158371041,0.6,0.0,0.0,0.0,1.0,0.0,1.0,0.0,STU-13154,4.91
1.2502351960192122,1.7688483656143752,0.8372062285464696,-0.045548393296217765,0.7952380952380953,-0.4705882352941177,0.8,0.0,0.0,0.0,0.0,1.0,1.0,0.0,STU-13663,5.43
0.258888130414346,-0.5201796045417547,-0.6913528947374304,-0.4904244365600426,-0.7793650793650795,0.5339366515837105,-0.6,0.0,0.0,0.0,1.0,0.0,1.0,0.0,STU-13696,3.65
0.0,1.7688483656143752,0.20369693410561399,1.0315199219740943,-0.25555555555555554,-0.5497737556561086,0.2,0.0,0.0,0.0,0.0,1.0,0.0,1.0,STU-10951,5.41
0.32713303710453656,0.36233720322928403,1.0667806976328347,-1.247494194394972,-0.1936507936507938,0.08823529411764698,-0.4,1.0,0.0,0.0,0.0,0.0,1.0,0.0,STU-10193,3.82
-0.6354793309465673,-0.12028917602050308,-1.4229398895791063,0.3837179642390514,-0.6936507936507937,0.4185520361990949,-1.2,0.0,0.0,0.0,0.0,1.0,1.0,0.0,STU-12792,3.9
0.7051739017962471,0.8725422327219143,0.9004118576936645,-0.3031082078173794,1.3730158730158732,0.009049773755656116,-0.6,0.0,0.0,0.0,0.0,1.0,0.0,1.0,STU-13940,5.71
0.08647994509176028,0.43128382883639615,-0.3440851851700806,0.7349358931315447,-0.7746031746031747,-0.8257918552036199,-0.6,0.0,0.0,1.0,0.0,0.0,1.0,0.0,STU-10750,3.34
-0.5142548256416235,-0.037553225291967585,0.4434424239742863,0.5866438787102695,0.17619047619047612,0.12895927601809962,0.6,1.0,0.0,0.0,0.0,0.0,0.0,1.0,STU-10687,4.47
-0.1622547806080112,1.0242248090575619,0.7529320563502093,0.5788390358459921,0.5666666666666668,-0.07692307692307689,0.8,0.0,0.0,0.0,0.0,1.0,0.0,1.0,STU-10025,5.54
0.37741875782362294,-1.2247380995076246e-15,0.6403243262603775,-0.396766322188711,1.2825396825396829,-0.9004524886877828,-0.4,0.0,0.0,0.0,0.0,1.0,0.0,1.0,STU-12188,5.13
0.34060242658286277,-0.6167048803917123,0.43690391061423134,0.24323079268205441,-0.05555555555555551,-0.08823529411764698,-1.2,1.0,0.0,0.0,0.0,0.0,1.0,0.0,STU-13989,3.64
-1.2721324736221555,-0.6167048803917123,-0.44579539299315313,-0.7401794082169267,-0.049206349206349295,0.6402714932126695,0.2,0.0,0.0,1.0,0.0,0.0,0.0,1.0,STU-14391,3.06
2.8115106082722807,-1.2923818113414125,-0.4857529746379327,0.336888907053386,-0.8761904761904763,0.35294117647058815,0.2,0.0,0.0,0.0,0.0,1.0,1.0,0.0,STU-14264,3.08
0.0,-0.32712905284183935,-0.7879775921693499,0.9456666504670409,-0.5158730158730159,0.13800904977375572,-0.4,1.0,0.0,0.0,0.0,0.0,1.0,0.0,STU-11010,3.56
0.5956228673725209,0.596755730293466,-0.002629487478334702,0.8832279075528199,0.5269841269841271,0.14932126696832582,-0.2,0.0,1.0,0.0,0.0,0.0,1.0,0.0,STU-14751,5.04
0.1816636307386046,1.7688483656143752,1.0667806976328347,-0.3655469507316005,0.8190476190476195,0.8144796380090499,-0.2,1.0,0.0,0.0,0.0,0.0,1.0,0.0,STU-13837,5.44
-1.0602140791631443,-0.9338593581844286,0.055490631277706905,-0.28749852208882454,-0.47301587301587317,-0.5203619909502262,-1.0,0.0,0.0,0.0,0.0,1.0,1.0,0.0,STU-10293,3.54
0.23733710724902324,-0.602915555270289,1.0667806976328347,0.656887464488768,2.0841269841269847,-0.39819004524886875,-1.0,0.0,1.0,0.0,0.0,0.0,0.0,1.0,STU-10868,5.01
0.0,-0.20302512674903736,-0.07745914037673862,-0.6621309795741501,-1.0666666666666669,1.158371040723982,0.0,0.0,0.0,0.0,0.0,1.0,1.0,0.0,STU-10580,3.6
-0.8878058938405585,1.0518034593004075,0.09036270253133229,0.04030487821083566,0.10000000000000014,0.3325791855203619,0.0,0.0,0.0,1.0,0.0,0.0,1.0,0.0,STU-12993,5.29
0.30917385113343365,-1.747429540348354,-1.0030220315667042,0.7739601074529326,0.0,-0.6131221719457014,0.4,0.0,0.0,0.0,0.0,1.0,1.0,0.0,STU-12132,3.58
0.6306432800161711,1.2448540110003217,1.0667806976328347,0.16518236403927777,0.44126984126984126,-0.6425339366515836,3.2,0.0,0.0,1.0,0.0,0.0,0.0,1.0,STU-12817,5.82
-0.8007038418807108,1.7688483656143752,1.0667806976328347,-0.4592050651029321,0.8000000000000003,-0.49095022624434387,-0.8,0.0,0.0,0.0,0.0,1.0,1.0,0.0,STU-14010,4.61
0.9377453601220268,-0.4374436538132192,-1.4963165395086095,0.9066424361456522,-0.26031746031746045,-0.22398190045248875,0.0,0.0,1.0,0.0,0.0,0.0,1.0,0.0,STU-11801,2.82
-0.19907111184877138,-2.850575550062152,-1.0324207045904966e-15,0.04810972107511381,-1.436507936507937,-0.12895927601809962,0.0,0.0,0.0,0.0,0.0,1.0,1.0,0.0,STU-10561,2.33
-0.9255201843798743,-2.754050274212194,-0.07745914037673862,-0.5138389651528756,-0.6603174603174604,0.0,2.0,0.0,1.0,0.0,0.0,0.0,1.0,0.0,STU-10636,2.42
-0.4953976803719663,-0.6994408311202467,-1.6445228423365161,-0.2016452505817704,-0.25396825396825395,0.20135746606334834,-0.6,0.0,1.0,0.0,0.0,0.0,1.0,0.0,STU-12143,3.1
-0.26103030344907663,-0.2719717523561507,1.0667806976328347,0.9534714933313183,0.47301587301587317,0.02262443438914019,0.6,0.0,0.0,0.0,0.0,1.0,1.0,0.0,STU-10894,5.09
0.1960309795154864,1.2448540110003217,0.9614379823875087,-2.1918801809725643,0.5650793650793653,-0.4886877828054299,1.4,1.0,0.0,0.0,0.0,0.0,0.0,1.0,STU-10059,4.94
0.0,-0.2443931021133051,-0.23438346101805127,0.13396299258216723,-1.2285714285714289,-0.4660633484162896,-0.2,0.0,0.0,0.0,1.0,0.0,1.0,0.0,STU-12436,2.88
-0.20356090834154805,-1.2247380995076246e-15,-1.5725991953759142,2.124197922972962,-0.3444444444444445,-0.5520361990950227,0.4,0.0,0.0,0.0,0.0,1.0,1.0,0.0,STU-13765,3.25
-1.445438618243297,1.4379045627002356,-0.9528934291396183,-0.6543261367098727,-0.815873015873016,0.8597285067873303,-1.2,0.0,0.0,0.0,1.0,0.0,1.0,0.0,STU-13632,3.2
0.017337079103015393,0.19686530177221429,-1.4984960439619612,-0.5606680223385411,-0.9174603174603175,-0.8054298642533937,0.8,0.0,0.0,1.0,0.0,0.0,0.0,1.0,STU-11128,3.02
0.5076228561141175,0.4450731539578183,-1.351742744102956,0.9612763361955958,0.7269841269841271,0.0,1.2,0.0,0.0,0.0,1.0,0.0,0.0,1.0,STU-10504,4.45
-0.18200988517622405,-0.32712905284183935,-1.701189958123657,-0.6309116081170396,-1.2380952380952384,0.4932126696832579,-0.2,0.0,0.0,1.0,0.0,0.0,1.0,0.0,STU-13043,2.26
0.12060239843685493,-0.7959661069702043,-0.09344217303465004,0.3134743784605529,-0.7603174603174605,0.19457013574660642,-0.6,0.0,1.0,0.0,0.0,0.0,1.0,0.0,STU-12568,2.96
-1.32870390943113,0.78980628199338,-0.5627621319896883,0.5710341929817145,-0.4666666666666667,0.11312217194570136,0.0,0.0,0.0,0.0,0.0,1.0,0.0,1.0,STU-11090,4.43
-0.38584664594824014,0.7070703312648458,-1.6241808007719014,-0.4592050651029321,-1.7476190476190478,1.8846153846153844,0.2,0.0,0.0,1.0,0.0,0.0,1.0,0.0,STU-14511,2.6
-0.65703035411189,-0.5753369050274446,-1.3401187203517466,1.0861538220240379,-0.4,0.4434389140271493,0.0,0.0,0.0,0.0,1.0,0.0,1.0,0.0,STU-14959,3.1
-0.9021732426174417,-2.3817384959337873,-1.418580880672403,0.14957267831072285,-1.1365079365079367,-0.39366515837104077,-1.2,0.0,1.0,0.0,0.0,0.0,0.0,1.0,STU-10778,2.21
-1.5801325130265669,-2.6299463481193923,0.3199371716176972,-0.4279856936458215,-0.24126984126984125,0.4796380090497738,-1.2,1.0,0.0,0.0,0.0,0.0,1.0,0.0,STU-12363,3.14
-0.3256833729450461,-1.0993312596414984,-0.5693006453497422,0.477376078610383,0.0,2.058823529411765,-0.2,0.0,0.0,0.0,0.0,1.0,0.0,1.0,STU-10983,3.89
-1.6807039544647409,0.5829664051720425,-1.3175971743337804,0.5320099786603266,-0.03650793650793658,0.6447963800904979,0.0,0.0,0.0,1.0,0.0,0.0,0.0,1.0,STU-14808,3.24
1.284357649364308,1.7688483656143752,-0.3695127371258485,1.9759059085516861,0.41269841269841273,0.737556561085973,0.2,0.0,0.0,1.0,0.0,0.0,0.0,1.0,STU-14672,5.08
1.3786433757125969,-0.5753369050274446,0.08890969956243153,-0.10018229334616136,-0.5619047619047619,-0.6787330316742082,0.2,0.0,0.0,0.0,0.0,1.0,1.0,0.0,STU-10034,3.97
0.5911330708797454,-0.07892120065623533,-0.2866915678984888,0.5007906072032161,-0.4809523809523809,0.38687782805429866,-0.4,0.0,0.0,0.0,0.0,1.0,1.0,0.0,STU-13520,3.99
1.0077861854093273,1.217275360757476,1.0667806976328347,-0.22505977917460346,0.8142857142857145,-0.011312217194570096,0.4,0.0,0.0,1.0,0.0,0.0,1.0,0.0,STU-11064,6.11
0.5525208210418742,1.7688483656143752,1.0667806976328347,1.99932043714452,1.8317460317460321,-0.40497737556561086,-1.0,1.0,0.0,0.0,0.0,0.0,1.0,0.0,STU-13225,4.23
0.1960309795154864,-0.42365432869179703,-0.029510042403004373,-0.3655469507316005,0.1047619047619048,-0.02488687782805437,0.8,0.0,0.0,0.0,1.0,0.0,0.0,1.0,STU-12120,3.98
0.8192147327127486,0.1003400259222566,1.0667806976328347,0.9456666504670409,1.1603174603174606,-0.2375565610859728,-0.2,1.0,0.0,0.0,0.0,0.0,1.0,0.0,STU-10320,4.9
-1.0350712188036004,-1.085541934520076,1.0667806976328347,0.7661552645886552,0.26666666666666666,0.4932126696832579,-0.4,0.0,0.0,0.0,1.0,0.0,0.0,1.0,STU-12471,4.14
0.0,0.11412935104367879,-1.2355025065908716,1.0861538220240379,-1.4460317460317462,2.020361990950226,0.2,0.0,0.0,0.0,1.0,0.0,0.0,1.0,STU-14853,3.55
-0.773765062924057,-0.36849702820610714,-2.5185041281304947,1.000300550516983,-1.2904761904761906,1.395927601809955,0.2,1.0,0.0,0.0,0.0,0.0,0.0,1.0,STU-11738,2.83
-0.1523772283239048,-0.49260095429890915,-0.16754532444860307,2.639317552015285,-0.25555555555555554,-1.009049773755656,0.2,0.0,0.0,0.0,0.0,1.0,1.0,0.0,STU-12114,4.07
-1.0090303991455023,-1.2247380995076246e-15,1.0667806976328347,-0.5606680223385411,-1.1841269841269844,0.08371040723981903,0.2,0.0,1.0,0.0,0.0,0.0,0.0,1.0,STU-14590,2.81
-0.11196905988892357,-1.5543789886484398,1.0667806976328347,-0.43579053651009897,0.3841269841269842,0.16968325791855204,0.2,0.0,0.0,1.0,0.0,0.0,1.0,0.0,STU-13794,3.99
0.6099902161494027,0.4588624790792405,-0.6361387819191904,-1.0133489084666434,-0.3015873015873017,0.13574660633484156,0.0,0.0,0.0,1.0,0.0,0.0,1.0,0.0,STU-10552,4.67
1.0490923131428629,0.36233720322928403,-0.5445995948784252,1.1954216221239238,-0.12539682539682528,0.5972850678733032,0.4,0.0,1.0,0.0,0.0,0.0,1.0,0.0,STU-10714,3.72
0.48966367014301454,0.7622276317505344,-0.21840042836013987,-0.4826195936957651,0.26031746031746045,2.1380090497737556,0.0,0.0,0.0,1.0,0.0,0.0,1.0,0.0,STU-12135,4.79
-0.5151527849401791,-1.6233256142555519,-1.4469144385659736,1.2422506793095898,-0.5936507936507938,-0.06787330316742078,-0.2,0.0,0.0,1.0,0.0,0.0,1.0,0.0,STU-11800,2.66
-0.33915276242337233,-0.5753369050274446,-0.002629487478334702,0.04030487821083566,-0.1015873015873017,-0.052036199095022724,-0.6,0.0,0.0,1.0,0.0,0.0,0.0,1.0,STU-13127,4.86
1.3786433757125969,1.7688483656143752,1.0667806976328347,-0.8416423654525358,1.358730158730159,-0.9095022624434388,-1.0,0.0,0.0,1.0,0.0,0.0,1.0,0.0,STU-12524,5.5
-1.1616834798998752,-1.319960461584258,-1.4084098598900956,0.8676182218242635,-1.142857142857143,0.9253393665158373,-0.6,0.0,0.0,1.0,0.0,0.0,1.0,0.0,STU-11545,3.54
-0.22241805361120529,0.5278091046863526,-0.5729331527719946,0.1417678354464454,0.6380952380952384,-0.3325791855203619,-0.4,0.0,0.0,0.0,1.0,0.0,1.0,0.0,STU-10791,4.55
1.3786433757125969,-0.4512329789346426,1.0667806976328347,-0.24847430776743584,0.8015873015873015,1.4502262443438914,-0.6,0.0,0.0,0.0,0.0,1.0,1.0,0.0,STU-10447,5.36
1.1038678303547258,-0.1064998508990809,1.0667806976328347,1.101763507752593,0.3476190476190476,-1.0520361990950227,0.0,0.0,0.0,0.0,1.0,0.0,0.0,1.0,STU-13251,4.94
0.1125207647498597,-0.602915555270289,1.0667806976328347,-0.474814750831487,1.2809523809523808,0.04977375565610854,-1.0,0.0,0.0,1.0,0.0,0.0,1.0,0.0,STU-11096,4.55
-0.6264997379610152,-1.7336402152269317,1.0667806976328347,-0.5918873937956516,10.778980336449525,-0.2647058823529412,1.0,0.0,0.0,0.0,0.0,1.0,1.0,0.0,STU-12175,3.8
0.14394934019928884,-1.9542694171696915,-0.8054136277961621,0.06371940680366872,-0.07301587301587288,0.17873303167420815,2.0,0.0,0.0,1.0,0.0,0.0,1.0,0.0,STU-13686,3.19
-0.12094865287447566,-0.478811629177487,-1.0324207045904966e-15,0.39932764996760634,0.3571428571428572,-0.5475113122171945,0.0,1.0,0.0,0.0,0.0,0.0,1.0,0.0,STU-12690,4.16
-0.10298946690337274,1.2448540110003217,1.0667806976328347,0.20420657836066575,0.7793650793650798,-0.5226244343891403,0.0,0.0,1.0,0.0,0.0,0.0,0.0,1.0,STU-13740,4.99
0.9359494415249155,1.5206405134287713,0.6592133648560914,-1.224079665802139,-0.05079365079365085,0.5837104072398188,0.4,0.0,0.0,0.0,1.0,0.0,0.0,1.0,STU-11818,4.48
0.4510514203051445,0.6243343805363103,1.0667806976328347,-0.4904244365600426,0.946031746031746,0.0,1.2,0.0,0.0,0.0,0.0,1.0,1.0,0.0,STU-12570,5.23
-0.405601750516453,-0.8649127325773164,0.5240840887482943,-0.6543261367098727,-0.3539682539682541,0.2714932126696833,1.4,1.0,0.0,0.0,0.0,0.0,1.0,0.0,STU-14868,4.08
0.41154121116871883,0.7760169568719578,1.0667806976328347,-0.17823072198893733,1.0952380952380956,-0.171945701357466,-0.2,1.0,0.0,0.0,0.0,0.0,0.0,1.0,STU-10200,4.88
-0.6615201506046654,1.3000113114860115,-0.3789572564237059,-1.6221266518802984,0.6285714285714288,-1.0339366515837105,1.6,0.0,0.0,1.0,0.0,0.0,1.0,0.0,STU-12173,4.6
-0.06437721706550141,1.7688483656143752,0.27925308848846775,-1.0367634370594765,0.5396825396825399,0.33484162895927594,1.2,0.0,0.0,0.0,1.0,0.0,0.0,1.0,STU-11955,4.88
0.5848473557898589,-1.2247380995076246e-15,-0.6056257195722683,1.9759059085516861,-0.15555555555555564,0.020361990950226214,-0.8,0.0,1.0,0.0,0.0,0.0,0.0,1.0,STU-14075,5.05
-0.9713161086061866,-0.18923580162761516,-2.589701273606646,-0.014329021839107243,0.0,0.9004524886877827,0.0,0.0,0.0,0.0,1.0,0.0,1.0,0.0,STU-14743,2.77
-0.6013568776014714,-0.36849702820610714,0.25600504098605154,-1.6611508662016863,0.0,1.4909502262443441,0.0,1.0,0.0,0.0,0.0,0.0,0.0,1.0,STU-10959,3.76
0.7437861516341183,0.8587529076004922,-0.8301146782674801,0.7037165216744341,-0.3476190476190476,0.009049773755656116,-0.2,1.0,0.0,0.0,0.0,0.0,1.0,0.0,STU-11369,4.75
0.07121463701632287,0.29339057762217075,-1.0324207045904966e-15,0.18079204976783336,-0.3396825396825398,1.6855203619909502,-1.2,0.0,0.0,1.0,0.0,0.0,0.0,1.0,STU-11428,3.27
1.2672964226917607,1.6585337646429954,-1.0324207045904966e-15,-0.3265227364102125,0.28730158730158745,0.0,-1.2,1.0,0.0,0.0,0.0,0.0,1.0,0.0,STU-13835,4.51
1.0805208885922932,1.2586433361217437,1.0667806976328347,-0.5528631794742637,1.277777777777778,0.09049773755656117,0.6,1.0,0.0,0.0,0.0,0.0,1.0,0.0,STU-11353,5.33
1.3786433757125969,-0.009974575049123234,1.0667806976328347,1.2500555221738674,1.428571428571429,-0.7941176470588236,-1.2,0.0,0.0,0.0,1.0,0.0,1.0,0.0,STU-12260,4.91
-0.19368335605744164,0.5002304544435082,-0.18352835710651447,-0.38896147932443353,0.41428571428571426,-0.7714932126696833,-0.4,1.0,0.0,0.0,0.0,0.0,1.0,0.0,STU-14890,4.5
-0.8366222138229166,0.4450731539578183,1.0667806976328347,1.413957222323698,0.7015873015873016,-0.5656108597285068,0.8,0.0,0.0,0.0,0.0,1.0,1.0,0.0,STU-13768,4.42
-0.9784997829946275,0.8173849322362243,0.25600504098605154,0.8754230646885424,0.06984126984126977,0.2375565610859728,0.4,0.0,0.0,0.0,0.0,1.0,1.0,0.0,STU-11379,4.13
-1.2236426715001791,-0.16165715138477083,-1.0894757082163171,0.9300569647384846,0.1047619047619048,-0.37330316742081454,1.2,0.0,1.0,0.0,0.0,0.0,1.0,0.0,STU-14036,2.83
-1.4553161705274034,0.6519130307791559,-1.7120874803904147,-0.6855455081669832,-0.5619047619047619,0.5294117647058826,0.2,0.0,0.0,1.0,0.0,0.0,1.0,0.0,STU-12859,3.16
-0.27180581503173734,0.38991585347212837,0.7616500741636149,-0.24066946490315838,0.6888888888888892,-0.916289592760181,-0.6,0.0,1.0,0.0,0.0,0.0,0.0,1.0,STU-10070,4.44
0.5579085768332052,-0.2581824272347273,-1.3953328331699868,-0.7870084654025923,-1.3619047619047622,-0.19683257918552038,0.2,0.0,0.0,0.0,1.0,0.0,1.0,0.0,STU-14003,2.31
-1.121275311464894,-0.06513187553481316,-1.8283277179024984,0.4461567071532725,-1.0555555555555556,0.07918552036199088,0.2,0.0,1.0,0.0,0.0,0.0,1.0,0.0,STU-14441,2.79
-0.9749079458004064,0.5829664051720425,0.09181570550023305,0.04810972107511381,0.0,-0.6380090497737556,-1.2,0.0,0.0,0.0,1.0,0.0,1.0,0.0,STU-13088,3.75
0.48786775154590467,0.045182725436566686,-1.0324207045904966e-15,0.4071324928318845,-0.028571428571428532,0.31221719457013575,-0.6,0.0,0.0,0.0,0.0,1.0,1.0,0.0,STU-12255,4.99
0.09994933457008778,-0.547758254784599,-0.47049644346447117,1.9759059085516861,-0.11587301587301596,0.3687782805429864,-1.2,1.0,0.0,0.0,0.0,0.0,1.0,0.0,STU-11213,4.51
1.3786433757125969,1.7688483656143752,1.0667806976328347,0.516400292931771,0.9063492063492063,-0.5316742081447964,0.0,0.0,0.0,0.0,1.0,0.0,0.0,1.0,STU-11201,4.23
-1.3026630897730305,-1.3475391118271023,-0.43707737517974754,-0.3811566364601561,-0.37142857142857144,1.5633484162895925,1.0,0.0,0.0,1.0,0.0,0.0,1.0,0.0,STU-10992,2.4
1.195459678807349,0.78980628199338,0.5814777060198849,-0.20945009344604784,0.5555555555555557,-1.0203619909502262,-1.2,0.0,1.0,0.0,0.0,0.0,1.0,0.0,STU-10241,4.55
1.3786433757125969,0.8725422327219143,1.0667806976328347,-0.5762777080670967,0.5825396825396826,2.450226244343892,-0.2,0.0,0.0,0.0,0.0,1.0,1.0,0.0,STU-10057,6.07
-1.7247039600939433,-0.478811629177487,0.26399655731500726,-0.7792036225383148,-0.25555555555555554,-0.061085972850678835,0.2,0.0,0.0,0.0,0.0,1.0,1.0,0.0,STU-14408,3.22
1.3786433757125969,1.3965365873359692,-0.14720328288398835,-0.43579053651009897,0.8619047619047623,0.3800904977375565,0.8,0.0,0.0,0.0,1.0,0.0,1.0,0.0,STU-14757,5.43
-0.2116425420285433,0.9414888583290276,-0.09998068639470499,-0.6074970795242065,-0.07777777777777782,1.1674208144796379,1.0,1.0,0.0,0.0,0.0,0.0,0.0,1.0,STU-13441,5.31
-0.25833642555341113,0.1003400259222566,-0.7385754912267138,-0.3265227364102125,-1.2920634920634924,0.0,0.0,1.0,0.0,0.0,0.0,0.0,1.0,0.0,STU-14572,3.98
0.823704529205524,0.017604075193722337,1.0667806976328347,0.3524985927819409,0.7682539682539686,-0.26696832579185514,0.0,0.0,0.0,0.0,1.0,0.0,0.0,1.0,STU-14543,5.18
-0.40380583191934183,-1.3337497867056802,-0.9572524380463215,-1.169445765752196,-1.0761904761904764,0.8619909502262443,-0.2,0.0,0.0,0.0,1.0,0.0,1.0,0.0,STU-10912,2.84
0.25529629322012487,0.6794916810220002,-1.8617467861872226,0.27445016413916495,0.0,0.7488687782805429,-0.4,0.0,0.0,0.0,0.0,1.0,0.0,1.0,STU-12885,3.73
-0.6238058600653497,-1.5543789886484398,-1.9830725340904594,1.429566908052253,0.0,0.49095022624434387,-0.8,0.0,0.0,0.0,1.0,0.0,1.0,0.0,STU-13974,2.43
-0.7288670979963003,0.5140197795649304,1.0667806976328347,0.8988375932813748,1.4349206349206354,0.2647058823529412,-0.4,0.0,0.0,0.0,0.0,1.0,1.0,0.0,STU-12166,5.35
1.045500475948643,-0.40986500357037486,1.0667806976328347,0.29786469273199734,1.2714285714285716,-0.35294117647058815,0.2,0.0,1.0,0.0,0.0,0.0,1.0,0.0,STU-10836,5.36
0.2624799676085658,-0.06513187553481316,1.0667806976328347,-0.061158079024773375,0.6111111111111112,0.8076923076923076,-1.2,0.0,1.0,0.0,0.0,0.0,0.0,1.0,STU-14107,5.06
-0.7602956734457296,-0.32712905284183935,1.0667806976328347,0.46957123574610554,0.7761904761904761,-0.4343891402714932,0.8,0.0,1.0,0.0,0.0,0.0,1.0,0.0,STU-13631,4.35
-0.5744180986448176,-0.299550402598995,1.0667806976328347,0.3134743784605529,0.7365079365079364,0.48642533936651594,0.8,0.0,0.0,0.0,0.0,1.0,1.0,0.0,STU-14001,4.38
-0.6785813772772127,-1.9818480674125358,-1.6852069254657456,-0.6153019223884847,-0.5634920634920634,0.33031674208144796,-0.4,0.0,0.0,0.0,0.0,1.0,1.0,0.0,STU-13081,2.9
-0.4810303315950832,-0.9890166586701185,-0.15156229179069164,-0.1626210362603824,0.6809523809523812,0.5565610859728507,0.0,0.0,0.0,1.0,0.0,0.0,0.0,1.0,STU-13386,3.48
0.7276228842601253,1.0242248090575619,0.41510886608071584,0.7115213645387116,0.11587301587301596,1.33710407239819,-0.8,0.0,0.0,1.0,0.0,0.0,0.0,1.0,STU-10079,3.86
-1.4831529087826127,-0.9752273335486963,-1.4796070053662471,0.06371940680366872,-1.7476190476190478,0.7624434389140272,-0.6,0.0,0.0,0.0,1.0,0.0,1.0,0.0,STU-11035,3.26
-0.5124589070445136,-0.7821767818487809,-0.32882865399661904,0.6646923073530462,-0.07619047619047627,0.04524886877828058,-1.0,0.0,0.0,0.0,0.0,1.0,1.0,0.0,STU-10624,3.75
0.3612554904496312,-0.2581824272347273,-0.2045969001555801,0.34469374991766344,0.6222222222222223,0.8190045248868779,0.8,0.0,0.0,1.0,0.0,0.0,1.0,0.0,STU-10508,3.7
0.41064325187016326,-1.2247380995076246e-15,1.0667806976328347,-0.24847430776743584,-0.36507936507936495,-0.8438914027149321,-0.8,0.0,0.0,0.0,0.0,1.0,1.0,0.0,STU-12720,4.78
0.23643914795046767,1.7688483656143752,0.822676198857459,1.57005407960925,0.19841269841269846,-0.052036199095022724,0.2,0.0,0.0,0.0,1.0,0.0,1.0,0.0,STU-10648,4.98
-1.3807855487473275,-1.2096458606128782,-1.7956351511022246,-0.37335179359587795,-0.8412698412698414,-0.28733031674208154,0.8,1.0,0.0,0.0,0.0,0.0,1.0,0.0,STU-10840,3.29
1.364276026935715,0.5140197795649304,-0.15955380811964737,-0.6309116081170396,-0.44126984126984126,-0.11085972850678738,0.0,0.0,1.0,0.0,0.0,0.0,1.0,0.0,STU-12162,3.37
1.3786433757125969,1.0793821095432519,0.15502133464742884,0.11054846398933486,0.06031746031746045,-0.19230769230769224,-0.4,0.0,0.0,0.0,0.0,1.0,1.0,0.0,STU-13938,5.0
1.3786433757125969,1.7688483656143752,1.0667806976328347,-1.38641860024038e-15,1.1634920634920638,0.49773755656108604,0.4,0.0,0.0,1.0,0.0,0.0,0.0,1.0,STU-12956,5.37
1.0463984352471973,-1.2247380995076246e-15,1.0667806976328347,0.39932764996760634,0.8000000000000003,0.6900452488687783,0.2,0.0,0.0,1.0,0.0,0.0,1.0,0.0,STU-12152,5.4
1.3786433757125969,0.6794916810220002,0.5640416703930727,0.414937335696162,-0.5984126984126984,-0.9524886877828055,0.8,0.0,0.0,0.0,0.0,1.0,1.0,0.0,STU-13983,4.73
-1.3313977873267955,-1.2247380995076246e-15,-0.8330206842052826,1.9681010656874087,-1.1444444444444446,1.1357466063348418,0.4,0.0,0.0,0.0,0.0,1.0,1.0,0.0,STU-10717,3.99
1.018561696991988,1.7688483656143752,1.0667806976328347,-0.8026181511311471,1.755555555555556,0.24434389140271495,-0.4,0.0,0.0,0.0,1.0,0.0,1.0,0.0,STU-14384,5.82
1.0715412956067412,0.41749450371497276,1.0667806976328347,1.132982879209704,0.37142857142857144,0.9592760180995473,-0.2,0.0,0.0,0.0,1.0,0.0,1.0,0.0,STU-14697,4.61
0.7698269712922164,0.30717990274359414,1.0667806976328347,-0.22505977917460346,1.3158730158730163,-0.20361990950226252,0.8,0.0,0.0,1.0,0.0,0.0,1.0,0.0,STU-11724,4.28
1.3786433757125969,0.8587529076004922,1.0667806976328347,-0.7011551938955382,0.9714285714285714,0.2285067873303167,1.2,0.0,0.0,1.0,0.0,0.0,1.0,0.0,STU-13489,5.14
-0.5968670811086959,-0.9614380084272741,0.33374069982225696,0.2588404784106093,0.21111111111111117,1.2398190045248867,0.2,0.0,0.0,1.0,0.0,0.0,0.0,1.0,STU-12097,4.12
1.2942352016484144,1.7688483656143752,-0.11814322350596805,-0.8572520511810907,0.5936507936507938,-0.6063348416289593,-0.4,0.0,0.0,1.0,0.0,0.0,1.0,0.0,STU-13572,5.3
0.9709698541685658,0.30717990274359414,-0.00844149935393876,0.07932909253222434,-0.5492063492063491,0.737556561085973,2.2,0.0,0.0,1.0,0.0,0.0,1.0,0.0,STU-10907,4.03
-1.0314793816093806,-0.9200700330630064,-1.1061852423586784,1.1954216221239238,-0.24761904761904774,2.7624434389140275,-1.2,1.0,0.0,0.0,0.0,0.0,1.0,0.0,STU-12733,3.21
-1.2676426771293803,-1.38890708719137,-1.294349126831364,0.1417678354464454,-1.046031746031746,0.5633484162895926,1.2,0.0,0.0,0.0,0.0,1.0,1.0,0.0,STU-13574,2.59
-1.1509079683172132,-2.657524998362237,-0.8954998118680275,-0.061158079024773375,-0.8015873015873017,0.0,0.6,0.0,1.0,0.0,0.0,0.0,1.0,0.0,STU-14252,2.47
-0.6085405519899122,-0.14786782626334743,-1.3226826847249344,-0.7401794082169267,-0.4920634920634921,0.058823529411764656,0.6,0.0,0.0,0.0,1.0,0.0,1.0,0.0,STU-12704,3.78
-0.7162956678165284,1.272432661243166,0.16737185988308786,0.9144472790099297,0.0,0.4796380090497738,0.2,1.0,0.0,0.0,0.0,0.0,1.0,0.0,STU-10718,5.14
-0.10837722269470375,-0.7821767818487809,-0.34917069556123376,-1.0211537513309208,0.0,-0.11085972850678738,-0.6,0.0,0.0,0.0,0.0,1.0,1.0,0.0,STU-13177,3.73
-0.13082620515858207,0.7484383066291123,0.12378177081605587,-1.38641860024038e-15,0.44761904761904775,-0.5904977375565611,0.4,0.0,0.0,1.0,0.0,0.0,1.0,0.0,STU-11628,4.76
-0.4873160466849698,-0.547758254784599,0.17754288066539523,0.4617663928818274,-0.373015873015873,-0.2918552036199095,0.8,0.0,0.0,1.0,0.0,0.0,1.0,0.0,STU-13467,3.5
-0.050009868288619586,-0.299550402598995,0.9331044244939382,-1.6299314947445758,-0.338095238095238,0.26696832579185514,0.0,0.0,1.0,0.0,0.0,0.0,1.0,0.0,STU-11459,3.04
1.3786433757125969,1.0380141341789841,0.9396429378539931,1.1173731934811477,1.058730158730159,0.3597285067873303,1.0,0.0,0.0,0.0,0.0,1.0,1.0,0.0,STU-10794,5.7
-1.3807855487473275,-0.8373340823344708,0.6018197475844996,1.1954216221239238,-0.8714285714285717,0.8257918552036198,0.8,1.0,0.0,0.0,0.0,0.0,1.0,0.0,STU-13665,3.43
0.08917382298742578,1.3689579370931235,1.0667806976328347,-1.4426152660019125,0.3825396825396826,-0.04524886877828058,-0.4,0.0,1.0,0.0,0.0,0.0,1.0,0.0,STU-10136,5.6
-0.04103027530306877,0.30717990274359414,0.8938733443336105,0.5632293501174371,0.7571428571428575,-0.4366515837104073,1.8,0.0,0.0,0.0,0.0,1.0,1.0,0.0,STU-13454,5.0
-0.9740099865018521,-1.2247380995076246e-15,0.14485031386512148,-0.13920650766754936,-0.42539682539682544,0.6900452488687783,-0.4,0.0,0.0,0.0,0.0,1.0,1.0,0.0,STU-11841,3.14
0.9350514822263613,0.8725422327219143,-1.0324207045904966e-15,-0.8416423654525358,0.7079365079365079,0.4886877828054299,-0.8,1.0,0.0,0.0,0.0,0.0,1.0,0.0,STU-11796,5.57
0.6396228730017219,1.7688483656143752,1.0667806976328347,-0.8416423654525358,1.807936507936508,1.3438914027149322,-0.8,0.0,0.0,1.0,0.0,0.0,1.0,0.0,STU-10625,5.71
1.1757045742391363,-0.02376390017054541,0.7631030771325157,0.555424507253159,1.2206349206349207,-0.7036199095022624,0.4,0.0,0.0,0.0,1.0,0.0,0.0,1.0,STU-12656,4.89
-0.5232344186271757,-1.5543789886484398,-1.5086670647442686,-1.5128588517804111,-1.3253968253968256,0.6855203619909503,1.8,0.0,0.0,1.0,0.0,0.0,1.0,0.0,STU-11255,2.24
-0.5699283021520422,-0.6856515059988245,0.9410959408228939,0.2120114212249439,0.4761904761904763,0.0,-1.0,0.0,0.0,0.0,0.0,1.0,1.0,0.0,STU-10537,4.69
-0.5492752382852738,-0.5339689296631769,0.11579025448710016,-1.2006651372093065,-0.3555555555555556,0.0,1.8,0.0,1.0,0.0,0.0,0.0,1.0,0.0,STU-14143,3.28
-1.1518059276157688,-0.5063902794203325,-1.970722008854801,-0.44359537937437643,-1.7000000000000002,2.1719457013574663,0.2,0.0,0.0,0.0,0.0,1.0,0.0,1.0,STU-12117,3.38
1.3786433757125969,0.7208596563862679,1.0667806976328347,-0.40457116505298846,0.577777777777778,-0.3710407239819004,-1.2,0.0,1.0,0.0,0.0,0.0,0.0,1.0,STU-11521,5.43
-0.986581416681624,0.2382332771364808,0.20369693410561399,-0.6933503510312606,-0.16666666666666652,-0.02262443438914019,-0.4,1.0,0.0,0.0,0.0,0.0,0.0,1.0,STU-10917,4.83
0.13586770651229235,-0.602915555270289,-2.9151739386404802,0.19640173549638829,-0.8317460317460319,0.29638009049773745,0.8,0.0,0.0,1.0,0.0,0.0,1.0,0.0,STU-12303,2.77
0.12419423563107602,-1.2247380995076246e-15,-1.9242259138499673,0.4929857643389379,-0.6650793650793652,-0.2285067873303167,-1.2,0.0,0.0,0.0,0.0,1.0,0.0,1.0,STU-13994,3.71
-0.36160174488725066,0.7622276317505344,0.1404913049584182,-0.20945009344604784,-0.5317460317460317,0.6266968325791856,0.0,0.0,0.0,0.0,0.0,1.0,0.0,1.0,STU-14735,3.61
0.0,-1.140699235005766,-1.1628523581458194,-0.8182278368597028,-0.16507936507936496,-0.5995475113122172,-0.6,0.0,1.0,0.0,0.0,0.0,0.0,1.0,STU-11164,3.97
1.3786433757125969,1.6999017400072631,1.0667806976328347,-1.2552990372592494,2.1301587301587306,0.07466063348416291,-0.2,0.0,0.0,0.0,0.0,1.0,1.0,0.0,STU-13754,5.33
1.2026433531957912,-0.12028917602050308,-0.26852903078722573,0.3134743784605529,-0.3968253968253969,-0.4705882352941177,-0.4,0.0,0.0,0.0,1.0,0.0,1.0,0.0,STU-11756,4.19
0.972765772765677,0.4450731539578183,1.0667806976328347,-1.4426152660019125,0.7873015873015873,-0.6085972850678733,-1.0,0.0,0.0,0.0,1.0,0.0,1.0,0.0,STU-14088,5.37
0.0,-0.727019481363091,0.00027651845946681075,0.8207891646385987,-0.6015873015873016,-0.257918552036199,-0.2,0.0,0.0,1.0,0.0,0.0,1.0,0.0,STU-14212,3.67
0.4402759087224825,0.8035956071148022,-0.7974221114672063,-0.295303364953102,0.8142857142857145,-0.3484162895927602,-0.6,0.0,0.0,0.0,1.0,0.0,0.0,1.0,STU-10248,4.73
-1.154499805511433,-2.712682298847927,-1.0182785627401658,-0.5918873937956516,-0.7507936507936509,-0.504524886877828,0.2,0.0,0.0,0.0,1.0,0.0,1.0,0.0,STU-12005,2.38
0.040684020865448034,-0.23060377699188292,-0.08545065670569434,0.6256680930316575,-0.8111111111111111,0.3144796380090497,0.0,0.0,0.0,0.0,1.0,0.0,1.0,0.0,STU-14621,4.29
0.6342351172103909,-1.4854323630413278,0.8451977448754254,1.0315199219740943,0.5936507936507938,-0.1651583710407241,0.6,0.0,0.0,1.0,0.0,0.0,0.0,1.0,STU-14675,5.23
-0.18470376307188954,-2.9471008259121088,-1.3975123376233385,-0.26408399349599143,-0.5253968253968255,0.28959276018099556,-0.2,0.0,0.0,0.0,1.0,0.0,1.0,0.0,STU-14335,2.72
-0.4882140059835254,-0.8235447572130487,-0.8460977109253915,0.23542594981777626,0.0,-0.0022624434389139788,-0.4,0.0,0.0,0.0,1.0,0.0,1.0,0.0,STU-14132,3.93
1.224194376361114,0.48644112932208605,1.0667806976328347,1.492005650966474,1.6063492063492064,0.9592760180995473,-1.0,0.0,1.0,0.0,0.0,0.0,0.0,1.0,STU-11562,5.06
-1.822581523636453,-0.299550402598995,-0.9819534885176395,-1.3021280944449156,-1.7476190476190478,-0.08144796380090505,-1.2,1.0,0.0,0.0,0.0,0.0,1.0,0.0,STU-12868,2.45
0.0,-1.0028059837915406,0.8444712433909745,0.04810972107511381,0.30317460317460326,0.5203619909502262,1.2,1.0,0.0,0.0,0.0,0.0,1.0,0.0,STU-11634,4.07
-0.3768670529626881,-1.1958565354914559,-1.449093943019325,0.19640173549638829,-1.0015873015873018,0.671945701357466,-0.6,1.0,0.0,0.0,0.0,0.0,1.0,0.0,STU-10920,3.21
0.2930105837594406,-0.40986500357037486,0.5967342371933465,-0.045548393296217765,0.22539682539682543,1.1063348416289591,0.2,0.0,0.0,1.0,0.0,0.0,0.0,1.0,STU-10159,4.53
-1.349356973297897,-1.0993312596414984,0.29450961966192934,0.10274362112505671,9.840447592051982,1.404977375565611,0.8,0.0,0.0,1.0,0.0,0.0,1.0,0.0,STU-12779,2.48
-0.005111903360862934,-0.547758254784599,1.0667806976328347,0.18859689263211082,0.4936507936507936,-0.8144796380090498,0.2,0.0,0.0,1.0,0.0,0.0,1.0,0.0,STU-10207,4.98
-0.026662926526186945,-0.8787020576987385,-1.0324207045904966e-15,0.6256680930316575,-0.980952380952381,1.6877828054298643,0.2,0.0,0.0,0.0,1.0,0.0,1.0,0.0,STU-13679,3.79
0.06941871841921296,0.84496358247907,1.0043015699700897,0.9066424361456522,-0.23809523809523814,0.2918552036199095,-1.0,1.0,0.0,0.0,0.0,0.0,1.0,0.0,STU-10955,5.48
-0.589683406720255,0.43128382883639615,-0.36878623564139856,0.477376078610383,0.006349206349206497,0.08144796380090505,-1.2,1.0,0.0,0.0,0.0,0.0,0.0,1.0,STU-10710,4.19
-0.9713161086061866,0.0038147500722989394,-1.9271319197877694,-0.6621309795741501,-0.05555555555555551,1.9117647058823528,-0.2,0.0,0.0,0.0,0.0,1.0,0.0,1.0,STU-14941,4.12
1.3786433757125969,0.596755730293466,1.0667806976328347,-0.5060341222885975,1.3333333333333337,0.0,0.8,1.0,0.0,0.0,0.0,0.0,1.0,0.0,STU-10423,4.66
0.7150514540803534,-0.2443931021133051,0.30976615083538983,-0.5606680223385411,0.9365079365079367,-0.2918552036199095,0.4,1.0,0.0,0.0,0.0,0.0,0.0,1.0,STU-14764,4.57
-0.21074458272998897,1.7688483656143752,-0.5562236186296333,1.5934686082020837,0.012698412698412712,0.984162895927602,-1.2,0.0,0.0,0.0,1.0,0.0,0.0,1.0,STU-10189,5.01
-1.2478875725611673,-1.2234351857343002,-0.39058128017491406,-1.5987121232874653,-0.27777777777777785,-0.8371040723981901,-1.2,0.0,0.0,0.0,1.0,0.0,1.0,0.0,STU-14844,3.18
0.2732554791912278,1.1345394100289417,-1.153407838847963,0.7037165216744341,-0.5809523809523811,0.3393665158371041,1.2,0.0,1.0,0.0,0.0,0.0,0.0,1.0,STU-13565,3.48
1.3786433757125969,-0.07892120065623533,0.7405815311145503,0.11054846398933486,0.5523809523809525,0.3325791855203619,1.6,0.0,0.0,0.0,0.0,1.0,1.0,0.0,STU-10257,4.56
0.23823506654757756,0.5002304544435082,1.0667806976328347,0.30566953559627547,-0.46349206349206357,-0.5656108597285068,-0.2,0.0,0.0,0.0,1.0,0.0,1.0,0.0,STU-12571,5.45
-0.4100915470092284,-0.8235447572130487,-2.33106674514226,0.5320099786603266,-1.6444444444444446,-1.0497737556561086,2.0,0.0,0.0,0.0,0.0,1.0,1.0,0.0,STU-13114,2.9
-0.28976500100284025,-0.478811629177487,-0.3549827074368378,-1.294323251580638,-0.6857142857142857,-0.8959276018099548,-1.2,1.0,0.0,0.0,0.0,0.0,1.0,0.0,STU-11057,2.99
0.6081942975522928,-0.23060377699188292,1.0667806976328347,0.4617663928818274,1.1111111111111116,0.19004524886877824,0.8,0.0,0.0,0.0,1.0,0.0,1.0,0.0,STU-13667,4.52
0.699786146004916,0.9966461588147175,1.0667806976328347,-1.1928602943450284,1.2142857142857146,0.328054298642534,-1.2,0.0,0.0,0.0,1.0,0.0,1.0,0.0,STU-10653,5.49
0.632439198613281,-0.06513187553481316,0.35553574435577245,-0.23286462203888092,-0.19841269841269846,2.4954751131221724,0.6,0.0,0.0,1.0,0.0,0.0,1.0,0.0,STU-12505,4.66
-0.27898948942017826,0.12791867616510097,0.6279738010247184,-1.6845653947945194,0.4095238095238096,-0.31900452488687786,0.0,0.0,0.0,0.0,0.0,1.0,0.0,1.0,STU-10981,4.36
1.3786433757125969,0.36233720322928403,1.0667806976328347,0.4929857643389379,0.9444444444444448,-0.5135746606334842,0.2,1.0,0.0,0.0,0.0,0.0,1.0,0.0,STU-11996,5.25
-1.8180917271436763,-0.8787020576987385,-1.979440026668207,0.5476196643888815,-1.3730158730158732,0.0,0.2,0.0,1.0,0.0,0.0,0.0,0.0,1.0,STU-14791,2.47
1.342725003770391,1.6171657892787277,1.0667806976328347,0.05591456393939127,1.3888888888888895,0.8099547511312215,0.6,0.0,0.0,0.0,0.0,1.0,0.0,1.0,STU-10334,6.56
-0.8456018068084674,0.41749450371497276,0.09472171143803558,-0.3031082078173794,0.18888888888888883,-0.7217194570135747,-0.8,1.0,0.0,0.0,0.0,0.0,1.0,0.0,STU-12385,4.05
-0.22331601290976089,-2.230055919598141,-1.1512283343946113,-0.9196907940953117,-0.8603174603174605,1.5226244343891402,0.0,0.0,0.0,0.0,1.0,0.0,1.0,0.0,STU-10998,3.06
-0.9111528356029925,-1.319960461584258,-1.2725540822978487,0.14957267831072285,-1.319047619047619,-1.160633484162896,-0.4,1.0,0.0,0.0,0.0,0.0,0.0,1.0,STU-14310,3.09
-0.36698950067858166,0.4588624790792405,-0.41019682025507787,0.0325000353465582,-0.19841269841269846,-0.04977375565610854,-0.8,0.0,0.0,0.0,0.0,1.0,0.0,1.0,STU-13005,4.47
-1.1275610265547793,-0.7408088064845144,-1.0324207045904966e-15,0.23542594981777626,-0.21269841269841272,-0.31900452488687786,-0.2,1.0,0.0,0.0,0.0,0.0,1.0,0.0,STU-14320,3.56
2.8353583431283984,-0.9890166586701185,-0.9441754113262126,-0.2718888363602689,-0.19841269841269846,12.600622984505918,-0.2,0.0,0.0,0.0,0.0,1.0,1.0,0.0,STU-13726,3.07
-0.6758874993815472,-1.0717526093986527,-1.4890515246641047,0.34469374991766344,-0.25873015873015864,-0.07013574660633476,-0.8,1.0,0.0,0.0,0.0,0.0,1.0,0.0,STU-10596,2.82
-0.3041323497797221,0.3761265283507062,-2.0644407003489182,0.7505455788600996,-0.012698412698412712,-0.9841628959276018,-0.2,0.0,1.0,0.0,0.0,0.0,1.0,0.0,STU-13934,3.7
-0.9452752889480871,-0.21681445187046075,-0.3520767014990363,-0.20945009344604784,-0.22380952380952387,-0.5542986425339367,-1.2,0.0,0.0,0.0,0.0,1.0,1.0,0.0,STU-12715,3.84
-0.22511193150687078,-0.06513187553481316,-1.350289741134054,-0.8728617369096463,-0.02698412698412698,0.02714932126696835,0.0,0.0,0.0,0.0,1.0,0.0,1.0,0.0,STU-13329,2.56
1.3786433757125969,1.6033764641573054,0.8444712433909745,-0.11579197907471628,0.3047619047619048,-0.31221719457013575,0.6,0.0,0.0,1.0,0.0,0.0,0.0,1.0,STU-12672,5.36
1.3786433757125969,-1.2510138359771459,0.8967793502714121,0.02469519248228074,-0.6317460317460319,0.45022624434389147,0.8,0.0,0.0,0.0,0.0,1.0,1.0,0.0,STU-13451,3.67
0.20501057250103852,-0.8649127325773164,0.7500260504124068,-0.6543261367098727,-0.25714285714285706,-0.49547511312217196,0.0,0.0,0.0,0.0,0.0,1.0,1.0,0.0,STU-12856,3.46
0.14664321809495434,0.47265180420066266,-0.2866915678984888,-1.0289585941951982,-0.21587301587301583,1.2398190045248867,0.6,0.0,0.0,0.0,1.0,0.0,1.0,0.0,STU-13725,4.84
0.49415346663579124,0.6794916810220002,0.36788626959143145,0.45396155001754995,0.24603174603174618,-0.26923076923076933,-1.2,0.0,0.0,0.0,1.0,0.0,1.0,0.0,STU-13038,4.5
-0.44241808175721314,0.1003400259222566,0.45143394030324197,-1.8406622520800713,0.9904761904761907,1.2918552036199096,-0.4,0.0,0.0,0.0,0.0,1.0,1.0,0.0,STU-12327,4.67
0.6450106287930529,0.9828568336932941,1.0667806976328347,0.11835330685361233,0.9809523809523814,-0.6221719457013575,1.2,0.0,0.0,0.0,1.0,0.0,0.0,1.0,STU-10063,4.9
-1.2029896076334108,-0.49260095429890915,-1.0324207045904966e-15,1.5310298652878627,-0.6174603174603177,0.47285067873303166,1.0,0.0,0.0,0.0,0.0,1.0,1.0,0.0,STU-12186,2.83
-0.1514792690253505,0.7622276317505344,0.5545971510952163,-1.8562719378086268,0.488888888888889,-0.5950226244343891,-1.2,0.0,0.0,0.0,1.0,0.0,1.0,0.0,STU-11924,3.97
0.39088814730195043,0.2382332771364808,0.44925443584989033,1.585663765337805,-0.3396825396825398,-0.29638009049773745,-0.6,1.0,0.0,0.0,0.0,0.0,0.0,1.0,STU-11713,4.62
-0.7414385281760723,0.1692866515293687,0.723871996972188,0.21981626408922136,0.4650793650793651,1.1289592760180993,-1.0,0.0,0.0,0.0,1.0,0.0,0.0,1.0,STU-11393,4.27
0.06852075912065736,0.665702355900578,-0.360068217827992,-0.5996922366599291,-0.20793650793650806,1.0339366515837103,0.6,0.0,0.0,1.0,0.0,0.0,1.0,0.0,STU-14937,4.37
-0.26641805924040635,-0.8511234074558942,0.5487851392196123,0.26664532127488677,0.12380952380952373,1.4796380090497738,0.0,0.0,0.0,1.0,0.0,0.0,1.0,0.0,STU-14860,4.21
-1.87286724435554,0.6381237056577325,-0.2503664936759627,0.3524985927819409,0.3079365079365079,-0.009049773755656116,0.0,0.0,0.0,0.0,0.0,1.0,0.0,1.0,STU-14023,4.3
1.3166841841122927,-0.49260095429890915,-0.7632765416980318,-0.7479842510812043,-1.6190476190476193,-0.4366515837104073,0.4,0.0,0.0,1.0,0.0,0.0,1.0,0.0,STU-14028,2.71
-0.1353160016513575,0.541598429807776,0.6969914420475183,-1.1928602943450284,0.5047619047619049,-0.1402714932126697,-0.4,0.0,0.0,0.0,1.0,0.0,1.0,0.0,STU-10346,3.92
0.08737790439031587,0.5002304544435082,1.0667806976328347,0.45396155001754995,0.11904761904761907,1.321266968325792,-1.2,0.0,1.0,0.0,0.0,0.0,0.0,1.0,STU-11850,4.45
-0.17392825148922883,1.0380141341789841,0.14557681534957134,-0.8338375225882577,-0.22539682539682543,-1.169683257918552,-0.8,1.0,0.0,0.0,0.0,0.0,1.0,0.0,STU-13389,4.33
0.12778607282529583,-1.8439548161983117,1.0667806976328347,1.710541251166247,1.136507936507937,1.255656108597285,-0.4,0.0,0.0,1.0,0.0,0.0,1.0,0.0,STU-10470,4.39
0.45015346100658893,-0.9476486833058507,1.0667806976328347,-0.33432757927448997,0.9380952380952385,1.0610859728506787,0.2,0.0,0.0,0.0,0.0,1.0,1.0,0.0,STU-14387,4.5
-1.126663067256225,-0.35470770308468497,-0.7807125773248451,1.4451765937808079,-0.36190476190476184,1.7760180995475114,0.2,0.0,0.0,0.0,1.0,0.0,0.0,1.0,STU-13398,3.65
-1.4140100427938664,-2.2162665944767177,-0.9252863727304987,1.062739293431204,-0.5476190476190476,-0.6447963800904978,0.2,0.0,0.0,0.0,0.0,1.0,1.0,0.0,STU-12241,1.81
1.2206025391668929,-1.2247380995076246e-15,1.0667806976328347,-1.348957151630581,2.096825396825397,-0.7285067873303168,1.4,0.0,0.0,0.0,0.0,1.0,1.0,0.0,STU-12679,5.45
1.3786433757125969,0.2520226022579042,1.0667806976328347,-0.1314016648032719,1.1047619047619048,0.0,-0.2,0.0,0.0,0.0,0.0,1.0,1.0,0.0,STU-11910,5.72
0.6351330765089466,0.2796012525007486,-0.19369937788882183,0.1417678354464454,0.3349206349206349,0.11312217194570136,0.4,0.0,0.0,1.0,0.0,0.0,0.0,1.0,STU-11175,3.69
-1.8764590815497606,-2.3679491708123654,-0.4937444909668884,0.10274362112505671,-0.3809523809523811,0.19683257918552038,0.8,0.0,0.0,1.0,0.0,0.0,1.0,0.0,STU-12695,2.74
1.206235190390011,0.5553877549291981,1.0667806976328347,-1.5128588517804111,0.41746031746031764,-0.45701357466063347,1.0,1.0,0.0,0.0,0.0,0.0,1.0,0.0,STU-13070,4.12
-1.9402141917471751,0.07276137567941103,-2.0353806409708977,1.57005407960925,-1.0063492063492065,-0.07692307692307689,0.0,0.0,1.0,0.0,0.0,0.0,0.0,1.0,STU-10512,2.66
1.2313780507495549,1.5482191636716156,0.30540714192868657,-1.107007022837975,-0.3634920634920634,-0.21040723981900447,0.2,1.0,0.0,0.0,0.0,0.0,1.0,0.0,STU-13998,5.36
0.16729628196172278,-0.727019481363091,-1.6009327532694846,0.3837179642390514,-0.22698412698412698,-1.165158371040724,-0.2,1.0,0.0,0.0,0.0,0.0,1.0,0.0,STU-10906,3.45
-1.8926223489237528,0.0038147500722989394,-1.176655886350379,-2.6757804385577773,-0.5031746031746033,-0.8846153846153847,-0.4,1.0,0.0,0.0,0.0,0.0,0.0,1.0,STU-12878,2.99
-0.028458845123296852,0.6794916810220002,1.0667806976328347,-1.0211537513309208,0.9285714285714287,-0.036199095022624465,-0.2,0.0,0.0,0.0,0.0,1.0,0.0,1.0,STU-10979,5.17
-0.6273976972595707,-0.9338593581844286,0.2196799667635254,1.21103130785248,-0.5555555555555557,1.735294117647059,0.8,0.0,0.0,0.0,0.0,1.0,1.0,0.0,STU-10282,3.19
0.5327657164736613,-0.8235447572130487,-1.127980286892194,-0.08457260761760575,-0.8904761904761905,-0.20135746606334834,0.2,0.0,0.0,0.0,0.0,1.0,1.0,0.0,STU-10121,3.7
-0.6857650516656536,-0.42365432869179703,1.0667806976328347,-0.31091305068165687,0.13174603174603178,0.5882352941176472,-0.8,1.0,0.0,0.0,0.0,0.0,1.0,0.0,STU-13306,4.69
0.25529629322012487,-0.9200700330630064,0.046772613464300304,-1.294323251580638,-0.39841269841269844,1.321266968325792,0.8,0.0,1.0,0.0,0.0,0.0,0.0,1.0,STU-13985,3.35
0.9763576099598968,0.9414888583290276,1.0667806976328347,1.000300550516983,1.526984126984127,-0.09502262443438912,0.2,0.0,0.0,0.0,0.0,1.0,0.0,1.0,STU-13433,5.7
0.16280648546894608,0.36233720322928403,-1.9692690058858997,0.11835330685361233,-0.7142857142857144,1.255656108597285,-0.4,0.0,0.0,1.0,0.0,0.0,1.0,0.0,STU-12877,3.74
-1.9429080696428405,-1.44406438767706,-1.0466121206337362,0.8754230646885424,-0.5142857142857145,-0.11538461538461534,-0.4,0.0,1.0,0.0,0.0,0.0,1.0,0.0,STU-11948,2.4
-0.07694864724527332,-0.9890166586701185,-1.99760256377947,-1.270908722987805,-1.5095238095238097,0.21945701357466058,0.8,0.0,0.0,0.0,0.0,1.0,0.0,1.0,STU-13227,3.28
0.055051369642331136,-0.2443931021133051,-1.0324207045904966e-15,-0.1470113505318268,-1.185714285714286,1.1131221719457016,-1.2,0.0,0.0,0.0,0.0,1.0,1.0,0.0,STU-13685,2.7
0.3504799788669692,-0.40986500357037486,-0.7552850253690762,-0.6543261367098727,-0.7047619047619048,0.7624434389140272,0.0,0.0,0.0,0.0,0.0,1.0,1.0,0.0,STU-14154,3.21
1.3786433757125969,-0.9614380084272741,0.5051950501525803,0.14957267831072285,0.25714285714285734,-0.5610859728506787,0.0,0.0,0.0,0.0,1.0,0.0,1.0,0.0,STU-11260,4.59
1.3786433757125969,1.7550590404929531,1.0667806976328347,0.9144472790099297,1.7333333333333336,0.2941176470588235,0.0,0.0,0.0,0.0,0.0,1.0,1.0,0.0,STU-10307,5.36
0.7383983958427873,1.1759073853932094,0.7667355845547691,-0.2718888363602689,-0.004761904761904661,-0.43891402714932126,0.2,0.0,0.0,0.0,0.0,1.0,1.0,0.0,STU-14775,5.07
-1.6007855768933352,-2.657524998362237,-0.7095154318486936,-0.31091305068165687,-0.9714285714285716,-0.02262443438914019,-0.6,1.0,0.0,0.0,0.0,0.0,1.0,0.0,STU-11571,3.4
0.5399493908621023,1.3827472622145458,1.0515241664593742,1.0315199219740943,0.550793650793651,-0.7058823529411765,1.2,0.0,1.0,0.0,0.0,0.0,1.0,0.0,STU-12019,4.94
0.13047995072096133,-1.2247380995076246e-15,1.0667806976328347,-0.8026181511311471,1.3317460317460317,-0.32352941176470584,0.2,0.0,0.0,0.0,0.0,1.0,0.0,1.0,STU-14957,4.66
-0.4073976691135629,-0.21681445187046075,-1.2158869665107077,-0.295303364953102,-1.3444444444444446,-0.8597285067873303,1.2,0.0,0.0,0.0,1.0,0.0,1.0,0.0,STU-10372,1.61
0.6629698147641558,-0.32712905284183935,0.09980722182918875,-0.9977392227380878,-1.2015873015873018,-0.49095022624434387,-0.4,0.0,0.0,1.0,0.0,0.0,1.0,0.0,STU-10271,3.04
1.1020719117576159,1.3689579370931235,0.4826735041346139,0.414937335696162,0.5984126984126984,0.11538461538461534,1.0,0.0,0.0,1.0,0.0,0.0,1.0,0.0,STU-12621,4.49
-1.5837243502207867,-1.2247380995076246e-15,-0.7298574734133083,1.8198090512661342,-1.1746031746031746,0.6877828054298643,0.4,0.0,0.0,0.0,0.0,1.0,0.0,1.0,STU-10495,3.06
1.1379902836998206,1.4103259124573913,-0.5133600310470522,-0.38896147932443353,-0.004761904761904661,-0.5995475113122172,0.0,0.0,0.0,0.0,0.0,1.0,1.0,0.0,STU-10251,4.52
-0.2646221406432964,0.12791867616510097,-1.0324207045904966e-15,-0.40457116505298846,0.028571428571428532,0.06108597285067864,-0.6,0.0,0.0,1.0,0.0,0.0,0.0,1.0,STU-13439,3.65
-0.10837722269470375,-0.8373340823344708,0.4296388957697265,0.5085954500674935,-0.3698412698412699,-0.2805429864253394,-0.6,0.0,0.0,0.0,1.0,0.0,1.0,0.0,STU-14623,3.39
1.3624801083386038,-0.4374436538132192,0.7042564568920242,0.2588404784106093,-0.15238095238095226,0.5248868778280542,0.6,0.0,0.0,1.0,0.0,0.0,1.0,0.0,STU-10108,3.65
1.3678678641299349,1.6861124148858408,1.0667806976328347,-0.8962762655024787,0.4857142857142859,-0.4434389140271493,0.0,0.0,0.0,0.0,0.0,1.0,0.0,1.0,STU-12537,5.83
-0.7504181211616231,-0.5201796045417547,1.0667806976328347,-1.372371680223414,0.03174603174603192,0.0,-1.0,0.0,0.0,0.0,0.0,1.0,0.0,1.0,STU-12104,4.04
-0.5178466628358446,0.18307597665079087,0.6352388158692243,0.375913121374774,-0.3238095238095237,0.2398190045248868,-1.2,0.0,0.0,1.0,0.0,0.0,1.0,0.0,STU-13562,4.3
-0.919234469289989,-0.28576107747757284,-1.5253765988866308,-0.49822927942432005,-0.4587301587301589,0.9570135746606334,0.2,0.0,1.0,0.0,0.0,0.0,1.0,0.0,STU-14399,3.53
0.44476570521525793,-0.42365432869179703,-0.8104991381873162,0.18859689263211082,-0.40793650793650804,-0.5701357466063348,0.4,0.0,1.0,0.0,0.0,0.0,0.0,1.0,STU-13394,3.96
0.07121463701632287,1.272432661243166,-1.0324207045904966e-15,0.5710341929817145,-1.7476190476190478,0.2488687782805429,-1.0,0.0,0.0,1.0,0.0,0.0,1.0,0.0,STU-14151,4.64
-1.9114794941934108,-1.1820672103700325,-0.16754532444860307,1.1173731934811477,-0.0460317460317459,-0.35294117647058815,0.4,0.0,0.0,0.0,1.0,0.0,1.0,0.0,STU-13071,4.48
-0.4882140059835254,-1.2785924862199902,-0.5656681379274898,0.0325000353465582,0.1015873015873017,0.21040723981900447,-0.8,0.0,0.0,0.0,1.0,0.0,1.0,0.0,STU-11186,4.21
-0.5501731975838293,-0.42365432869179703,0.040234100104246384,1.0861538220240379,-0.138095238095238,-0.2533936651583711,1.0,0.0,0.0,1.0,0.0,0.0,0.0,1.0,STU-13463,4.78
-0.8420099696142476,1.162118060271786,1.0667806976328347,-0.5138389651528756,0.18730158730158727,-0.41628959276018096,0.6,0.0,0.0,0.0,1.0,0.0,1.0,0.0,STU-13516,4.47
0.6450106287930529,1.575797813914461,0.8742578042534457,-0.23286462203888092,-0.26190476190476203,-1.0746606334841629,0.6,1.0,0.0,0.0,0.0,0.0,1.0,0.0,STU-12480,4.71
-1.1733569507810915,-1.5268003384055944,-2.8083782204262535,-0.6231067652527621,-0.4301587301587301,-0.8099547511312217,-0.6,1.0,0.0,0.0,0.0,0.0,1.0,0.0,STU-14128,2.58
-0.3032343904811678,0.1692866515293687,-0.21040891203118414,0.2588404784106093,-0.08730158730158714,2.5226244343891406,-0.8,0.0,0.0,0.0,0.0,1.0,0.0,1.0,STU-13712,3.85
0.0,-1.9266907669268458,-0.7298574734133083,1.2422506793095898,-0.1809523809523811,-0.10407239819004524,0.0,0.0,0.0,0.0,0.0,1.0,1.0,0.0,STU-10626,3.45
0.8641126976405052,0.38991585347212837,1.0667806976328347,-0.07676776475332829,0.7063492063492066,0.916289592760181,-1.2,0.0,0.0,1.0,0.0,0.0,1.0,0.0,STU-11212,4.95
-0.5492752382852738,-0.037553225291967585,-0.1733573363242071,-0.8962762655024787,0.10634920634920636,0.1832579185520361,1.6,0.0,0.0,0.0,0.0,1.0,1.0,0.0,STU-12829,3.58
-1.4544182112288477,-2.533421072269435,-0.7480200105245713,1.062739293431204,-1.6174603174603177,-0.6289592760180996,0.0,0.0,0.0,0.0,1.0,0.0,1.0,0.0,STU-12917,2.04
-1.0323773409079349,-1.4302750625556377,-1.12144177353214,0.9924957076527057,-0.9492063492063493,-1.01131221719457,0.6,0.0,0.0,0.0,0.0,1.0,0.0,1.0,STU-13878,3.76
0.3576636532554101,-0.5063902794203325,1.0217376055969019,0.4071324928318845,0.18888888888888883,-0.328054298642534,1.0,0.0,0.0,0.0,1.0,0.0,1.0,0.0,STU-14273,4.75
0.31725548482043014,0.36233720322928403,1.0667806976328347,0.3915228071033289,0.5412698412698413,-0.006787330316742138,-0.2,0.0,0.0,0.0,1.0,0.0,1.0,0.0,STU-11076,4.51
-1.822581523636453,-0.35470770308468497,-1.165758364083622,-0.8572520511810907,-0.10317460317460325,0.7171945701357468,-0.2,0.0,0.0,0.0,0.0,1.0,1.0,0.0,STU-11919,3.1
0.0,-1.9680587422911135,-0.8766107732723136,-0.8494472083168133,-1.63968253968254,-0.28733031674208154,-0.6,0.0,0.0,1.0,0.0,0.0,0.0,1.0,STU-13190,3.02
-0.15776498411523582,0.6381237056577325,1.0667806976328347,0.9612763361955958,0.46031746031746046,0.502262443438914,0.4,0.0,0.0,0.0,1.0,0.0,1.0,0.0,STU-11547,4.78
-0.009601699853638344,0.8035956071148022,0.08818319807798064,-0.22505977917460346,-0.373015873015873,0.22171945701357457,0.2,0.0,0.0,0.0,1.0,0.0,0.0,1.0,STU-13020,3.94
1.3786433757125969,0.03139340031514451,-1.0324207045904966e-15,-0.396766322188711,0.0714285714285716,0.09954751131221728,-0.6,0.0,0.0,0.0,0.0,1.0,0.0,1.0,STU-14872,4.87
-0.5286221744185053,-1.2785924862199902,-0.9020383252280815,0.13396299258216723,-0.4746031746031747,-0.9049773755656109,-1.2,0.0,0.0,1.0,0.0,0.0,1.0,0.0,STU-12274,2.74
-1.299969211877365,-1.2096458606128782,-1.5340946167000364,-0.5528631794742637,-0.9111111111111113,-0.3823529411764707,-0.8,0.0,0.0,1.0,0.0,0.0,1.0,0.0,STU-13527,3.24
-0.3373568438262624,-1.2234351857343002,-1.7745666080531595,-0.045548393296217765,-0.45396825396825397,-0.1855203619909503,-0.6,0.0,0.0,0.0,1.0,0.0,1.0,0.0,STU-12360,3.04
1.1290106907142696,1.7688483656143752,-0.44797489744650476,0.20420657836066575,-0.02698412698412698,-0.6176470588235294,-1.2,0.0,0.0,0.0,0.0,1.0,0.0,1.0,STU-12036,5.19
0.6881126751236997,-0.2443931021133051,0.2625435543461065,-0.7323745653526487,-0.06507936507936511,0.0,1.0,0.0,0.0,0.0,0.0,1.0,1.0,0.0,STU-14740,4.46
0.30468405464065823,1.2862219863645894,1.0667806976328347,1.3281039508166446,0.1047619047619048,0.572398190045249,-1.2,0.0,0.0,0.0,1.0,0.0,1.0,0.0,STU-11682,4.71
-0.42625481438322016,0.6794916810220002,0.23348349496808518,-0.37335179359587795,-0.23174603174603164,2.7624434389140275,-1.0,0.0,0.0,1.0,0.0,0.0,0.0,1.0,STU-12064,3.74
0.0,0.29339057762217075,-0.9056708326503349,0.7271310502672672,-0.6571428571428573,-0.09954751131221728,0.4,0.0,0.0,1.0,0.0,0.0,0.0,1.0,STU-13827,4.63
-0.7980099639850453,-0.4374436538132192,1.0667806976328347,-0.6465212938455952,0.1968253968253969,-1.144796380090498,0.4,0.0,0.0,0.0,1.0,0.0,1.0,0.0,STU-12607,4.43
0.3289289557016465,-0.49260095429890915,-0.2133149179689867,0.4617663928818274,-0.13650793650793644,1.4909502262443441,-0.8,0.0,1.0,0.0,0.0,0.0,0.0,1.0,STU-14601,4.5
-0.7010303597410911,0.15549732640794653,-1.4367434177836662,-1.005544065602366,-0.9841269841269843,-0.3144796380090497,0.4,0.0,0.0,0.0,1.0,0.0,0.0,1.0,STU-11011,3.08
0.6647657333612658,0.15549732640794653,0.3795102933426406,-0.061158079024773375,0.5587301587301587,0.21266968325791866,-0.2,1.0,0.0,0.0,0.0,0.0,1.0,0.0,STU-14409,4.56
-0.5438874824939428,-0.7545981316059366,0.8459242463598753,0.1573775211750003,-0.17142857142857146,-0.042986425339366606,0.0,0.0,1.0,0.0,0.0,0.0,1.0,0.0,STU-13140,4.09
1.3786433757125969,0.9552781834504498,0.47322898483675746,-0.9431053226881448,10.064463812947789,0.04751131221719456,-0.8,0.0,0.0,0.0,1.0,0.0,1.0,0.0,STU-12818,5.52
0.20141873530681742,0.596755730293466,1.0667806976328347,-2.441635152629449,0.7365079365079364,-0.6018099547511313,0.4,0.0,0.0,0.0,1.0,0.0,0.0,1.0,STU-12339,3.61
0.3450922230756382,-0.5339689296631769,0.2145944563723712,0.10274362112505671,0.4857142857142859,-0.3506787330316742,0.0,0.0,0.0,0.0,1.0,0.0,1.0,0.0,STU-13180,4.05
-0.4980915582676318,-0.6442835306345567,0.12014926339380347,0.16518236403927777,-0.11111111111111102,-0.916289592760181,0.0,0.0,1.0,0.0,0.0,0.0,1.0,0.0,STU-14101,3.0
-0.13800987954702298,-0.1064998508990809,1.0667806976328347,0.6256680930316575,0.14920634920634915,-0.6221719457013575,1.0,0.0,0.0,0.0,0.0,1.0,0.0,1.0,STU-12624,4.47
0.4636228504849164,0.9139102080861821,1.0667806976328347,0.29786469273199734,0.6777777777777781,-0.23076923076923087,0.4,0.0,0.0,0.0,0.0,1.0,1.0,0.0,STU-11499,5.09
1.036520882963091,-0.16165715138477083,1.0667806976328347,0.7037165216744341,1.374603174603175,-0.3031674208144796,1.2,0.0,0.0,0.0,0.0,1.0,1.0,0.0,STU-14228,5.36
1.3786433757125969,-0.13407850114192527,-0.20023789124887678,0.04810972107511381,0.30317460317460326,0.6538461538461537,-0.4,0.0,0.0,0.0,0.0,1.0,1.0,0.0,STU-11196,3.61
0.5695820477144214,0.48644112932208605,0.7202394895499356,-0.34993726500304556,0.5317460317460317,-0.7126696832579186,0.8,0.0,0.0,0.0,0.0,1.0,0.0,1.0,STU-11572,5.51
-1.6735202800763,-1.5543789886484398,-0.43344486775749513,1.4607862795093642,-0.2984126984126983,1.4683257918552035,1.0,0.0,0.0,1.0,0.0,0.0,0.0,1.0,STU-13599,3.17
1.29872499814119,0.34854787810786064,0.296689124115281,-0.34993726500304556,-0.173015873015873,2.131221719457014,0.8,0.0,1.0,0.0,0.0,0.0,0.0,1.0,STU-14167,5.4
0.6234596056277302,0.7760169568719578,0.7623765756480657,0.8363988503671537,1.1063492063492066,0.17420814479638,-0.2,0.0,0.0,0.0,1.0,0.0,0.0,1.0,STU-10242,5.55
-0.6013568776014714,-1.0993312596414984,-1.0324207045904966e-15,-1.6689557090659637,0.0,-0.22171945701357476,-0.8,0.0,0.0,0.0,1.0,0.0,1.0,0.0,STU-13982,3.39
1.238561725137996,0.8725422327219143,0.8902408369113571,1.0861538220240379,-0.019047619047618928,0.6153846153846153,-1.2,0.0,0.0,0.0,1.0,0.0,0.0,1.0,STU-13336,5.7
0.9709698541685658,-0.4512329789346426,1.0667806976328347,0.5242051357960484,0.30634920634920637,0.12443438914027145,1.0,0.0,0.0,0.0,0.0,1.0,1.0,0.0,STU-11767,4.81
0.0,-0.06513187553481316,0.16664535839863695,0.4461567071532725,-0.006349206349206215,-1.1221719457013575,-0.2,0.0,0.0,0.0,0.0,1.0,1.0,0.0,STU-10066,4.12
1.084112725786513,1.272432661243166,0.9817800239521234,-0.6543261367098727,0.3825396825396826,0.0,1.8,0.0,0.0,0.0,1.0,0.0,1.0,0.0,STU-12153,4.35
-0.6884589295613192,-1.0993312596414984,-0.28523856492958805,-0.3265227364102125,0.1539682539682541,-0.49321266968325794,0.8,0.0,1.0,0.0,0.0,0.0,1.0,0.0,STU-10517,3.19
1.1047657896532814,0.8863315578433377,0.8103256736218,2.0539543371944635,0.3968253968253969,1.6561085972850678,0.2,0.0,1.0,0.0,0.0,0.0,0.0,1.0,STU-12670,5.39
0.6899085937208096,0.9001208829647599,0.6272472995402686,-1.0367634370594765,0.16825396825396835,-0.8597285067873303,0.0,0.0,0.0,0.0,0.0,1.0,1.0,0.0,STU-14919,4.76
-0.04372415319873427,-0.478811629177487,0.3620742577158274,-1.411395894544802,0.21269841269841272,1.2036199095022624,-0.4,1.0,0.0,0.0,0.0,0.0,0.0,1.0,STU-13292,4.69
-1.2658467585322704,-0.12028917602050308,-1.085116699309614,2.046149494330186,-0.6857142857142857,-0.12217194570135748,-1.0,0.0,0.0,1.0,0.0,0.0,1.0,0.0,STU-12325,3.3
-1.8216835643378975,-1.4164857374342144,-2.9972686063833893,-0.3811566364601561,-1.7476190476190478,0.24208144796380096,-0.8,0.0,0.0,0.0,1.0,0.0,1.0,0.0,STU-14873,1.0
0.5866432743869701,0.36233720322928403,1.0667806976328347,-0.8884714226382012,-0.16190476190476186,0.3823529411764707,-0.4,0.0,0.0,0.0,1.0,0.0,1.0,0.0,STU-10315,3.74
0.4609289725892509,1.3413792868502792,1.0667806976328347,-0.7870084654025923,0.7222222222222222,-0.6040723981900452,-1.2,0.0,1.0,0.0,0.0,0.0,1.0,0.0,STU-11684,4.81
-0.5717242207491521,0.22444395201505862,0.11942276190935257,-0.26408399349599143,0.3682539682539684,1.2126696832579187,1.6,0.0,1.0,0.0,0.0,0.0,1.0,0.0,STU-14855,4.66
1.3786433757125969,-1.2247380995076246e-15,0.37224527849813477,1.0783489791597605,0.3365079365079367,-0.6244343891402716,-1.2,0.0,1.0,0.0,0.0,0.0,1.0,0.0,STU-12879,5.12
-0.10927518199325806,0.15549732640794653,-0.397119793534969,-0.8104229939954253,0.2587301587301589,-0.14479638009049767,0.2,0.0,0.0,0.0,0.0,1.0,1.0,0.0,STU-10603,4.23
0.6908065530193652,-0.05134255041339098,1.0667806976328347,0.06371940680366872,0.24444444444444463,-0.7420814479638009,0.2,0.0,0.0,0.0,1.0,0.0,1.0,0.0,STU-11389,4.93
1.3786433757125969,1.162118060271786,1.0667806976328347,-0.5606680223385411,1.6952380952380957,0.05656108597285068,-1.2,0.0,0.0,0.0,0.0,1.0,1.0,0.0,STU-10883,5.07
-0.8267446615388102,-0.07892120065623533,-2.3252547332666555,0.3212792213248304,-1.2031746031746033,-0.8891402714932126,-0.2,0.0,0.0,0.0,0.0,1.0,1.0,0.0,STU-12494,2.87
-1.687887628853183,-1.678482914741242,-1.0324207045904966e-15,1.2812748936309786,-0.3428571428571429,0.07013574660633476,0.6,0.0,1.0,0.0,0.0,0.0,0.0,1.0,STU-13107,2.5
-1.1841324623637535,1.7688483656143752,1.0667806976328347,1.3359087936809222,1.3460317460317461,-0.4117647058823529,-1.2,0.0,0.0,0.0,0.0,1.0,1.0,0.0,STU-13840,5.68
0.9188882148523683,0.7070703312648458,-1.0324207045904966e-15,-1.3255426230377487,-0.6650793650793652,0.2805429864253394,-1.0,1.0,0.0,0.0,0.0,0.0,1.0,0.0,STU-12350,3.98
0.5552146989375396,-0.2719717523561507,-0.09562167748800168,2.249075408801404,-0.13333333333333333,0.9411764705882352,0.8,0.0,0.0,1.0,0.0,0.0,1.0,0.0,STU-13253,4.02
-0.8375201731214722,-1.2247380995076246e-15,0.3635272606847281,1.164202250666814,0.30952380952380976,-1.1628959276018098,-0.6,1.0,0.0,0.0,0.0,0.0,1.0,0.0,STU-12694,3.92
-1.518173321426263,0.08655070080083443,-0.811952141156217,0.6178632501673801,-0.020634920634920482,-0.35520361990950233,0.8,0.0,0.0,0.0,1.0,0.0,0.0,1.0,STU-14649,3.58
0.6333371579118366,1.3000113114860115,-0.14865628585289015,2.124197922972962,-0.311111111111111,0.0542986425339367,-1.0,0.0,0.0,0.0,0.0,1.0,0.0,1.0,STU-14130,4.55
-1.8010305004711291,-1.0028059837915406,-1.239135014013124,0.7349358931315447,-0.10634920634920636,-0.11538461538461534,-0.8,0.0,0.0,1.0,0.0,0.0,0.0,1.0,STU-12309,3.67
-0.09131599602215643,0.41749450371497276,0.5364346139839532,-1.7626138234372952,-0.6063492063492065,0.1085972850678732,-0.8,0.0,0.0,0.0,0.0,1.0,0.0,1.0,STU-11699,5.18
0.6728473670482623,1.5206405134287713,-0.1631863155419008,0.656887464488768,0.6174603174603177,0.05656108597285068,-1.0,0.0,0.0,0.0,0.0,1.0,0.0,1.0,STU-14662,5.04
-0.42445889578611024,-0.478811629177487,-0.8620807435833029,-0.0221338647033847,-0.37142857142857144,-0.39819004524886875,-0.4,0.0,0.0,1.0,0.0,0.0,1.0,0.0,STU-14787,3.43
1.3786433757125969,0.3347585529864385,1.0667806976328347,0.6724971502173236,1.7746031746031752,-0.058823529411764656,-1.0,0.0,1.0,0.0,0.0,0.0,1.0,0.0,STU-10956,5.03
1.3786433757125969,-1.2247380995076246e-15,-0.15301529475959344,0.1417678354464454,0.5031746031746033,0.40723981900452483,-0.4,1.0,0.0,0.0,0.0,0.0,1.0,0.0,STU-12583,4.87
0.9601943425859051,0.4037051785935506,1.0667806976328347,0.8676182218242635,0.4682539682539685,0.5429864253393664,0.2,0.0,1.0,0.0,0.0,0.0,1.0,0.0,STU-11041,5.99
-0.8635609927795703,-0.547758254784599,0.6018197475844996,1.476395965237919,0.0,0.0,0.4,0.0,0.0,0.0,0.0,1.0,1.0,0.0,STU-10685,3.54
-0.8249487429417003,-0.9476486833058507,-0.3695127371258485,0.6334729358959357,-0.23174603174603164,2.7624434389140275,-0.6,1.0,0.0,0.0,0.0,0.0,0.0,1.0,STU-12697,3.67
-0.5807038137347029,0.9552781834504498,-0.1275877428038245,-0.5372534937457081,0.44761904761904775,-0.5927601809954751,-1.2,0.0,0.0,0.0,0.0,1.0,0.0,1.0,STU-12098,3.22
-0.2466629546721935,-1.0579632842772306,-0.5228045503449087,-0.6153019223884847,-0.26825396825396824,-0.5950226244343891,-0.4,0.0,0.0,1.0,0.0,0.0,1.0,0.0,STU-12214,2.3
-1.7507447797520415,1.6861124148858408,0.3526297384179709,1.429566908052253,-0.37460317460317455,-0.07918552036199088,0.4,0.0,1.0,0.0,0.0,0.0,1.0,0.0,STU-14691,5.12
-2.2661734171226886,-0.32712905284183935,-1.0324207045904966e-15,-0.44359537937437643,-0.7476190476190477,-0.45701357466063347,0.6,0.0,1.0,0.0,0.0,0.0,1.0,0.0,STU-14587,2.53
-0.16943845499645213,0.15549732640794653,0.7282310058788913,0.414937335696162,-0.034920634920635026,0.5565610859728507,0.4,0.0,0.0,0.0,1.0,0.0,1.0,0.0,STU-11619,5.06
1.3786433757125969,0.07276137567941103,1.0667806976328347,-0.22505977917460346,0.9412698412698417,0.25565610859728505,0.6,1.0,0.0,0.0,0.0,0.0,1.0,0.0,STU-13498,5.54
0.6055004196566273,1.5895871390358833,0.6882734242341128,0.8051794789100425,-0.21904761904761894,0.3619909502262443,-1.2,0.0,0.0,1.0,0.0,0.0,1.0,0.0,STU-13149,4.64
-1.1078059219865664,-1.678482914741242,-2.6667104309584015,0.7739601074529326,-1.4841269841269844,0.24660633484162894,-1.0,1.0,0.0,0.0,0.0,0.0,0.0,1.0,STU-13401,2.48
0.22117383987503023,0.2796012525007486,1.0667806976328347,0.5476196643888815,1.3952380952380956,-0.9841628959276018,1.4,0.0,0.0,1.0,0.0,0.0,1.0,0.0,STU-13011,4.92
-0.6983364818454255,-1.1958565354914559,0.3940403230316502,0.43835186428899503,-0.6809523809523811,-0.5542986425339367,0.6,0.0,0.0,1.0,0.0,0.0,1.0,0.0,STU-11231,3.59
1.3786433757125969,0.36233720322928403,0.69917094650087,0.21981626408922136,0.15873015873015875,-0.07466063348416291,0.6,0.0,0.0,0.0,1.0,0.0,0.0,1.0,STU-13287,4.94
2.417354865013606,-1.4164857374342144,-0.8555422302232479,-1.38641860024038e-15,-0.9412698412698414,0.14705882352941185,0.4,0.0,0.0,1.0,0.0,0.0,1.0,0.0,STU-13555,3.05
1.3786433757125969,1.1759073853932094,1.0667806976328347,1.5622492367449725,0.8936507936507939,1.0633484162895928,1.4,0.0,0.0,0.0,1.0,0.0,0.0,1.0,STU-12276,6.17
1.1649290626564754,0.0038147500722989394,1.0667806976328347,-1.5206636946446892,-0.5634920634920634,-0.7692307692307693,1.2,0.0,0.0,0.0,1.0,0.0,1.0,0.0,STU-14086,3.73
1.3786433757125969,1.1345394100289417,1.0667806976328347,-1.6689557090659637,1.3920634920634924,0.5882352941176472,-0.4,0.0,0.0,0.0,0.0,1.0,1.0,0.0,STU-14218,5.88
0.20590853179959281,1.4654832129430813,0.2988686285686326,-0.33432757927448997,1.3873015873015875,0.18778280542986428,-0.6,0.0,0.0,0.0,0.0,1.0,0.0,1.0,STU-10033,5.73
-0.4433160410557687,-0.8511234074558942,0.46886997593005414,1.1563974078025365,0.26349206349206356,-0.34162895927601805,-0.2,0.0,1.0,0.0,0.0,0.0,1.0,0.0,STU-11988,3.89
0.5121126526068929,-0.8373340823344708,1.0667806976328347,0.10274362112505671,1.0174603174603178,-1.0339366515837105,-1.2,1.0,0.0,0.0,0.0,0.0,0.0,1.0,STU-13708,5.13
0.6800310414367032,1.6723230897644175,1.0667806976328347,1.648102508252026,1.3555555555555558,-0.20588235294117652,-0.4,0.0,1.0,0.0,0.0,0.0,1.0,0.0,STU-12020,5.65
0.0,-0.23060377699188292,-1.3837088094187786,-0.029938707567662853,-0.20158730158730157,-0.7986425339366516,-1.2,0.0,1.0,0.0,0.0,0.0,1.0,0.0,STU-10336,3.54
0.012847282610239982,-0.6856515059988245,1.0667806976328347,-0.05335323616049523,0.5206349206349207,0.8303167420814481,-0.6,0.0,0.0,1.0,0.0,0.0,1.0,0.0,STU-11282,4.66
1.2825617307671981,1.0104354839361398,0.5945547327399948,-0.5138389651528756,0.7920634920634922,0.6900452488687783,-0.8,0.0,0.0,0.0,1.0,0.0,0.0,1.0,STU-14870,5.87
-0.5160507442387334,0.36233720322928403,1.0667806976328347,0.2276211069534988,1.058730158730159,-0.7262443438914027,-0.6,1.0,0.0,0.0,0.0,0.0,1.0,0.0,STU-12982,5.63
0.6135820533436238,1.630955114400151,1.0667806976328347,-0.12359682193899443,0.5555555555555557,0.2171945701357466,0.8,0.0,0.0,1.0,0.0,0.0,1.0,0.0,STU-12922,5.79
0.11162280545130411,-0.6994408311202467,0.28869760778632525,0.9378618076027634,-0.25238095238095243,0.9298642533936653,-0.2,1.0,0.0,0.0,0.0,0.0,1.0,0.0,STU-10092,4.79
1.1137453826388324,0.7622276317505344,0.649042344073784,-1.9733445807727907,0.21269841269841272,2.7624434389140275,-0.6,1.0,0.0,0.0,0.0,0.0,1.0,0.0,STU-11284,4.35
0.9323576043306958,0.5002304544435082,0.05331112682435526,-0.6855455081669832,0.21587301587301583,1.583710407239819,-1.2,0.0,0.0,0.0,0.0,1.0,1.0,0.0,STU-14591,5.85
0.7823984014719884,-0.35470770308468497,0.9367369319161906,-0.7479842510812043,0.5492063492063495,1.0678733031674208,0.6,0.0,0.0,0.0,0.0,1.0,1.0,0.0,STU-14815,4.13
-0.27988744871873383,-0.7821767818487809,-1.2434940229198272,0.07152424966794618,-0.7380952380952381,0.013574660633484075,0.4,0.0,0.0,0.0,0.0,1.0,1.0,0.0,STU-12547,3.23
0.7348065586485663,0.6794916810220002,1.0667806976328347,-0.5918873937956516,1.1761904761904767,-0.8665158371040724,-0.6,1.0,0.0,0.0,0.0,0.0,0.0,1.0,STU-10360,4.78
-2.0515611447680118,-0.6994408311202467,-1.0793046874340098,0.07152424966794618,0.25714285714285734,-0.38687782805429866,0.6,0.0,0.0,1.0,0.0,0.0,0.0,1.0,STU-14810,3.85
1.355296433950163,0.2520226022579042,0.8640867834711383,2.124197922972962,0.1111111111111113,2.7624434389140275,-0.2,1.0,0.0,0.0,0.0,0.0,1.0,0.0,STU-13099,5.47
0.370235083435182,-0.49260095429890915,-0.8337471856897325,-0.8650568940453682,-1.0285714285714287,0.9027149321266967,0.2,0.0,0.0,0.0,0.0,1.0,1.0,0.0,STU-11900,3.73
0.0,-0.3822863533275293,1.0667806976328347,-0.3031082078173794,0.8174603174603177,-0.25113122171945707,-0.2,0.0,0.0,0.0,1.0,0.0,1.0,0.0,STU-13422,4.31
-1.117683474270673,0.8311742573576478,1.0667806976328347,1.132982879209704,0.3936507936507938,-0.09049773755656117,-0.8,0.0,0.0,0.0,1.0,0.0,1.0,0.0,STU-10086,4.17
0.8695004534318362,0.7760169568719578,-0.13775876358613187,-0.34213242213876743,-0.41587301587301584,-0.4638009049773755,-0.2,0.0,1.0,0.0,0.0,0.0,0.0,1.0,STU-11776,4.79
1.3786433757125969,1.7688483656143752,1.0667806976328347,-1.7938331948944057,1.061904761904762,-0.31900452488687786,0.0,0.0,0.0,0.0,0.0,1.0,1.0,0.0,STU-12592,5.0
0.027214631387121803,0.5691770800506203,0.30903964935093897,0.7115213645387116,0.4952380952380955,0.0,-0.2,0.0,0.0,0.0,0.0,1.0,1.0,0.0,STU-14988,4.47
1.3786433757125969,0.9001208829647599,1.0667806976328347,1.3359087936809222,0.3285714285714287,1.2058823529411764,2.2,0.0,0.0,0.0,1.0,0.0,0.0,1.0,STU-12016,5.16
0.5354595943693268,0.26581192737932635,1.0667806976328347,0.6881068359458785,0.0,12.8393229438894,0.2,0.0,0.0,0.0,0.0,1.0,0.0,1.0,STU-13057,4.23
-1.0611120384616999,0.34854787810786064,-0.6128907344167742,0.539814821524604,-0.2428571428571428,-0.21040723981900447,0.2,0.0,1.0,0.0,0.0,0.0,0.0,1.0,STU-14585,3.8
-0.36609154138002736,-1.568168313769862,-0.030963045371905126,-1.4270055802733577,0.0,0.9638009049773757,-1.2,0.0,0.0,0.0,1.0,0.0,1.0,0.0,STU-14403,2.33
-1.3116426827585812,-0.658072855755979,-1.3648197708230647,0.3837179642390514,-0.12698412698412684,-0.5633484162895929,-0.2,0.0,0.0,1.0,0.0,0.0,1.0,0.0,STU-12919,3.2
-0.6408670867378969,-2.9884688012763765,-1.0324207045904966e-15,-1.5831024375589096,-0.5904761904761907,-0.8190045248868779,0.4,0.0,0.0,0.0,1.0,0.0,1.0,0.0,STU-12315,2.41
0.7383983958427873,1.5895871390358833,-1.0324207045904966e-15,0.9144472790099297,0.6777777777777781,-0.40497737556561086,-1.2,1.0,0.0,0.0,0.0,0.0,1.0,0.0,STU-12390,4.53
-3.114744954257289,-0.658072855755979,-1.271101079328948,-0.396766322188711,-0.47301587301587317,-0.09502262443438912,0.6,0.0,0.0,0.0,1.0,0.0,1.0,0.0,STU-11763,2.31
0.7895820758604293,-0.6442835306345567,-0.21113541351563506,0.9378618076027634,-0.4714285714285716,0.4004524886877827,-0.8,0.0,0.0,0.0,0.0,1.0,1.0,0.0,STU-12389,3.73
0.034398305775562715,0.8035956071148022,0.9025913621470161,-1.0133489084666434,0.9555555555555559,1.1199095022624435,0.8,0.0,1.0,0.0,0.0,0.0,1.0,0.0,STU-10176,4.62
0.6755412449439278,-0.8097554320916265,1.0667806976328347,-0.7792036225383148,0.9857142857142858,1.6312217194570136,0.6,0.0,0.0,0.0,1.0,0.0,0.0,1.0,STU-12164,4.93
0.0,0.26581192737932635,-0.18643436304431701,0.1729872069035559,-0.3936507936507938,0.33031674208144796,-1.2,0.0,0.0,0.0,1.0,0.0,1.0,0.0,STU-13541,3.14
0.2876228279681096,1.0793821095432519,1.0667806976328347,0.6881068359458785,0.20317460317460312,1.2941176470588236,-0.2,0.0,0.0,0.0,0.0,1.0,1.0,0.0,STU-13434,5.08
-1.6744182393748557,-0.6442835306345567,1.0667806976328347,0.2588404784106093,1.1380952380952383,-0.06334841628959281,0.2,1.0,0.0,0.0,0.0,0.0,1.0,0.0,STU-13651,4.74
0.5821534778941934,1.1345394100289417,-0.23874246992475456,1.9915155942802425,0.43809523809523815,0.67420814479638,0.8,0.0,0.0,0.0,0.0,1.0,1.0,0.0,STU-14113,4.67
-1.1625814391984295,-1.1682778852486104,0.22331247418577782,-0.5528631794742637,-0.138095238095238,0.3484162895927602,-0.2,0.0,0.0,0.0,0.0,1.0,1.0,0.0,STU-14766,3.44
-1.3134386013556925,-1.5268003384055944,-0.9630644499219256,0.9768860219241507,-0.8793650793650796,-0.1855203619909503,0.0,0.0,0.0,0.0,0.0,1.0,0.0,1.0,STU-14307,3.25
0.8353780000867416,-1.2372245108557225,-1.0516976310248893,0.06371940680366872,-0.9571428571428572,-0.8122171945701357,-1.2,0.0,0.0,0.0,1.0,0.0,0.0,1.0,STU-11413,3.99
1.3786433757125969,1.7688483656143752,1.0667806976328347,-0.34213242213876743,1.4793650793650794,-0.8800904977375567,-1.2,0.0,0.0,0.0,0.0,1.0,1.0,0.0,STU-10770,6.41
-0.4208670585918904,1.7688483656143752,0.41874137350296825,-0.006524178974829784,0.15555555555555564,1.402714932126697,0.4,0.0,0.0,0.0,0.0,1.0,1.0,0.0,STU-13896,3.75
-0.4936017617748551,-1.678482914741242,-0.7734475624803392,1.492005650966474,-0.7730158730158732,0.5452488687782804,-1.0,0.0,1.0,0.0,0.0,0.0,0.0,1.0,STU-11794,2.68
-0.44600991895143294,-2.533421072269435,0.7318635133011437,-0.5606680223385411,0.014285714285714266,0.03846153846153844,0.2,1.0,0.0,0.0,0.0,0.0,1.0,0.0,STU-12667,3.2
-0.27988744871873383,0.9966461588147175,1.0667806976328347,1.9368816942302989,-0.06031746031746017,1.69683257918552,0.0,0.0,0.0,0.0,0.0,1.0,0.0,1.0,STU-12458,4.83
-2.2275611672848172,0.1003400259222566,-1.6241808007719014,-1.1772506086164733,-0.08095238095238093,-0.6312217194570136,-0.8,1.0,0.0,0.0,0.0,0.0,1.0,0.0,STU-11083,3.55
-0.3131119427652742,-1.5268003384055944,-2.2090144957545723,0.6178632501673801,0.0,0.07466063348416291,-0.2,0.0,0.0,0.0,1.0,0.0,1.0,0.0,STU-14217,2.06
0.0,-0.478811629177487,-0.02079202458959777,-0.2172549363103253,-0.25714285714285706,0.8031674208144796,-0.8,0.0,0.0,0.0,1.0,0.0,1.0,0.0,STU-10398,3.94
1.3786433757125969,0.8587529076004922,1.0667806976328347,-0.7089600367598162,1.1603174603174606,0.0,0.0,0.0,0.0,0.0,1.0,0.0,1.0,0.0,STU-14645,5.81
0.6764392042424834,-0.6718621808774011,-1.8646527921250244,-0.357742107867323,-0.9539682539682541,-0.40723981900452483,-0.6,0.0,0.0,1.0,0.0,0.0,1.0,0.0,STU-11555,3.29
-0.12543844936725107,-0.4374436538132192,-0.2162209239067882,-1.38641860024038e-15,-0.3174603174603175,-0.5882352941176471,0.2,1.0,0.0,0.0,0.0,0.0,1.0,0.0,STU-12711,3.54
0.45733713539502985,-0.42365432869179703,0.24946652762599658,0.43835186428899503,-0.2825396825396825,0.085972850678733,0.0,0.0,0.0,1.0,0.0,0.0,1.0,0.0,STU-14504,4.95
1.3786433757125969,1.7688483656143752,1.0667806976328347,0.7271310502672672,1.065079365079365,1.7828054298642535,-0.6,0.0,0.0,0.0,1.0,0.0,1.0,0.0,STU-12714,6.31
-1.7354794716766053,-1.0303846340343863,-1.444008432628172,-0.029938707567662853,0.0,1.2036199095022624,0.8,0.0,0.0,0.0,0.0,1.0,1.0,0.0,STU-12254,2.46
1.3247658177992894,1.4379045627002356,0.8488302522976778,-0.15481619339610495,0.44285714285714306,-0.6425339366515836,-0.4,0.0,0.0,0.0,1.0,0.0,1.0,0.0,STU-13494,4.38
-0.8949895682289994,-1.0993312596414984,0.18480789550990004,0.48518092147466046,-0.5063492063492063,-0.755656108597285,-0.8,1.0,0.0,0.0,0.0,0.0,1.0,0.0,STU-13028,2.83
-2.8713979843488477,-0.5339689296631769,-1.8050796704000815,0.09493877826077925,0.0,-0.8009049773755657,0.4,0.0,1.0,0.0,0.0,0.0,1.0,0.0,STU-11415,2.89
0.16729628196172278,1.6861124148858408,1.0667806976328347,0.555424507253159,0.9476190476190479,0.328054298642534,0.6,0.0,0.0,1.0,0.0,0.0,0.0,1.0,STU-11549,5.24
1.3786433757125969,-0.40986500357037486,1.0108400833301447,-0.3031082078173794,0.4063492063492065,0.3167420814479639,-1.0,0.0,1.0,0.0,0.0,0.0,1.0,0.0,STU-10886,3.9
0.72313308776735,-0.3133397277204172,1.0667806976328347,-0.9196907940953117,0.6761904761904762,-0.15384615384615377,0.6,0.0,0.0,0.0,1.0,0.0,0.0,1.0,STU-13476,4.37
2.021059701660106,0.541598429807776,1.0667806976328347,0.6959116788101567,1.242857142857143,0.12895927601809962,-0.4,1.0,0.0,0.0,0.0,0.0,1.0,0.0,STU-11857,5.06
-1.5666631235482393,1.0104354839361398,-0.44579539299315313,0.7895697931814876,-0.6285714285714286,0.5565610859728507,0.4,1.0,0.0,0.0,0.0,0.0,0.0,1.0,STU-11528,4.31
-1.0054385619512811,-0.6442835306345567,0.3046806404442367,-1.5050540089161337,0.0,0.28959276018099556,-1.2,1.0,0.0,0.0,0.0,0.0,0.0,1.0,STU-14719,4.41
1.3786433757125969,-1.2247380995076246e-15,0.7841716201815813,0.04030487821083566,0.8000000000000003,0.6900452488687783,-0.6,0.0,0.0,0.0,0.0,1.0,0.0,1.0,STU-10184,5.45
0.31905140341754007,1.7688483656143752,0.25963754840830394,-0.23286462203888092,0.8698412698412697,1.0294117647058822,-0.8,0.0,0.0,0.0,0.0,1.0,1.0,0.0,STU-10961,6.02
0.1816636307386046,-0.18923580162761516,-0.3295551554810699,-0.396766322188711,0.08571428571428588,1.0791855203619911,-1.2,0.0,1.0,0.0,0.0,0.0,1.0,0.0,STU-10139,3.6
0.0,0.21065462689363645,1.0667806976328347,1.5622492367449725,-0.12857142857142867,1.3642533936651584,0.8,0.0,0.0,0.0,1.0,0.0,0.0,1.0,STU-13331,4.95
-2.386499963129076,-2.781628924455039,-0.8904143014768734,-0.3655469507316005,-1.123809523809524,-0.3597285067873303,0.6,0.0,0.0,1.0,0.0,0.0,1.0,0.0,STU-12701,2.23
-0.11107110059036925,1.7688483656143752,1.0667806976328347,0.336888907053386,0.09841269841269859,1.7873303167420813,0.2,0.0,0.0,1.0,0.0,0.0,1.0,0.0,STU-13072,5.27
-1.0566222419689244,-1.9542694171696915,-0.9405429039039592,-2.4104157811723383,-1.3523809523809525,0.2398190045248868,-1.2,0.0,0.0,1.0,0.0,0.0,1.0,0.0,STU-10285,2.25
-2.0668264528434483,-0.8511234074558942,-1.7389680353150838,-0.13920650766754936,-1.2714285714285716,0.24434389140271495,1.2,0.0,1.0,0.0,0.0,0.0,1.0,0.0,STU-14729,2.11
0.02811259068567612,0.38991585347212837,1.0667806976328347,-0.4826195936957651,0.0,-0.5769230769230769,-0.6,0.0,1.0,0.0,0.0,0.0,1.0,0.0,STU-13619,4.66
-1.1338467416446658,-0.6856515059988245,0.008994536272873414,0.9066424361456522,-0.7587301587301588,-0.04977375565610854,-1.2,1.0,0.0,0.0,0.0,0.0,0.0,1.0,STU-11125,3.75
0.9404392380176922,-0.2719717523561507,0.24438101723484343,-0.5996922366599291,0.1444444444444445,-0.7714932126696833,-0.6,0.0,0.0,0.0,0.0,1.0,1.0,0.0,STU-10451,4.3
0.37741875782362294,-0.2719717523561507,-0.8758842717878627,0.36810827851049654,0.03968253968253969,-0.4253393665158371,-0.2,0.0,1.0,0.0,0.0,0.0,1.0,0.0,STU-13947,4.01
-1.5774386351309013,-0.009974575049123234,-1.8428577475915084,-1.8016380377586834,0.025396825396825425,11.01577424847683,-0.2,0.0,0.0,1.0,0.0,0.0,0.0,1.0,STU-10238,3.66
-0.6803772958743239,-0.1064998508990809,-1.1802883937726325,-0.396766322188711,-1.6206349206349209,-0.328054298642534,-0.2,0.0,0.0,0.0,0.0,1.0,1.0,0.0,STU-12793,3.42
-1.6941733439430684,1.162118060271786,0.6461363381359815,-0.9509101655524224,-0.3539682539682541,1.6357466063348416,-1.2,0.0,1.0,0.0,0.0,0.0,1.0,0.0,STU-14029,4.23
-0.6866630109642092,0.30717990274359414,-0.21912692984459076,-1.3333474659020261,-0.5095238095238095,-0.5452488687782806,-0.4,1.0,0.0,0.0,0.0,0.0,1.0,0.0,STU-13499,3.25
0.16819424126027707,0.3761265283507062,0.12886728120721008,0.3915228071033289,0.0,0.17873303167420815,-0.2,0.0,0.0,0.0,0.0,1.0,1.0,0.0,STU-13230,4.02
-0.030254763720406763,-0.02376390017054541,0.06420864909111351,-1.7938331948944057,0.0920634920634921,0.6561085972850678,1.4,0.0,0.0,0.0,1.0,0.0,1.0,0.0,STU-14840,4.12
-0.6929487260540945,0.41749450371497276,-1.7447800471906885,0.48518092147466046,-1.161904761904762,-0.02488687782805437,0.6,0.0,0.0,0.0,1.0,0.0,1.0,0.0,STU-13250,3.0
0.710561657587578,-0.7545981316059366,-1.0604156488382959,-0.5840825509313742,-0.6206349206349208,-0.46153846153846156,-1.2,0.0,0.0,0.0,1.0,0.0,1.0,0.0,STU-13278,3.28
-1.4229896357794185,-0.34091837796326274,1.0667806976328347,0.594448721574547,0.21587301587301583,0.0,0.6,0.0,0.0,1.0,0.0,0.0,0.0,1.0,STU-13860,4.28
-1.3879692231357683,-0.7408088064845144,-1.0378941028203295,0.6646923073530462,0.3682539682539684,-0.0542986425339367,-1.0,0.0,0.0,0.0,0.0,1.0,0.0,1.0,STU-12529,3.06
0.9961127145281097,0.78980628199338,-1.0324207045904966e-15,0.4617663928818274,1.531746031746032,-0.7217194570135747,-1.2,0.0,0.0,1.0,0.0,0.0,0.0,1.0,STU-13188,6.29
-0.14339763533835398,-0.23060377699188292,1.0667806976328347,-0.05335323616049523,0.1634920634920634,0.6289592760180996,-1.0,0.0,1.0,0.0,0.0,0.0,1.0,0.0,STU-10909,4.27
0.2831330314753342,-0.12028917602050308,-1.6895659343724483,0.9456666504670409,-0.4777777777777778,-0.8212669683257918,0.0,0.0,0.0,1.0,0.0,0.0,1.0,0.0,STU-11717,3.41
0.24541874093601848,-0.7821767818487809,-1.0996467289986236,0.477376078610383,-0.9095238095238096,-0.036199095022624465,-1.0,0.0,0.0,1.0,0.0,0.0,1.0,0.0,STU-11832,3.26
-1.2451936946655018,-1.0717526093986527,-1.3975123376233385,-0.2718888363602689,0.017460317460317374,-0.8144796380090498,-0.8,0.0,0.0,0.0,1.0,0.0,1.0,0.0,STU-14565,2.89
-0.8922956903333352,-0.3133397277204172,-1.320503180271583,-0.0221338647033847,-0.4650793650793651,0.14705882352941185,-0.8,1.0,0.0,0.0,0.0,0.0,1.0,0.0,STU-13863,3.63
0.6360310358075021,-0.8924913828201607,0.9469079526984979,0.0325000353465582,0.8238095238095239,-0.19683257918552038,0.6,0.0,0.0,0.0,1.0,0.0,0.0,1.0,STU-11180,4.32
0.029010549984231714,-0.1064998508990809,1.0667806976328347,-0.3655469507316005,1.1619047619047618,0.10180995475113126,0.4,0.0,0.0,0.0,0.0,1.0,0.0,1.0,STU-11386,5.58
-1.1410304160331068,-1.9404800920482692,0.08309768768682643,0.36810827851049654,-0.07619047619047627,1.1832579185520362,-0.4,0.0,0.0,0.0,1.0,0.0,1.0,0.0,STU-14728,2.95
1.16403110335792,0.36233720322928403,-0.023698030527400313,1.3359087936809222,0.7984126984126985,0.3891402714932126,0.6,0.0,0.0,1.0,0.0,0.0,1.0,0.0,STU-12969,4.13
0.5597044954303151,-1.5819576388912842,-0.5940016958210602,-0.38896147932443353,-0.17936507936507923,1.6855203619909502,-1.2,0.0,0.0,0.0,0.0,1.0,0.0,1.0,STU-14159,3.26
1.3786433757125969,1.7136910651286854,1.0057545729389905,1.718346094030526,1.4857142857142862,-0.30090497737556565,-0.4,0.0,1.0,0.0,0.0,0.0,1.0,0.0,STU-11865,6.35
-1.4337651473620794,-0.547758254784599,-1.0240905746157698,0.9534714933313183,-0.43333333333333346,0.5475113122171947,0.0,0.0,0.0,0.0,0.0,1.0,1.0,0.0,STU-13884,2.39
-0.19278539675888606,-0.5201796045417547,-1.3096056580048245,-0.9118859512310343,-0.5031746031746033,0.257918552036199,-1.2,0.0,0.0,0.0,0.0,1.0,0.0,1.0,STU-12391,4.38
-0.22152009431264968,0.6519130307791559,0.030789580806388887,-1.185055451480751,0.1571428571428572,0.5113122171945703,0.0,0.0,0.0,0.0,0.0,1.0,0.0,1.0,STU-11082,4.69
-0.10119354830626283,-2.1748986191124513,-1.0139195538334624,0.04030487821083566,-0.484126984126984,-1.0158371040723984,0.2,0.0,0.0,1.0,0.0,0.0,1.0,0.0,STU-11115,2.79
0.8362759593852959,-1.3475391118271023,0.6105377653979063,0.5866438787102695,-0.42698412698412697,-0.2171945701357466,0.2,0.0,0.0,0.0,0.0,1.0,1.0,0.0,STU-12927,4.48
-1.1868263402594177,-1.2247380995076246e-15,0.7798126112748779,0.2276211069534988,1.085714285714286,-0.8914027149321267,0.2,0.0,0.0,0.0,0.0,1.0,1.0,0.0,STU-10680,4.12
0.9934188366324441,-0.6442835306345567,1.0667806976328347,-0.9431053226881448,-0.3015873015873017,0.09954751131221728,1.6,0.0,1.0,0.0,0.0,0.0,1.0,0.0,STU-14419,5.09
-1.09972428829957,0.4037051785935506,0.2320304919991844,-2.106026909465511,0.3444444444444445,2.1244343891402715,0.2,0.0,0.0,0.0,0.0,1.0,0.0,1.0,STU-11244,3.88
0.0,1.4241152375788135,-0.7741740639647902,-0.28749852208882454,-0.049206349206349295,0.06561085972850679,0.8,0.0,0.0,0.0,1.0,0.0,1.0,0.0,STU-11183,4.76
0.11431668334696961,-1.4026964123127923,-0.972508969219782,0.1729872069035559,-0.3904761904761904,2.119909502262444,-1.2,0.0,0.0,0.0,0.0,1.0,1.0,0.0,STU-10806,3.57
-2.4313979280568327,-1.568168313769862,0.06711465502891502,0.5710341929817145,0.0,-0.5339366515837104,0.2,0.0,0.0,0.0,0.0,1.0,0.0,1.0,STU-13621,3.74
-0.6273976972595707,-0.3133397277204172,-1.245673527373179,-1.2787135658520825,-0.5380952380952383,0.07918552036199088,-0.8,1.0,0.0,0.0,0.0,0.0,1.0,0.0,STU-14423,3.05
-0.7010303597410911,-0.9062807079415842,1.0667806976328347,1.3202991079523658,-0.5301587301587303,-0.35520361990950233,-0.2,0.0,0.0,1.0,0.0,0.0,1.0,0.0,STU-13525,4.45
-0.6462548425292279,-0.602915555270289,0.36861277107588236,0.555424507253159,1.136507936507937,-0.5814479638009049,-1.0,0.0,1.0,0.0,0.0,0.0,0.0,1.0,STU-12456,4.63
-0.311316024168163,1.7688483656143752,-0.1660923214797023,0.11054846398933486,0.8317460317460319,-0.2941176470588235,0.4,0.0,0.0,0.0,1.0,0.0,0.0,1.0,STU-10747,5.07
0.8973371916870455,1.7688483656143752,0.5306226021083492,-0.7011551938955382,0.715873015873016,0.47285067873303166,-0.2,0.0,0.0,0.0,0.0,1.0,1.0,0.0,STU-11142,4.64
0.621663687030619,-0.5339689296631769,0.06420864909111351,0.2120114212249439,-0.07460317460317471,2.088235294117647,-0.2,0.0,1.0,0.0,0.0,0.0,1.0,0.0,STU-11761,4.67
-0.6974385225468712,1.1207500849075196,1.064601193179483,0.07932909253222434,-0.1571428571428572,-0.1742081447963802,0.4,0.0,0.0,0.0,1.0,0.0,0.0,1.0,STU-12782,4.48
0.050561573149554444,0.5553877549291981,-0.6848143813773755,0.7973746360457651,-0.004761904761904661,-0.748868778280543,0.8,0.0,1.0,0.0,0.0,0.0,1.0,0.0,STU-10734,4.59
0.006561567520353387,-1.2372245108557225,-0.4022053039261222,0.9690811790598732,0.25714285714285734,-0.04072398190045243,-1.2,0.0,0.0,0.0,1.0,0.0,1.0,0.0,STU-13168,4.02
-1.4517243333331822,-0.3133397277204172,-0.291777078289643,1.000300550516983,-0.3904761904761904,-0.834841628959276,0.0,0.0,1.0,0.0,0.0,0.0,1.0,0.0,STU-11799,3.68
0.459133053992141,1.093171434664674,1.0667806976328347,0.20420657836066575,0.9841269841269845,1.504524886877828,-1.2,1.0,0.0,0.0,0.0,0.0,1.0,0.0,STU-13739,4.94
0.26337792690712136,1.1759073853932094,1.0667806976328347,-0.7245697224883711,0.6333333333333335,0.5316742081447965,-1.2,0.0,0.0,1.0,0.0,0.0,0.0,1.0,STU-12614,5.32
-0.4280507329803313,0.2796012525007486,-1.731703020470579,0.1573775211750003,-0.6412698412698414,0.3823529411764707,-0.2,0.0,0.0,1.0,0.0,0.0,1.0,0.0,STU-11202,3.38
0.1762758749472736,0.1692866515293687,-1.0324207045904966e-15,0.45396155001754995,-0.3412698412698414,1.3687782805429864,0.6,0.0,0.0,1.0,0.0,0.0,0.0,1.0,STU-13054,4.19
1.0023984296179962,0.8587529076004922,-1.1519548358790621,-1.38641860024038e-15,-0.06825396825396822,-0.058823529411764656,0.2,0.0,0.0,0.0,1.0,0.0,1.0,0.0,STU-12598,3.85
0.4851738736502392,1.1069607597860962,-0.08545065670569434,-1.3021280944449156,1.193650793650794,-0.42986425339366513,-1.0,0.0,0.0,1.0,0.0,0.0,1.0,0.0,STU-14825,4.68
-0.4064997098150073,0.7070703312648458,0.797975148386141,0.7349358931315447,0.5523809523809525,-0.058823529411764656,-1.2,0.0,0.0,0.0,0.0,1.0,0.0,1.0,STU-10989,4.78
1.0041943482151061,0.9552781834504498,1.0667806976328347,1.8276138941304116,1.288888888888889,0.6380090497737555,0.6,0.0,0.0,1.0,0.0,0.0,1.0,0.0,STU-13591,4.98
1.3786433757125969,1.7688483656143752,1.0667806976328347,0.6100584073031026,1.5301587301587303,-0.46832579185520357,-0.6,0.0,0.0,0.0,0.0,1.0,1.0,0.0,STU-12663,6.15
-0.17303029219067323,-1.513011013284172,-1.0088340434423082,-1.067982808516587,0.0,1.2058823529411764,1.2,1.0,0.0,0.0,0.0,0.0,0.0,1.0,STU-13466,3.46
0.9036229067769308,0.8863315578433377,1.0667806976328347,-1.294323251580638,1.4428571428571433,-0.12895927601809962,1.2,0.0,0.0,0.0,1.0,0.0,0.0,1.0,STU-12772,4.83
-0.8285405801359201,-0.18923580162761516,0.7645560801014174,-0.8572520511810907,-0.11587301587301596,0.6583710407239818,0.4,0.0,0.0,0.0,0.0,1.0,1.0,0.0,STU-12262,2.94
0.72133716917024,1.3689579370931235,0.8008811543239436,0.16518236403927777,1.020634920634921,-0.20814479638009048,-1.2,0.0,1.0,0.0,0.0,0.0,0.0,1.0,STU-13601,4.79
0.5902351115811899,0.6794916810220002,0.49647703233917473,-0.10018229334616136,0.6111111111111112,0.1832579185520361,0.2,0.0,0.0,0.0,0.0,1.0,1.0,0.0,STU-10166,5.4
-0.2888670417042847,0.05897205055798886,1.0667806976328347,-1.1928602943450284,0.8984126984126989,2.1380090497737556,1.0,0.0,0.0,0.0,1.0,0.0,1.0,0.0,STU-14390,4.81
0.1170105612426351,0.9966461588147175,-1.0324207045904966e-15,-0.37335179359587795,0.22380952380952387,-0.46832579185520357,-1.2,0.0,0.0,0.0,0.0,1.0,1.0,0.0,STU-11238,5.17
-0.007805781256528436,-0.478811629177487,0.036601592681992944,-1.38641860024038e-15,-0.26190476190476203,0.0,1.0,0.0,0.0,1.0,0.0,0.0,1.0,0.0,STU-14080,3.51
0.31007181043198795,1.0104354839361398,0.21168845043456969,0.2120114212249439,0.7746031746031748,-0.5135746606334842,0.2,0.0,0.0,0.0,0.0,1.0,1.0,0.0,STU-14563,4.97
0.8578269825506198,0.969067508571872,-1.0324207045904966e-15,0.336888907053386,-0.6238095238095239,-0.6402714932126697,-0.8,0.0,0.0,0.0,1.0,0.0,1.0,0.0,STU-11214,4.04
-0.0625812984683915,-1.1269099098843427,0.5059215516370312,1.57005407960925,-0.4587301587301589,0.0,-0.8,0.0,0.0,0.0,1.0,0.0,1.0,0.0,STU-12512,3.87
0.39178610660050606,0.4450731539578183,1.0667806976328347,0.39932764996760634,0.46031746031746046,-0.21945701357466058,-0.2,1.0,0.0,0.0,0.0,0.0,0.0,1.0,STU-13216,4.9
-0.01588741494352494,-0.18923580162761516,1.0667806976328347,-0.46700990796720954,0.6587301587301589,-0.7330316742081449,-0.2,1.0,0.0,0.0,0.0,0.0,1.0,0.0,STU-12466,4.41
0.5363575536678824,0.2796012525007486,0.17391037324314176,-0.2718888363602689,1.2111111111111115,0.0,-0.4,0.0,0.0,0.0,0.0,1.0,1.0,0.0,STU-11807,4.74
-0.4307446108759968,-0.9752273335486963,1.0667806976328347,-0.6465212938455952,-0.346031746031746,1.981900452488688,-0.2,0.0,0.0,0.0,0.0,1.0,1.0,0.0,STU-12242,3.83
-0.6740915807844373,-1.513011013284172,-0.5387875830028201,-1.294323251580638,-1.7476190476190478,-1.085972850678733,0.4,0.0,0.0,0.0,0.0,1.0,1.0,0.0,STU-13305,2.87
1.3786433757125969,1.6723230897644175,1.0667806976328347,-0.966519851280978,1.5682539682539687,-0.34162895927601805,-0.6,0.0,0.0,0.0,1.0,0.0,1.0,0.0,STU-11187,5.54
-0.8123773127619284,-0.12028917602050308,0.046772613464300304,0.8676182218242635,0.5063492063492063,0.8009049773755657,0.2,1.0,0.0,0.0,0.0,0.0,0.0,1.0,STU-11685,4.3
1.3786433757125969,0.4037051785935506,0.710794970252078,1.3437136365451996,0.23650793650793658,2.7624434389140275,0.6,0.0,0.0,0.0,0.0,1.0,1.0,0.0,STU-13966,6.06
0.6019085824624062,0.34854787810786064,-0.7727210609958883,-1.6689557090659637,-0.8793650793650796,0.328054298642534,0.2,0.0,0.0,0.0,0.0,1.0,0.0,1.0,STU-14410,3.75
-1.1850304216623078,-2.781628924455039,-2.389186863898302,-1.8562719378086268,-1.1190476190476193,-0.5678733031674209,-0.8,1.0,0.0,0.0,0.0,0.0,1.0,0.0,STU-11036,2.03
0.7536637039182248,1.3689579370931235,0.37733078888928895,2.68614660920095,0.06666666666666667,0.3484162895927602,1.2,0.0,0.0,0.0,1.0,0.0,1.0,0.0,STU-13495,5.84
0.5309697978765514,0.03139340031514451,-2.4792730479701666,0.6959116788101567,-0.6730158730158732,0.49095022624434387,0.0,0.0,0.0,1.0,0.0,0.0,1.0,0.0,STU-14903,3.97
0.8506433081621789,-0.20302512674903736,0.46233146257000024,0.9534714933313183,-1.7047619047619051,0.4819004524886878,0.8,0.0,1.0,0.0,0.0,0.0,1.0,0.0,STU-12576,3.83
-1.8423366282046658,0.19686530177221429,-2.477093543516815,0.3134743784605529,-0.8111111111111111,-0.12895927601809962,0.6,0.0,1.0,0.0,0.0,0.0,1.0,0.0,STU-12200,2.55
0.8587249418491743,0.9139102080861821,1.0667806976328347,1.3827378508665868,0.8920634920634921,-0.4434389140271493,-0.8,0.0,0.0,1.0,0.0,0.0,1.0,0.0,STU-11789,5.37
0.3109697697305435,-0.5615475799060224,0.14557681534957134,0.516400292931771,-0.07619047619047627,-0.14479638009049767,1.0,0.0,0.0,0.0,0.0,1.0,1.0,0.0,STU-12231,3.7
-0.518744622134399,-0.5201796045417547,1.0667806976328347,0.5242051357960484,0.16825396825396835,0.2533936651583711,-0.8,0.0,0.0,0.0,1.0,0.0,1.0,0.0,STU-11558,4.06
-0.8949895682289994,0.29339057762217075,0.729684008847792,0.07932909253222434,0.6825396825396824,-0.6357466063348417,0.2,0.0,0.0,0.0,1.0,0.0,1.0,0.0,STU-13796,4.04
-0.031152723018962356,0.9552781834504498,-1.0324207045904966e-15,-0.27969367922454635,0.1968253968253969,0.0,1.0,0.0,0.0,0.0,0.0,1.0,0.0,1.0,STU-10268,4.58
-0.09400987391782192,1.7688483656143752,1.0667806976328347,0.6412777787602131,1.8015873015873018,0.4547511312217194,-0.4,0.0,0.0,0.0,0.0,1.0,0.0,1.0,STU-10763,6.32
-0.8599691555853505,0.6381237056577325,-0.47049644346447117,0.02469519248228074,0.3650793650793653,0.5927601809954751,-1.0,0.0,0.0,0.0,0.0,1.0,0.0,1.0,STU-10788,3.86
-0.7216834236078594,-0.6442835306345567,-0.347717692592333,-1.0367634370594765,0.0,0.42986425339366524,-0.6,0.0,0.0,0.0,1.0,0.0,1.0,0.0,STU-11211,4.24
-0.01139761845074953,-1.085541934520076,0.6192557832113129,0.36030343564621836,0.7571428571428575,0.0,1.6,0.0,0.0,0.0,1.0,0.0,0.0,1.0,STU-11810,4.68
-0.8016018011792664,-1.2247380995076246e-15,-1.1040057379053267,0.7973746360457651,-0.43809523809523815,0.28733031674208137,0.2,0.0,0.0,0.0,0.0,1.0,1.0,0.0,STU-11612,3.73
-0.20625478623721355,0.7070703312648458,0.9243864066805326,0.16518236403927777,-0.061904761904762004,1.3800904977375568,-0.2,1.0,0.0,0.0,0.0,0.0,1.0,0.0,STU-12899,5.1
0.196928938814042,0.9828568336932941,-1.0219110701624181,0.36030343564621836,-0.4968253968253967,-0.1855203619909503,0.4,0.0,0.0,0.0,1.0,0.0,1.0,0.0,STU-12171,4.88
-0.9066630391102171,-1.2247380995076246e-15,-1.1708438744747751,0.539814821524604,-0.12698412698412684,0.5995475113122171,0.2,0.0,0.0,1.0,0.0,0.0,0.0,1.0,STU-14893,3.77
-2.081193801620331,-1.8991121166840015,-0.6935323991907821,-0.9587150084166998,-1.3904761904761906,0.21945701357466058,-0.2,0.0,0.0,1.0,0.0,0.0,1.0,0.0,STU-13986,2.03
1.3786433757125969,1.272432661243166,1.0667806976328347,-0.7635939368097592,1.1301587301587301,-0.32352941176470584,0.4,0.0,0.0,0.0,0.0,1.0,1.0,0.0,STU-11671,5.37
1.3786433757125969,-0.18923580162761516,1.0667806976328347,0.7427407359958221,0.45714285714285735,-0.45022624434389147,0.4,0.0,0.0,1.0,0.0,0.0,1.0,0.0,STU-12966,5.09
1.3786433757125969,0.9276995332076042,1.0667806976328347,0.07152424966794618,1.3396825396825398,1.0248868778280544,0.4,0.0,0.0,1.0,0.0,0.0,0.0,1.0,STU-14354,5.54
-0.8563773183911294,-0.658072855755979,-1.0324207045904966e-15,-0.22505977917460346,0.3888888888888891,-0.36651583710407243,1.2,0.0,0.0,0.0,0.0,1.0,1.0,0.0,STU-11456,3.77
-0.41368338420344825,1.2448540110003217,-1.0480651236026368,0.23542594981777626,-0.9523809523809526,-0.04751131221719456,0.0,0.0,1.0,0.0,0.0,0.0,1.0,0.0,STU-13376,3.62
0.0,0.6105450554148881,0.5647681718775237,0.4071324928318845,0.25714285714285734,0.8959276018099548,0.4,1.0,0.0,0.0,0.0,0.0,0.0,1.0,STU-12837,4.3
1.3786433757125969,1.7688483656143752,0.41801487201851734,-1.067982808516587,0.0,1.0339366515837103,-0.8,0.0,0.0,0.0,0.0,1.0,1.0,0.0,STU-12965,4.99
0.0,0.541598429807776,-1.0324207045904966e-15,0.9534714933313183,1.3126984126984131,0.35520361990950233,-0.8,0.0,0.0,0.0,1.0,0.0,1.0,0.0,STU-13561,5.75
-0.3355609252291525,-0.7959661069702043,1.0667806976328347,1.8588332655875228,-0.25396825396825395,0.1606334841628959,-0.6,0.0,0.0,0.0,0.0,1.0,0.0,1.0,STU-14294,5.01
-1.2469896132626117,-0.06513187553481316,0.04168710307314714,0.45396155001754995,0.16507936507936524,-0.4796380090497738,0.4,0.0,0.0,0.0,1.0,0.0,0.0,1.0,STU-14936,3.64
1.034724964365981,0.596755730293466,1.0667806976328347,1.2656652079024235,-0.012698412698412712,0.08144796380090505,0.4,1.0,0.0,0.0,0.0,0.0,1.0,0.0,STU-10236,5.01
-1.0216018293252742,1.1207500849075196,-1.0262700790691215,-2.059197852279845,0.3206349206349206,-0.19457013574660642,-1.2,0.0,0.0,0.0,0.0,1.0,0.0,1.0,STU-11254,4.66
0.7931739130546503,1.1759073853932094,1.0667806976328347,-0.5840825509313742,1.0968253968253974,0.13574660633484156,0.0,0.0,0.0,0.0,0.0,1.0,0.0,1.0,STU-14748,5.6
0.49864326312856666,0.541598429807776,0.5269900946860958,0.9222521218742071,0.45714285714285735,0.8823529411764705,0.2,0.0,1.0,0.0,0.0,0.0,1.0,0.0,STU-14336,4.78
0.9844392436468933,0.9276995332076042,1.0667806976328347,1.7963945226733018,0.7714285714285718,0.0,-0.6,0.0,0.0,0.0,0.0,1.0,0.0,1.0,STU-13914,5.98
0.31905140341754007,0.9966461588147175,-1.0324207045904966e-15,-0.8416423654525358,0.4682539682539685,-1.0746606334841629,-0.6,0.0,0.0,0.0,0.0,1.0,0.0,1.0,STU-13093,5.11
-1.4104182055996466,0.541598429807776,-1.0640481562605484,0.719326207402989,-0.8507936507936509,-0.02262443438914019,0.8,0.0,0.0,0.0,0.0,1.0,0.0,1.0,STU-10122,3.51
1.1972555974044603,0.541598429807776,1.0667806976328347,0.6178632501673801,0.2492063492063493,0.21493212669683262,-0.4,0.0,0.0,1.0,0.0,0.0,0.0,1.0,STU-12997,4.9
0.0,-1.2247380995076246e-15,1.0667806976328347,-2.223099552429675,-0.3174603174603175,-1.070135746606335,-0.2,0.0,0.0,0.0,0.0,1.0,0.0,1.0,STU-12023,3.32
0.6360310358075021,0.41749450371497276,-1.0324207045904966e-15,0.45396155001754995,0.41269841269841273,0.0,-0.2,0.0,0.0,0.0,1.0,0.0,0.0,1.0,STU-14977,5.5
1.3786433757125969,0.7070703312648458,1.0667806976328347,-1.7704186663015729,0.40476190476190493,0.8393665158371041,1.6,0.0,1.0,0.0,0.0,0.0,1.0,0.0,STU-14395,5.2
-0.327479291542156,-0.5615475799060224,-0.05130508693651985,-1.4035910516805246,0.10634920634920636,0.6176470588235293,0.4,0.0,0.0,0.0,0.0,1.0,1.0,0.0,STU-13472,2.82
-0.10837722269470375,0.3347585529864385,0.8655397864400401,-1.1148118657022523,0.8634920634920635,0.5656108597285066,0.2,1.0,0.0,0.0,0.0,0.0,1.0,0.0,STU-12631,4.66
-2.470908137193258,-2.2576345698409854,-0.77490056544924,0.7583504217243777,-1.612698412698413,1.1719457013574661,0.8,0.0,1.0,0.0,0.0,0.0,0.0,1.0,STU-11913,2.48
0.4411738680210381,1.3275899617288558,-0.14938278733734,-0.7713987796740374,1.0396825396825398,-1.01131221719457,0.2,0.0,0.0,1.0,0.0,0.0,0.0,1.0,STU-14379,5.74
1.3786433757125969,1.2310646858788994,1.0667806976328347,-0.46700990796720954,1.0682539682539682,0.28959276018099556,-0.2,0.0,0.0,0.0,1.0,0.0,0.0,1.0,STU-13517,5.15
-1.5415202631886955,-0.1064998508990809,-0.32882865399661904,1.3281039508166446,-0.6095238095238096,0.4660633484162895,0.6,0.0,0.0,0.0,0.0,1.0,1.0,0.0,STU-12376,4.27
1.1828882486275771,0.9966461588147175,1.0667806976328347,-0.44359537937437643,0.057142857142857065,1.1221719457013575,1.2,1.0,0.0,0.0,0.0,0.0,1.0,0.0,STU-11853,4.77
-0.5079691105517382,0.07276137567941103,-0.6208822507457299,-0.6699358224384276,-0.8222222222222223,-0.43891402714932126,1.4,0.0,0.0,0.0,1.0,0.0,0.0,1.0,STU-13418,3.59
-0.08682619952937974,0.78980628199338,-0.669557850203915,0.9066424361456522,0.022222222222222317,0.6923076923076922,-1.2,0.0,0.0,0.0,1.0,0.0,1.0,0.0,STU-13510,4.78
0.49145958874012574,-1.2247380995076246e-15,0.9723355046542669,0.16518236403927777,0.8920634920634921,0.09502262443438912,-1.2,0.0,0.0,0.0,0.0,1.0,1.0,0.0,STU-13158,4.74
1.1712147777463608,-0.16165715138477083,0.23493649793698593,-0.2172549363103253,0.23174603174603192,-0.8552036199095023,0.6,0.0,0.0,1.0,0.0,0.0,1.0,0.0,STU-10117,4.67
-0.27360173362884854,1.7688483656143752,-2.3070921961553927,0.8988375932813748,-0.9730158730158731,0.06787330316742078,0.0,0.0,0.0,0.0,0.0,1.0,0.0,1.0,STU-10272,3.63
1.0939902780706194,0.017604075193722337,1.0667806976328347,0.1417678354464454,1.3904761904761906,0.5972850678733032,0.0,0.0,0.0,1.0,0.0,0.0,1.0,0.0,STU-10720,4.63
0.956602505391684,-0.42365432869179703,0.25963754840830394,0.11054846398933486,0.0,-0.5588235294117647,-0.4,0.0,0.0,0.0,0.0,1.0,1.0,0.0,STU-14863,3.89
1.02933720857465,0.3209692278650163,1.0667806976328347,-0.23286462203888092,1.363492063492064,-0.5497737556561086,0.0,0.0,0.0,0.0,0.0,1.0,0.0,1.0,STU-12484,5.38
-1.8908264303266424,-0.5201796045417547,-0.31502512579205927,-1.6611508662016863,-1.726984126984127,-0.22398190045248875,-1.2,0.0,0.0,0.0,0.0,1.0,0.0,1.0,STU-14580,2.56
-1.4283773915707496,-3.112572727369179,-0.012074006776191167,-0.7011551938955382,-0.7809523809523811,-0.029411764705882328,-1.2,0.0,0.0,1.0,0.0,0.0,0.0,1.0,STU-14524,2.37
0.1924391423212666,0.43128382883639615,0.64323033219818,-0.4279856936458215,0.4952380952380955,-0.5090497737556561,-0.6,0.0,0.0,0.0,1.0,0.0,0.0,1.0,STU-12749,4.47
0.7150514540803534,0.7208596563862679,-1.0324207045904966e-15,-0.27969367922454635,-0.05555555555555551,-0.21040723981900447,0.4,1.0,0.0,0.0,0.0,0.0,1.0,0.0,STU-12803,4.27
1.0517861910385282,-0.7821767818487809,1.0667806976328347,0.39932764996760634,1.4444444444444446,-0.06787330316742078,-0.6,0.0,0.0,0.0,0.0,1.0,1.0,0.0,STU-14914,5.83
0.14125546230362335,0.12791867616510097,-0.4813939657312294,0.5476196643888815,-0.11587301587301596,1.0316742081447963,-0.8,0.0,0.0,0.0,0.0,1.0,1.0,0.0,STU-12520,4.22
1.3786433757125969,-0.8235447572130487,1.0667806976328347,0.6959116788101567,0.42380952380952386,-1.0475113122171946,-0.2,0.0,0.0,0.0,0.0,1.0,1.0,0.0,STU-13375,5.19
0.03080646858134162,-0.8924913828201607,-0.8460977109253915,0.36810827851049654,-1.0396825396825398,-0.07466063348416291,0.6,1.0,0.0,0.0,0.0,0.0,1.0,0.0,STU-12611,3.18
-0.25654050695629993,-0.7132301562416689,1.0667806976328347,2.7173659806580615,1.3571428571428572,0.2601809954751132,0.0,0.0,1.0,0.0,0.0,0.0,0.0,1.0,STU-14568,4.29
-1.422091676480863,-0.3960756784489527,0.3380997087289603,-1.8484670949443494,-0.9095238095238096,8.842252131173034,0.4,1.0,0.0,0.0,0.0,0.0,1.0,0.0,STU-10331,3.57
1.0113780226035471,1.6861124148858408,1.0667806976328347,-0.5372534937457081,0.6968253968253968,-0.579185520361991,0.2,0.0,0.0,0.0,0.0,1.0,0.0,1.0,STU-11438,5.51
0.0,0.6519130307791559,-1.537000622637839,2.022734965737352,-0.4587301587301589,-0.5814479638009049,0.2,0.0,0.0,1.0,0.0,0.0,1.0,0.0,STU-13699,3.78
0.4348881529311515,-0.5615475799060224,0.8866083294891047,0.21981626408922136,0.3825396825396826,-0.45022624434389147,0.2,0.0,0.0,0.0,0.0,1.0,0.0,1.0,STU-11418,4.26
-0.03205068231751667,0.38991585347212837,1.0667806976328347,1.5154201795593065,1.0301587301587303,-0.7262443438914027,1.2,1.0,0.0,0.0,0.0,0.0,0.0,1.0,STU-12918,5.04
0.7509698260225592,-0.8511234074558942,-0.687720387315178,1.4373717509165305,-0.03968253968253969,-0.8710407239819005,-0.6,1.0,0.0,0.0,0.0,0.0,1.0,0.0,STU-13211,3.78
0.0,-0.5753369050274446,0.3795102933426406,0.7973746360457651,0.0,0.4592760180995476,0.0,0.0,0.0,1.0,0.0,0.0,1.0,0.0,STU-13506,2.74
0.42860243784126617,-1.0717526093986527,0.23275699348363427,0.539814821524604,0.8666666666666667,-0.48416289592760187,1.8,0.0,0.0,1.0,0.0,0.0,0.0,1.0,STU-11069,4.52
-0.8105813941648172,0.3347585529864385,0.6933589346252659,0.26664532127488677,0.08571428571428588,-0.3891402714932126,0.0,0.0,1.0,0.0,0.0,0.0,1.0,0.0,STU-11317,3.91
1.3786433757125969,1.162118060271786,1.0667806976328347,-0.7948133082668697,1.3698412698412703,0.0,0.2,0.0,0.0,0.0,0.0,1.0,1.0,0.0,STU-14061,5.82
-1.145520212525882,0.665702355900578,-0.050578585452068954,1.835418736994689,-0.36190476190476184,-0.03393665158371049,-0.8,0.0,0.0,1.0,0.0,0.0,1.0,0.0,STU-12427,3.54
-0.3202956171537151,-0.4374436538132192,1.0667806976328347,0.7817649503172102,-0.08571428571428559,-0.7692307692307693,0.2,0.0,0.0,1.0,0.0,0.0,1.0,0.0,STU-11228,4.52
-0.07515272864816341,0.9966461588147175,1.0667806976328347,-0.7245697224883711,0.42380952380952386,0.13122171945701358,-0.8,0.0,0.0,0.0,0.0,1.0,0.0,1.0,STU-12125,4.7
0.13766362510940353,1.1345394100289417,-1.9801665281526575,-1.224079665802139,-0.1539682539682541,0.36651583710407243,0.0,0.0,0.0,0.0,1.0,0.0,0.0,1.0,STU-11287,4.18
-0.7567038362515097,-1.4992216881627498,-1.0458856191492851,2.444196480408345,-0.6698412698412699,-0.09954751131221728,-0.6,0.0,0.0,0.0,0.0,1.0,1.0,0.0,STU-10098,3.63
1.0778270106966277,0.9966461588147175,1.0667806976328347,-1.2552990372592494,1.247619047619048,-0.48416289592760187,1.0,1.0,0.0,0.0,0.0,0.0,0.0,1.0,STU-10510,5.89
-0.8420099696142476,-0.5201796045417547,-0.23801596844030368,-0.3811566364601561,-0.6555555555555557,0.0,-1.2,1.0,0.0,0.0,0.0,0.0,0.0,1.0,STU-12787,3.85
0.6521943031814939,0.4037051785935506,-0.3295551554810699,1.6090782939306387,-0.9000000000000001,-0.4819004524886878,0.0,0.0,0.0,0.0,1.0,0.0,0.0,1.0,STU-12232,4.15
0.7168473726774633,0.9552781834504498,1.0667806976328347,1.3827378508665868,0.04126984126984124,1.8868778280542986,1.6,0.0,0.0,1.0,0.0,0.0,1.0,0.0,STU-13928,5.31
-0.6345813716480116,-0.5339689296631769,-0.9754149751575846,0.1573775211750003,-1.1380952380952383,1.2963800904977374,1.2,1.0,0.0,0.0,0.0,0.0,1.0,0.0,STU-13913,3.51
0.7752147270835474,1.0793821095432519,-0.5358815770650186,0.516400292931771,0.057142857142857065,-0.061085972850678835,-0.4,1.0,0.0,0.0,0.0,0.0,1.0,0.0,STU-13964,4.78
-0.573520139346262,1.7688483656143752,0.93455742746284,-0.029938707567662853,0.7174603174603178,-0.2760180995475113,-1.2,0.0,0.0,0.0,1.0,0.0,0.0,1.0,STU-12128,5.11
-1.087152858119798,-0.28576107747757284,-0.06874112256333202,-0.4201808507815441,-0.6761904761904762,0.40950226244343885,-0.8,0.0,0.0,0.0,0.0,1.0,0.0,1.0,STU-14351,3.94
1.3454188816660564,1.7688483656143752,1.0667806976328347,-0.1626210362603824,1.3396825396825398,0.14705882352941185,-0.6,0.0,0.0,0.0,1.0,0.0,1.0,0.0,STU-11792,5.07
1.0392147608587563,1.630955114400151,0.6272472995402686,1.304689422223811,0.27936507936507937,-0.7285067873303168,1.4,0.0,0.0,1.0,0.0,0.0,0.0,1.0,STU-11638,5.46
0.08019423000187496,-0.9614380084272741,1.0667806976328347,1.1407877220739815,0.5031746031746033,0.7805429864253394,0.6,1.0,0.0,0.0,0.0,0.0,1.0,0.0,STU-13662,5.18
-0.09580579251493183,-1.5268003384055944,0.4434424239742863,-0.8806665797739238,-0.3523809523809525,0.669683257918552,-1.2,0.0,0.0,1.0,0.0,0.0,1.0,0.0,STU-11025,4.1
-0.04372415319873427,-1.2247380995076246e-15,0.8764373087067974,-1.7548089805730178,0.3571428571428572,1.601809954751131,0.0,0.0,0.0,0.0,0.0,1.0,1.0,0.0,STU-10414,4.44
0.061337084732216454,-0.36849702820610714,0.5742126911753801,-0.6074970795242065,0.5571428571428572,0.15384615384615377,1.0,0.0,0.0,0.0,0.0,1.0,1.0,0.0,STU-10630,5.01
1.3786433757125969,1.7688483656143752,-1.0324207045904966e-15,-1.38641860024038e-15,1.0190476190476192,0.8076923076923076,-0.4,0.0,1.0,0.0,0.0,0.0,0.0,1.0,STU-11803,5.28
-1.549601896875692,-3.8158283085617244,-2.5294016503972525,1.429566908052253,-1.258730158730159,0.3484162895927602,0.2,1.0,0.0,0.0,0.0,0.0,1.0,0.0,STU-11759,1.46
1.0311331271717599,0.07276137567941103,-0.13049374874162706,-0.03774355043194031,-0.17936507936507923,2.009049773755656,0.2,0.0,1.0,0.0,0.0,0.0,1.0,0.0,STU-11358,4.3
0.7096636982890224,-0.8235447572130487,0.9432754452762455,0.7349358931315447,-0.3079365079365079,-0.39819004524886875,-1.2,0.0,0.0,0.0,0.0,1.0,1.0,0.0,STU-14928,5.29
1.0625617026211904,0.5553877549291981,-1.0324207045904966e-15,0.7505455788600996,-0.049206349206349295,1.5067873303167418,-0.4,1.0,0.0,0.0,0.0,0.0,1.0,0.0,STU-11942,5.04
-0.5636425870621556,0.47265180420066266,0.16301285097638454,0.7895697931814876,-0.5142857142857145,0.03393665158371049,0.8,1.0,0.0,0.0,0.0,0.0,1.0,0.0,STU-14760,4.11
-1.2694385957264902,-1.2372245108557225,-1.0324207045904966e-15,0.05591456393939127,-0.8253968253968256,-1.0475113122171946,-0.4,0.0,1.0,0.0,0.0,0.0,1.0,0.0,STU-14541,2.48
-1.103316125493791,-0.5201796045417547,1.0667806976328347,-2.199685023836842,0.657142857142857,1.253393665158371,0.6,1.0,0.0,0.0,0.0,0.0,1.0,0.0,STU-11898,4.6
0.5210922455924449,0.8863315578433377,0.40421134381395757,0.11835330685361233,0.20793650793650806,-0.3484162895927602,1.4,0.0,0.0,1.0,0.0,0.0,1.0,0.0,STU-13448,5.01
0.6351330765089466,0.18307597665079087,0.36788626959143145,-0.6933503510312606,0.12380952380952373,-0.4886877828054299,-0.4,0.0,0.0,0.0,0.0,1.0,1.0,0.0,STU-12707,3.5
1.284357649364308,1.5068511883073479,1.0667806976328347,1.2968845793595334,-0.1047619047619048,1.830316742081448,-0.2,0.0,0.0,0.0,1.0,0.0,1.0,0.0,STU-13958,4.91
0.24631670023457405,-0.09271052577765751,1.0667806976328347,-0.8104229939954253,0.6873015873015874,-0.9004524886877828,0.0,0.0,0.0,1.0,0.0,0.0,0.0,1.0,STU-13661,4.72
-0.7369487316832969,-1.306171136462836,0.18916690441660333,0.36030343564621836,-0.5428571428571429,-0.13348416289592757,0.8,1.0,0.0,0.0,0.0,0.0,1.0,0.0,STU-14057,3.37
-1.0647038756559197,-2.2714238949624077,-1.0324207045904966e-15,-0.6855455081669832,0.0031746031746031074,-0.927601809954751,0.0,1.0,0.0,0.0,0.0,0.0,1.0,0.0,STU-14817,3.51
-1.147316131122992,-0.658072855755979,-1.709907975937063,-0.045548393296217765,-0.5000000000000001,0.5837104072398188,-1.2,0.0,0.0,0.0,1.0,0.0,1.0,0.0,STU-12321,2.63
1.0571739468298593,0.30717990274359414,1.0667806976328347,-1.1148118657022523,1.7365079365079368,-0.013574660633484075,0.0,0.0,0.0,1.0,0.0,0.0,0.0,1.0,STU-12938,5.13
0.9036229067769308,-1.1544885601271881,-0.7654560461513835,1.4685911223736416,0.20793650793650806,0.5452488687782804,0.2,0.0,0.0,0.0,1.0,0.0,1.0,0.0,STU-12639,3.35
0.832684122191076,0.12791867616510097,1.0667806976328347,0.06371940680366872,0.719047619047619,-0.5814479638009049,0.0,1.0,0.0,0.0,0.0,0.0,1.0,0.0,STU-12934,4.77
0.11072484615274851,-0.5063902794203325,-1.9547389761968894,0.11835330685361233,-1.4507936507936512,1.8529411764705885,-1.2,1.0,0.0,0.0,0.0,0.0,1.0,0.0,STU-10005,3.8
0.0,-1.457853712798482,-1.2987081357380674,-0.7245697224883711,-1.015873015873016,0.6040723981900454,1.0,0.0,1.0,0.0,0.0,0.0,1.0,0.0,STU-14093,2.45
-0.20086703044588256,-0.9338593581844286,0.5059215516370312,0.8676182218242635,0.6031746031746034,0.30769230769230776,-0.6,0.0,0.0,0.0,0.0,1.0,1.0,0.0,STU-11479,4.25
0.8784800464173883,-0.6994408311202467,0.1949789162922074,0.1417678354464454,0.01904761904761921,1.5452488687782804,-1.2,0.0,0.0,1.0,0.0,0.0,1.0,0.0,STU-12823,4.55
0.653990221778605,0.7346489815076901,0.5989137416466982,0.42274217856043944,0.9301587301587305,-0.7850678733031675,-1.2,0.0,0.0,0.0,1.0,0.0,1.0,0.0,STU-13894,5.23
0.0,0.1003400259222566,-0.16754532444860307,0.8598133789599861,0.04761904761904774,-0.06334841628959281,-1.0,1.0,0.0,0.0,0.0,0.0,1.0,0.0,STU-13984,4.23
-0.35172419260314425,-1.2247380995076246e-15,0.6076317594601047,0.7427407359958221,-0.08095238095238093,0.12443438914027145,0.0,0.0,0.0,0.0,0.0,1.0,1.0,0.0,STU-11241,4.47
0.13137791001951693,0.969067508571872,-0.10506619678585816,0.7115213645387116,0.3380952380952383,0.24660633484162894,0.4,0.0,0.0,0.0,1.0,0.0,1.0,0.0,STU-13936,4.64
-2.632540810933183,-0.02376390017054541,-3.4920161172941953,-1.1538360800236405,-1.1571428571428573,-0.583710407239819,-0.8,0.0,0.0,0.0,0.0,1.0,0.0,1.0,STU-12069,2.26
1.3786433757125969,0.9139102080861821,1.0667806976328347,0.36030343564621836,0.5746031746031749,1.3687782805429864,-1.2,0.0,1.0,0.0,0.0,0.0,1.0,0.0,STU-10362,5.16
-0.26552009994185205,0.47265180420066266,-0.9332778890594544,-0.396766322188711,-0.4,0.4343891402714932,0.6,0.0,0.0,1.0,0.0,0.0,1.0,0.0,STU-12552,4.02
1.1523576324767035,-0.037553225291967585,1.0667806976328347,-1.8328574092157939,0.3396825396825398,1.2488687782805432,-1.2,0.0,0.0,0.0,1.0,0.0,0.0,1.0,STU-10249,4.26
-0.8617650741824604,-1.306171136462836,-0.9303718831216519,-1.7470041377087404,-0.880952380952381,0.1402714932126697,-0.2,0.0,0.0,0.0,1.0,0.0,1.0,0.0,STU-12961,2.66
0.41064325187016326,0.34854787810786064,1.0435326501304183,-1.7470041377087404,0.4984126984126986,0.8959276018099548,-1.2,1.0,0.0,0.0,0.0,0.0,1.0,0.0,STU-13889,4.93
1.3786433757125969,1.7688483656143752,1.0667806976328347,-0.7713987796740374,2.1,-0.9660633484162895,0.2,0.0,1.0,0.0,0.0,0.0,1.0,0.0,STU-10478,6.24
1.1739086556420264,0.18307597665079087,0.06493515057556337,0.477376078610383,-0.5650793650793653,0.04751131221719456,0.8,0.0,0.0,0.0,1.0,0.0,1.0,0.0,STU-14123,3.79
0.8398677965795169,1.7688483656143752,1.0667806976328347,-0.9040811083667569,1.4,0.6018099547511311,-0.2,0.0,1.0,0.0,0.0,0.0,1.0,0.0,STU-10355,5.03
1.0643576212183001,0.9001208829647599,-0.09852768342580423,-0.5060341222885975,0.6936507936507936,0.3031674208144796,0.6,0.0,0.0,0.0,0.0,1.0,0.0,1.0,STU-11809,4.65
0.767133093396551,-1.0579632842772306,0.797975148386141,-1.9265155235871254,0.8158730158730159,-0.8687782805429864,-0.6,0.0,0.0,0.0,0.0,1.0,1.0,0.0,STU-12343,4.51
0.7904800351589849,-0.6856515059988245,0.7122479732209799,-0.4123760079172659,0.6920634920634924,-0.9095022624434388,0.4,0.0,0.0,0.0,0.0,1.0,1.0,0.0,STU-13490,4.11
1.3786433757125969,0.5140197795649304,0.30177463450643416,-0.6933503510312606,-0.02698412698412698,0.0,-0.4,0.0,0.0,0.0,1.0,0.0,0.0,1.0,STU-11993,4.27
-0.7459283246688477,-1.9680587422911135,0.3279286879466529,0.6881068359458785,-0.3142857142857144,-0.1515837104072398,1.0,0.0,1.0,0.0,0.0,0.0,1.0,0.0,STU-11669,2.03
-1.6591529312994182,-1.761218865469776,0.7449405400212525,1.9290768513660215,0.012698412698412712,-0.7692307692307693,1.4,0.0,0.0,1.0,0.0,0.0,1.0,0.0,STU-11431,3.08
-0.9479691668437527,0.26581192737932635,-0.7509260164623729,-1.8718816235371818,-0.05555555555555551,0.5927601809954751,-0.8,1.0,0.0,0.0,0.0,0.0,1.0,0.0,STU-11557,3.38
-0.29425479749561567,-1.568168313769862,-1.3059731505825722,-0.40457116505298846,-0.6095238095238096,1.3733031674208143,-0.6,0.0,0.0,0.0,1.0,0.0,1.0,0.0,STU-14481,3.39
1.1281127314157142,-0.7132301562416689,-0.31647812876096104,0.06371940680366872,-0.5841269841269842,2.1470588235294112,0.0,0.0,0.0,0.0,1.0,0.0,1.0,0.0,STU-14654,3.64
0.4016636588846124,0.4037051785935506,0.2741675780973146,0.016890349618003283,-1.0079365079365081,1.0158371040723981,-0.8,0.0,0.0,0.0,0.0,1.0,1.0,0.0,STU-12964,4.07
-1.3260100315354644,-0.5753369050274446,-1.3677257767608673,-0.2172549363103253,-0.5285714285714287,1.332579185520362,-0.4,0.0,0.0,1.0,0.0,0.0,1.0,0.0,STU-10692,3.21
-0.4280507329803313,0.6519130307791559,1.0667806976328347,-0.8650568940453682,0.25238095238095243,-0.6199095022624435,0.2,1.0,0.0,0.0,0.0,0.0,1.0,0.0,STU-13026,3.94
0.6566840996742692,0.8863315578433377,1.0035750684856388,2.2568802516656814,0.2952380952380952,1.1945701357466063,-0.8,0.0,1.0,0.0,0.0,0.0,1.0,0.0,STU-11300,4.48
-1.159887561302764,-0.28576107747757284,0.31921067013324633,-0.8884714226382012,-0.7603174603174605,-0.7601809954751131,-0.2,0.0,0.0,0.0,1.0,0.0,1.0,0.0,STU-10832,3.45
0.5157044898011139,1.7688483656143752,1.0667806976328347,-1.38641860024038e-15,0.8730158730158735,0.0,0.4,0.0,0.0,0.0,1.0,0.0,0.0,1.0,STU-12071,4.93
-1.092540613911129,-0.5063902794203325,-0.6034462151189167,-0.8806665797739238,-0.7761904761904763,-0.834841628959276,0.0,0.0,0.0,1.0,0.0,0.0,0.0,1.0,STU-10529,3.79
-0.38943848314246,-1.2247380995076246e-15,-0.5257105562827112,0.0012806638894476737,0.5444444444444445,-0.6063348416289593,-1.2,0.0,0.0,0.0,0.0,1.0,0.0,1.0,STU-14265,4.37
0.572275925610087,0.7622276317505344,0.0024560229128184614,0.8520085360957086,-0.7698412698412699,0.009049773755656116,-0.4,0.0,0.0,1.0,0.0,0.0,1.0,0.0,STU-10656,4.52
1.3786433757125969,0.41749450371497276,1.0667806976328347,0.45396155001754995,0.06507936507936511,-0.3031674208144796,-0.6,0.0,0.0,0.0,0.0,1.0,1.0,0.0,STU-11406,4.84
-0.7755609815211669,-0.8649127325773164,0.2770735840351161,-0.28749852208882454,0.030158730158730086,-0.572398190045249,1.0,0.0,0.0,1.0,0.0,0.0,1.0,0.0,STU-10707,4.13
-1.0826630616270225,0.19686530177221429,-1.1446898210345562,0.8129843217743213,-0.7000000000000002,-0.744343891402715,-0.4,0.0,0.0,0.0,1.0,0.0,1.0,0.0,STU-14989,2.5
1.2699903005874262,0.48644112932208605,-0.2038703986711292,-1.5596879089660771,0.05555555555555551,-0.6425339366515836,-0.6,0.0,0.0,1.0,0.0,0.0,0.0,1.0,STU-12751,5.12
-1.0880508174183536,-1.1131205847629204,0.4826735041346139,-0.34213242213876743,0.3444444444444445,-0.9389140271493214,1.0,0.0,0.0,0.0,0.0,1.0,1.0,0.0,STU-13908,4.16
0.5157044898011139,0.6243343805363103,0.9519934630896522,-0.6855455081669832,0.3396825396825398,1.2873303167420815,0.2,0.0,0.0,0.0,1.0,0.0,0.0,1.0,STU-13545,3.68
-0.5717242207491521,0.03139340031514451,-0.2903240753207423,-1.895296152130015,-0.5238095238095237,0.3710407239819004,0.2,0.0,0.0,0.0,1.0,0.0,0.0,1.0,STU-12594,4.19
0.44745958311092343,-1.1544885601271881,-0.4886589805757342,0.8129843217743213,-0.8904761904761905,-0.37556561085972856,-0.6,0.0,0.0,0.0,0.0,1.0,1.0,0.0,STU-11200,3.95
0.6647657333612658,-1.1269099098843427,0.8677192908933917,-0.6153019223884847,-0.12222222222222218,0.5882352941176472,2.0,0.0,0.0,0.0,0.0,1.0,1.0,0.0,STU-13507,4.89
1.1999494753001259,1.093171434664674,-0.37750425345480415,1.062739293431204,-0.04126984126984124,0.25565610859728505,0.4,0.0,0.0,0.0,0.0,1.0,0.0,1.0,STU-13410,4.84
-0.07245885075249792,0.43128382883639615,0.18844040293215245,-0.8338375225882577,-0.1476190476190476,-0.4027149321266969,0.8,1.0,0.0,0.0,0.0,0.0,0.0,1.0,STU-10129,4.47
0.7348065586485663,-0.3822863533275293,1.0667806976328347,-1.5206636946446892,0.11428571428571441,-0.6312217194570136,0.0,0.0,0.0,0.0,0.0,1.0,1.0,0.0,STU-14002,4.3
-1.165275317094095,-1.0717526093986527,-2.525769142975,-0.25627915063171397,-1.4333333333333336,0.05656108597285068,0.6,0.0,0.0,0.0,1.0,0.0,1.0,0.0,STU-11169,1.75
0.0,-0.3133397277204172,0.75438505931911,-0.4592050651029321,-0.3873015873015873,0.015837104072398255,1.6,0.0,0.0,0.0,0.0,1.0,1.0,0.0,STU-10287,2.7
-0.4720507386095324,0.3209692278650163,1.0638746916950321,0.8285940075028763,0.009523809523809604,0.18778280542986428,-0.4,0.0,0.0,0.0,0.0,1.0,1.0,0.0,STU-13146,4.56
-0.7980099639850453,-1.2247380995076246e-15,-1.8188831986046414,-0.4592050651029321,-1.2365079365079368,-0.414027149321267,1.0,0.0,0.0,0.0,1.0,0.0,1.0,0.0,STU-14451,2.05
1.3786433757125969,-1.4992216881627498,1.0667806976328347,0.539814821524604,0.028571428571428532,0.04524886877828058,-0.8,0.0,0.0,1.0,0.0,0.0,0.0,1.0,STU-11472,4.55
-0.9075609984087714,-1.0717526093986527,-1.8254217119646963,0.8207891646385987,-1.0984126984126985,-0.21266968325791866,-1.2,0.0,0.0,0.0,0.0,1.0,0.0,1.0,STU-12834,3.81
-0.7369487316832969,-1.9542694171696915,-2.0767912255845773,1.5310298652878627,-0.7857142857142859,0.4343891402714932,-0.4,0.0,0.0,0.0,1.0,0.0,1.0,0.0,STU-14192,2.52
-0.6830711737699882,-2.354159845690943,-0.7799860758403941,-0.0221338647033847,-1.2142857142857144,-0.8868778280542986,0.0,0.0,0.0,0.0,0.0,1.0,1.0,0.0,STU-13284,2.24
-0.44690787824998857,-0.7408088064845144,0.5684006792997761,0.336888907053386,-0.011111111111111158,-0.5339366515837104,-0.2,0.0,0.0,0.0,1.0,0.0,1.0,0.0,STU-12785,4.19
-0.13082620515858207,0.3761265283507062,0.8321207181553155,0.8832279075528199,-0.3190476190476191,-0.24434389140271495,0.6,1.0,0.0,0.0,0.0,0.0,0.0,1.0,STU-13424,4.31
0.0,-1.4854323630413278,-1.0008425271133525,-2.0670026951441223,0.14126984126984138,-1.1085972850678734,-0.2,0.0,1.0,0.0,0.0,0.0,1.0,0.0,STU-10605,1.95
-0.8177650685532581,-0.5615475799060224,-1.0324207045904966e-15,0.7427407359958221,-1.1984126984126986,-0.5995475113122172,1.4,1.0,0.0,0.0,0.0,0.0,1.0,0.0,STU-13841,3.58
-0.11825477497881016,0.05897205055798886,-0.7894305951382506,-1.067982808516587,0.3603174603174603,0.9932126696832578,0.8,1.0,0.0,0.0,0.0,0.0,0.0,1.0,STU-14522,4.04
-0.859071196286795,-0.5063902794203325,-0.6099847284789717,0.1573775211750003,-1.3269841269841272,-0.6447963800904978,0.0,0.0,0.0,0.0,0.0,1.0,1.0,0.0,STU-14350,3.0
-0.18829560026611064,-1.4854323630413278,0.7681885875236698,-1.2006651372093065,-0.34920634920634913,0.5203619909502262,0.0,1.0,0.0,0.0,0.0,0.0,1.0,0.0,STU-13855,3.44
-0.4953976803719663,0.2520226022579042,-0.9122093460103888,-1.2631038801235275,-0.3206349206349206,12.094966953680613,0.0,1.0,0.0,0.0,0.0,0.0,1.0,0.0,STU-10198,4.29
0.48696979224734904,-0.32712905284183935,1.0667806976328347,-0.8260326797239802,0.711111111111111,-0.3461538461538462,0.2,1.0,0.0,0.0,0.0,0.0,1.0,0.0,STU-12507,4.69
-1.1491120497201033,-0.727019481363091,-0.8264821708452277,0.7271310502672672,-0.3936507936507938,-0.8190045248868779,-1.2,0.0,0.0,0.0,0.0,1.0,1.0,0.0,STU-12747,2.65
1.0248474120818747,0.8311742573576478,-0.7610970372446803,-1.3021280944449156,0.17142857142857146,0.14479638009049767,-1.2,0.0,0.0,0.0,1.0,0.0,1.0,0.0,STU-12089,4.54
-0.8249487429417003,0.8863315578433377,-0.050578585452068954,-0.9353004798238674,-0.6523809523809524,1.0316742081447963,0.0,0.0,0.0,0.0,0.0,1.0,0.0,1.0,STU-11233,4.69
0.0,-0.42365432869179703,0.10416623073589205,-1.38641860024038e-15,0.08730158730158744,-0.5135746606334842,0.2,1.0,0.0,0.0,0.0,0.0,1.0,0.0,STU-13138,4.21
0.7500718667240036,0.017604075193722337,1.0667806976328347,-0.49822927942432005,0.6952380952380954,-0.925339366515837,0.6,0.0,0.0,0.0,1.0,0.0,1.0,0.0,STU-14290,4.98
-0.08233640303660433,0.5140197795649304,-0.5017360072958441,1.6246879796591935,0.0,0.09954751131221728,1.2,0.0,0.0,0.0,0.0,1.0,1.0,0.0,STU-11332,4.9
1.3786433757125969,1.4516938878216579,1.0667806976328347,0.477376078610383,1.1063492063492066,0.38687782805429866,0.2,0.0,0.0,1.0,0.0,0.0,1.0,0.0,STU-14887,5.89
-0.3014384718840566,0.4037051785935506,0.7689150890081207,-1.38641860024038e-15,0.43492063492063504,1.9389140271493213,0.0,0.0,0.0,1.0,0.0,0.0,1.0,0.0,STU-11560,4.79
-0.17213233289211763,-0.14786782626334743,-1.0059280375045068,0.414937335696162,-0.4984126984126986,0.09276018099547514,-0.2,0.0,0.0,1.0,0.0,0.0,1.0,0.0,STU-12222,4.25
0.9368474008234712,-1.2247380995076246e-15,1.0667806976328347,0.9924957076527057,-0.18253968253968264,1.5090497737556563,1.4,0.0,0.0,0.0,1.0,0.0,1.0,0.0,STU-14886,5.34
1.3786433757125969,1.6861124148858408,1.0667806976328347,0.477376078610383,1.6730158730158735,0.32352941176470584,-0.8,1.0,0.0,0.0,0.0,0.0,1.0,0.0,STU-11278,5.7
-0.37058133787280273,-0.4512329789346426,0.1441238123806706,-0.26408399349599143,-0.4761904761904763,-0.38461538461538464,0.2,0.0,0.0,1.0,0.0,0.0,1.0,0.0,STU-13109,3.91
1.3786433757125969,0.969067508571872,-1.0324207045904966e-15,1.367128165138032,0.0523809523809524,0.14932126696832582,-1.2,0.0,0.0,1.0,0.0,0.0,1.0,0.0,STU-10306,5.55
-0.5214385000300644,1.7688483656143752,-1.0324207045904966e-15,0.5632293501174371,-0.6793650793650794,2.178733031674208,-0.2,0.0,0.0,0.0,0.0,1.0,1.0,0.0,STU-12157,4.73
0.059541166135106544,-0.2581824272347273,1.0667806976328347,-0.8962762655024787,-0.15555555555555564,0.32352941176470584,1.4,0.0,0.0,0.0,1.0,0.0,1.0,0.0,STU-11593,4.36
0.46990856557480176,0.18307597665079087,-0.11087820866146221,0.19640173549638829,0.3555555555555556,0.058823529411764656,-1.2,0.0,1.0,0.0,0.0,0.0,1.0,0.0,STU-14722,5.55
-0.36609154138002736,-0.36849702820610714,-1.425119394032458,1.1095683506168703,-0.6317460317460319,-0.7217194570135747,-1.2,0.0,0.0,0.0,1.0,0.0,1.0,0.0,STU-14271,3.71
1.0697453770096312,0.30717990274359414,0.024251067446334967,0.34469374991766344,0.7333333333333333,0.6583710407239818,-0.8,0.0,0.0,0.0,1.0,0.0,1.0,0.0,STU-14938,5.12
-1.041356933893487,-1.3337497867056802,-1.1287067883766448,1.101763507752593,0.0,-0.2601809954751132,-1.0,0.0,1.0,0.0,0.0,0.0,1.0,0.0,STU-10158,2.73
0.6908065530193652,0.6243343805363103,-1.0324207045904966e-15,-0.20945009344604784,0.66984126984127,0.5158371040723982,0.6,1.0,0.0,0.0,0.0,0.0,1.0,0.0,STU-12526,5.49
-0.21523437922276437,-1.3613284369485246,1.0667806976328347,-1.0913973371094194,0.40158730158730155,-0.6425339366515836,-0.2,1.0,0.0,0.0,0.0,0.0,1.0,0.0,STU-11127,3.44
0.10264321246575328,-1.2247380995076246e-15,0.00027651845946681075,0.20420657836066575,-0.03968253968253969,0.0,-1.2,0.0,0.0,0.0,0.0,1.0,1.0,0.0,STU-11578,3.48
-0.35621398909591967,-1.9956373925339592,1.0667806976328347,0.32908406418910785,0.4396825396825397,0.9411764705882352,-0.4,0.0,0.0,0.0,0.0,1.0,1.0,0.0,STU-14062,4.48
0.14933709599061984,0.7484383066291123,1.0667806976328347,-1.1538360800236405,0.17936507936507953,0.10407239819004524,-1.2,0.0,0.0,0.0,0.0,1.0,1.0,0.0,STU-11496,5.73
-0.21074458272998897,1.148328735150364,0.46886997593005414,-0.26408399349599143,-0.2428571428571428,-0.4117647058823529,0.2,0.0,0.0,1.0,0.0,0.0,0.0,1.0,STU-12591,5.0
0.8299902442954106,-0.5753369050274446,0.9374634334006415,0.516400292931771,0.38571428571428573,1.665158371040724,-0.4,0.0,0.0,0.0,0.0,1.0,0.0,1.0,STU-10394,3.92
0.0,-0.42365432869179703,0.1572008391007805,0.2900598498677199,-0.29682539682539677,0.8031674208144796,-1.2,0.0,0.0,0.0,0.0,1.0,1.0,0.0,STU-12401,4.1
0.07121463701632287,-0.6718621808774011,-0.24237497734700697,0.8285940075028763,-0.5619047619047619,-0.5113122171945702,1.4,0.0,0.0,0.0,0.0,1.0,1.0,0.0,STU-10857,3.17
0.3397044672843085,0.03139340031514451,1.0667806976328347,1.0237150791098169,0.5031746031746033,-0.43891402714932126,0.6,0.0,0.0,0.0,1.0,0.0,0.0,1.0,STU-12054,4.88
0.5201942862938894,1.7688483656143752,-0.4886589805757342,-0.08457260761760575,0.731746031746032,0.0,-0.2,0.0,0.0,0.0,1.0,0.0,1.0,0.0,STU-12297,4.73
0.4851738736502392,0.26581192737932635,1.0667806976328347,0.5085954500674935,0.31587301587301597,0.10407239819004524,-0.2,0.0,0.0,0.0,1.0,0.0,0.0,1.0,STU-11039,4.51
-0.9380916145596462,-0.2581824272347273,-1.8297807208713992,0.2276211069534988,-1.06984126984127,-0.4479638009049774,0.8,0.0,0.0,1.0,0.0,0.0,0.0,1.0,STU-10735,1.68
-0.04731599039295409,-1.2510138359771459,-0.20968241054673326,2.085173708651573,0.0,-0.3031674208144796,0.2,0.0,0.0,1.0,0.0,0.0,1.0,0.0,STU-10379,4.31
-1.4427447403476314,-1.7060615649840862,-1.4164013762190524,0.2276211069534988,-0.5301587301587303,-0.8710407239819005,-0.2,0.0,1.0,0.0,0.0,0.0,0.0,1.0,STU-11711,2.3
-0.8904997717362241,-2.2576345698409854,-1.790549640711071,1.718346094030526,-0.7126984126984128,1.3642533936651584,-0.8,0.0,0.0,0.0,0.0,1.0,1.0,0.0,STU-10699,3.03
-0.6354793309465673,-1.2247380995076246e-15,-0.09925418491025409,1.0159102362455394,0.7015873015873016,1.260180995475113,-1.2,0.0,0.0,0.0,0.0,1.0,1.0,0.0,STU-12698,4.9
0.8066433025329767,-0.46502230405606476,0.7885306290882845,-0.9743246941452554,-0.11269841269841258,0.6289592760180996,0.2,0.0,0.0,0.0,1.0,0.0,0.0,1.0,STU-14368,4.2
-1.640295786029761,-1.4716430379199044,-0.6230617551990816,-1.0757876513808644,-1.061904761904762,0.1606334841628959,-1.2,1.0,0.0,0.0,0.0,0.0,0.0,1.0,STU-12287,2.35
-2.2931121960793424,-2.1335306437481836,-0.07310013147003531,0.3134743784605529,-0.34920634920634913,0.07013574660633476,-0.2,0.0,0.0,0.0,0.0,1.0,0.0,1.0,STU-11237,3.27
1.0715412956067412,-1.1269099098843427,1.0667806976328347,-1.5831024375589096,0.5619047619047621,-0.5882352941176471,0.6,0.0,0.0,0.0,1.0,0.0,0.0,1.0,STU-14374,4.68
-1.494826379663829,-0.6167048803917123,-1.8871743381429904,-0.5138389651528756,-1.2539682539682542,-0.13122171945701358,0.0,0.0,0.0,0.0,1.0,0.0,1.0,0.0,STU-13312,2.99
-0.013193537047859439,0.78980628199338,1.002122065516738,-0.6933503510312606,0.5285714285714287,-0.2941176470588235,-1.2,0.0,0.0,0.0,1.0,0.0,1.0,0.0,STU-13588,5.12
-0.5214385000300644,1.162118060271786,-1.2674685719066945,-0.5294486508814306,-0.3253968253968253,0.4796380090497738,0.2,0.0,0.0,0.0,0.0,1.0,1.0,0.0,STU-10147,3.57
-1.7740917215144754,-1.2247380995076246e-15,1.0667806976328347,0.4461567071532725,-0.6682539682539683,-0.9547511312217194,-0.4,0.0,0.0,0.0,0.0,1.0,0.0,1.0,STU-11626,3.75
0.0,-1.0165953089129627,0.8677192908933917,-0.7557890939454817,0.41746031746031764,-0.31900452488687786,-1.2,0.0,0.0,1.0,0.0,0.0,1.0,0.0,STU-13687,3.54
-0.4379282852644377,1.2310646858788994,0.8887878339424563,-0.46700990796720954,0.5746031746031749,-0.6900452488687783,0.6,0.0,0.0,1.0,0.0,0.0,0.0,1.0,STU-14923,4.28
-0.9883773352787338,0.017604075193722337,-0.5002830043269423,-0.5060341222885975,-0.4746031746031747,-0.36425339366515846,-0.2,0.0,1.0,0.0,0.0,0.0,0.0,1.0,STU-13295,4.48
0.9808474064526722,-0.5063902794203325,0.5146395694504378,1.8120042084018568,-0.04126984126984124,1.3665158371040724,-0.6,0.0,1.0,0.0,0.0,0.0,1.0,0.0,STU-13745,4.41
-0.36160174488725066,-1.4164857374342144,-0.737848989742264,-0.13920650766754936,-1.6333333333333335,-1.0135746606334843,-0.2,0.0,0.0,0.0,1.0,0.0,1.0,0.0,STU-10604,3.1
-0.07964252514093882,1.5895871390358833,-2.092047756758038,0.0871339353965018,-0.26349206349206356,0.9751131221719457,-0.4,0.0,1.0,0.0,0.0,0.0,1.0,0.0,STU-11062,3.57
-0.6103364705870234,1.0793821095432519,1.0667806976328347,0.9612763361955958,0.45396825396825397,0.7420814479638009,0.6,1.0,0.0,0.0,0.0,0.0,1.0,0.0,STU-13101,5.28
-1.2119692006189615,-0.23060377699188292,-0.8083196337339646,0.9768860219241507,-0.6301587301587304,-0.6493212669683258,1.2,1.0,0.0,0.0,0.0,0.0,0.0,1.0,STU-12302,3.2
0.31725548482043014,0.21065462689363645,-0.3012215975874995,-1.3801765230876915,0.0,0.39819004524886875,0.0,0.0,0.0,0.0,0.0,1.0,1.0,0.0,STU-11937,4.77
0.18435750863427008,0.665702355900578,1.0667806976328347,-0.07676776475332829,0.3936507936507938,-0.5361990950226244,-1.2,0.0,0.0,0.0,1.0,0.0,1.0,0.0,STU-14875,4.68
-1.815397849248011,0.7346489815076901,0.5887427208643908,1.3593233222737544,0.03968253968253969,1.7918552036199098,-0.6,0.0,0.0,0.0,0.0,1.0,0.0,1.0,STU-12235,4.76
-1.1877242995579733,-0.6994408311202467,-1.6452493438209665,-1.7626138234372952,-0.9222222222222223,0.6809954751131223,-0.2,1.0,0.0,0.0,0.0,0.0,1.0,0.0,STU-14402,2.48
0.22566363636780565,-1.1820672103700325,1.0667806976328347,-0.3031082078173794,0.3396825396825398,0.843891402714932,-0.8,1.0,0.0,0.0,0.0,0.0,1.0,0.0,STU-10986,4.26
0.0,-1.9818480674125358,0.12160226636270423,0.29786469273199734,-0.6158730158730158,1.4457013574660633,-1.2,0.0,1.0,0.0,0.0,0.0,1.0,0.0,STU-12888,3.61
-1.8836427559382014,-1.1269099098843427,-2.6434623834559847,1.3749330080023094,-1.431746031746032,-0.1742081447963802,1.0,0.0,0.0,1.0,0.0,0.0,0.0,1.0,STU-10180,2.58
0.3639493683452967,-0.5753369050274446,1.0667806976328347,-0.1314016648032719,0.715873015873016,-0.27375565610859726,-0.6,0.0,0.0,0.0,0.0,1.0,0.0,1.0,STU-10568,4.76
-0.16045886201090132,-0.2443931021133051,-0.6136172359012241,0.5866438787102695,-0.12539682539682528,1.2420814479638007,0.8,0.0,0.0,1.0,0.0,0.0,0.0,1.0,STU-12836,3.73
-0.03923435670595886,-0.9200700330630064,1.0667806976328347,1.070544136295483,0.45555555555555577,-0.39592760180995473,-0.2,1.0,0.0,0.0,0.0,0.0,1.0,0.0,STU-11430,5.12
0.3576636532554101,0.8035956071148022,-1.3030671446447708,0.04810972107511381,-0.37619047619047613,0.27375565610859726,1.4,0.0,1.0,0.0,0.0,0.0,1.0,0.0,STU-12928,3.46
0.34329630447852827,1.7688483656143752,-0.46686393604221876,-0.08457260761760575,-0.6380952380952382,0.06334841628959281,0.4,0.0,0.0,1.0,0.0,0.0,0.0,1.0,STU-11081,4.37
-0.8985814054232206,-1.0303846340343863,-1.0324207045904966e-15,0.6100584073031026,-0.715873015873016,-0.9751131221719458,-1.0,0.0,0.0,0.0,0.0,1.0,1.0,0.0,STU-13553,2.33
-1.5334386295017004,0.045182725436566686,0.17463687472759268,0.4071324928318845,0.17777777777777798,1.30316742081448,-1.2,0.0,0.0,0.0,1.0,0.0,1.0,0.0,STU-11498,3.69
-0.667805865694552,-1.4992216881627498,1.0558831753660765,-2.4806593669508366,0.5698412698412699,1.3144796380090498,-1.2,1.0,0.0,0.0,0.0,0.0,1.0,0.0,STU-12088,3.66
-0.1532751876224604,0.541598429807776,0.580751204535435,-0.5606680223385411,0.8174603174603177,-0.09276018099547514,0.6,1.0,0.0,0.0,0.0,0.0,1.0,0.0,STU-12230,3.46
-2.44666323613227,0.05897205055798886,-0.1028866923325065,1.6637121939805823,-0.049206349206349295,0.30090497737556565,-0.4,1.0,0.0,0.0,0.0,0.0,0.0,1.0,STU-14523,4.08
0.1996228167097075,-0.727019481363091,-0.9834064914865404,-1.3333474659020261,-1.1031746031746035,-0.41855203619909503,1.0,1.0,0.0,0.0,0.0,0.0,0.0,1.0,STU-11688,3.65
0.6360310358075021,-0.5201796045417547,1.0667806976328347,-1.6299314947445758,1.0507936507936508,-0.7692307692307693,-0.8,0.0,0.0,1.0,0.0,0.0,1.0,0.0,STU-10403,4.02
0.03709218367122822,0.7346489815076901,-1.0324207045904966e-15,-0.24066946490315838,0.8984126984126989,-0.6877828054298643,-1.0,0.0,1.0,0.0,0.0,0.0,0.0,1.0,STU-13854,5.69
-0.8240507836431447,-1.7060615649840862,-1.2660155689377937,1.2344458364453124,-0.3396825396825398,1.981900452488688,-1.2,0.0,0.0,0.0,1.0,0.0,1.0,0.0,STU-12127,2.99
-0.23139764659675738,0.0038147500722989394,1.0667806976328347,-1.247494194394972,1.242857142857143,0.12217194570135748,-0.2,1.0,0.0,0.0,0.0,0.0,1.0,0.0,STU-12040,4.23
-1.615152925670217,-1.0441739591558084,-0.4523339063532081,0.09493877826077925,7.135344611904698,1.0995475113122173,0.0,0.0,1.0,0.0,0.0,0.0,1.0,0.0,STU-13334,3.31
1.0796229292937376,1.1207500849075196,1.0667806976328347,1.1720070935310913,1.0571428571428576,-0.2828054298642534,-1.2,1.0,0.0,0.0,0.0,0.0,0.0,1.0,STU-13746,5.32
-0.4639691049225359,0.7622276317505344,1.0667806976328347,-0.49822927942432005,0.6380952380952384,0.24208144796380096,1.2,0.0,0.0,1.0,0.0,0.0,0.0,1.0,STU-13199,4.47
-1.239805938874171,-0.547758254784599,1.0667806976328347,-0.5528631794742637,0.1476190476190476,-0.7601809954751131,-0.2,0.0,0.0,1.0,0.0,0.0,1.0,0.0,STU-12527,3.95
-1.6196427221629925,-0.2443931021133051,1.0667806976328347,-1.107007022837975,1.2015873015873015,-0.2805429864253394,0.4,0.0,0.0,1.0,0.0,0.0,1.0,0.0,STU-12855,3.86
1.2017453938972358,1.6585337646429954,1.0667806976328347,1.0237150791098169,1.0412698412698416,-0.28959276018099556,-0.4,1.0,0.0,0.0,0.0,0.0,1.0,0.0,STU-13029,6.0
-1.3304998280282399,0.84496358247907,-0.5976342032433126,1.3827378508665868,-0.3634920634920634,1.649321266968326,-0.4,0.0,0.0,1.0,0.0,0.0,1.0,0.0,STU-12208,3.4
-0.4944997210734107,0.26581192737932635,0.18626089847880078,-2.145051123786899,0.4841269841269843,0.7760180995475114,-0.6,1.0,0.0,0.0,0.0,0.0,0.0,1.0,STU-11994,3.67
0.6306432800161711,-1.264803161098568,1.0667806976328347,-0.6933503510312606,-0.12222222222222218,2.7624434389140275,-0.6,0.0,1.0,0.0,0.0,0.0,0.0,1.0,STU-10389,4.27
-0.1505813097267949,1.7688483656143752,0.8829758220668523,-0.8728617369096463,0.12539682539682556,1.3755656108597283,1.4,0.0,1.0,0.0,0.0,0.0,1.0,0.0,STU-11374,4.42
-0.19817315255021706,0.7622276317505344,0.5219045842949426,0.009085506753725131,0.3253968253968256,-0.6583710407239819,-0.2,1.0,0.0,0.0,0.0,0.0,0.0,1.0,STU-14043,5.05
-0.12633640866580667,-0.02376390017054541,-0.5264370577671621,-0.11579197907471628,-0.9380952380952383,0.10180995475113126,-0.2,0.0,0.0,0.0,0.0,1.0,1.0,0.0,STU-11862,3.88
-0.4181731806962249,-0.6167048803917123,-0.8032341233428104,1.1095683506168703,-0.3190476190476191,-0.4886877828054299,0.2,0.0,0.0,0.0,0.0,1.0,0.0,1.0,STU-14631,3.9
0.08737790439031587,0.34854787810786064,1.0667806976328347,1.3359087936809222,0.0,1.3574660633484161,1.4,0.0,0.0,0.0,1.0,0.0,1.0,0.0,STU-14826,4.41
1.3786433757125969,1.2862219863645894,1.0667806976328347,2.5222449090511208,0.8396825396825399,2.726244343891403,-1.2,0.0,0.0,1.0,0.0,0.0,0.0,1.0,STU-10554,5.5
0.710561657587578,0.05897205055798886,1.0667806976328347,0.1729872069035559,1.0507936507936508,-0.37556561085972856,-0.4,1.0,0.0,0.0,0.0,0.0,1.0,0.0,STU-10448,5.08
-0.5573568719722702,0.84496358247907,0.3511767354490702,-0.6855455081669832,0.7349206349206352,-1.009049773755656,0.0,1.0,0.0,0.0,0.0,0.0,1.0,0.0,STU-12734,4.67
-0.6947446446512058,-1.7750081905911996,-0.5373345800339193,-2.098222066601233,-1.2523809523809526,-0.06334841628959281,3.2,0.0,0.0,0.0,0.0,1.0,1.0,0.0,STU-10471,2.28
0.09276566018164688,-1.2372245108557225,-0.16827182593305395,0.16518236403927777,-0.14603174603174604,-0.5904977375565611,0.4,0.0,0.0,1.0,0.0,0.0,1.0,0.0,STU-13748,3.52
0.8874596394029391,0.045182725436566686,0.3511767354490702,-0.8026181511311471,1.0317460317460323,0.4705882352941177,-0.4,0.0,0.0,0.0,0.0,1.0,1.0,0.0,STU-11383,4.82
0.23643914795046767,-0.1064998508990809,-1.0324207045904966e-15,0.3837179642390514,-0.30317460317460326,-0.13348416289592757,-1.0,0.0,0.0,1.0,0.0,0.0,1.0,0.0,STU-11778,3.78
1.1326025279084908,-1.0993312596414984,0.08890969956243153,-0.9743246941452554,-0.9476190476190477,1.3823529411764708,0.2,1.0,0.0,0.0,0.0,0.0,0.0,1.0,STU-11525,3.96
-0.7809487373124979,1.6585337646429954,0.7863511246349328,-0.8962762655024787,0.0,-0.823529411764706,-1.0,0.0,0.0,0.0,1.0,0.0,0.0,1.0,STU-10326,4.09
-0.25025479186641464,-1.2247380995076246e-15,-1.0640481562605484,1.0471296077026493,-0.9444444444444446,-0.018099547511312233,-1.2,0.0,0.0,0.0,1.0,0.0,0.0,1.0,STU-14490,4.24
-0.0742547693496091,-1.306171136462836,0.028610076353037237,0.9222521218742071,0.10317460317460325,7.3327492104572425,0.4,0.0,0.0,1.0,0.0,0.0,1.0,0.0,STU-11257,4.53
-0.384050727351129,-1.2247380995076246e-15,0.9069503710537195,0.375913121374774,0.4904761904761905,0.42760180995475106,0.4,0.0,0.0,0.0,0.0,1.0,1.0,0.0,STU-13826,4.38
-0.7118058713237531,-0.8787020576987385,0.4717759818678567,0.05591456393939127,0.2428571428571428,-0.5588235294117647,0.6,0.0,0.0,0.0,1.0,0.0,1.0,0.0,STU-12218,4.2
0.5857453150884144,0.6381237056577325,-0.1043396953014083,-1.5362733803732442,-0.07619047619047627,0.14253393665158368,0.2,0.0,0.0,1.0,0.0,0.0,1.0,0.0,STU-10273,4.18
0.31905140341754007,-1.264803161098568,0.4172883705340675,0.009085506753725131,-0.6222222222222223,0.0,10.2,0.0,1.0,0.0,0.0,0.0,1.0,0.0,STU-14415,4.17
0.23284731075624657,-0.3960756784489527,1.0667806976328347,0.05591456393939127,0.5111111111111113,-0.36651583710407243,-1.2,0.0,0.0,0.0,0.0,1.0,1.0,0.0,STU-11934,4.67
0.018235038401569707,-0.3822863533275293,-1.6481553497587684,1.8041993655375794,-0.7634920634920636,-0.5271493212669683,0.4,0.0,0.0,0.0,0.0,1.0,1.0,0.0,STU-12003,3.11
1.3786433757125969,1.7688483656143752,1.0667806976328347,-1.348957151630581,0.42222222222222233,-0.4638009049773755,-0.4,0.0,0.0,0.0,0.0,1.0,0.0,1.0,STU-12076,5.63
0.1017452531671977,0.3209692278650163,-0.5315225681583153,0.04810972107511381,0.08888888888888899,0.9298642533936653,-0.6,0.0,0.0,1.0,0.0,0.0,1.0,0.0,STU-14356,4.49
-0.20086703044588256,-0.32712905284183935,-0.9209273638237954,0.7895697931814876,-0.788888888888889,0.9389140271493212,0.4,0.0,0.0,1.0,0.0,0.0,0.0,1.0,STU-10559,4.54
0.8425616744751825,-0.9200700330630064,1.0667806976328347,-0.3031082078173794,0.017460317460317374,-0.1085972850678734,1.2,0.0,0.0,0.0,1.0,0.0,1.0,0.0,STU-10385,3.38
0.23105139215913664,-0.34091837796326274,-1.0324207045904966e-15,-0.6855455081669832,-0.40317460317460313,-1.0723981900452488,1.6,0.0,0.0,1.0,0.0,0.0,1.0,0.0,STU-11689,3.52
1.2215004984654485,0.03139340031514451,0.28361209739517107,-0.474814750831487,0.550793650793651,0.7624434389140272,-0.2,0.0,0.0,0.0,1.0,0.0,1.0,0.0,STU-11466,4.62
-1.2119692006189615,-0.7821767818487809,-2.2249975284124837,-0.15481619339610495,-1.0412698412698413,0.2285067873303167,-1.2,0.0,0.0,0.0,0.0,1.0,0.0,1.0,STU-10469,3.18
-0.4226629771890003,-0.6994408311202467,1.0667806976328347,0.3837179642390514,0.19206349206349224,-0.17647058823529418,-1.2,0.0,0.0,0.0,0.0,1.0,1.0,0.0,STU-11885,3.96
0.0,0.045182725436566686,-1.3713582841831198,-0.014329021839107243,-0.9682539682539684,0.6651583710407241,0.0,0.0,1.0,0.0,0.0,0.0,0.0,1.0,STU-14965,3.94
-0.6264997379610152,0.14170800128652436,-1.3902473227788326,0.9378618076027634,-0.6253968253968254,0.20361990950226252,0.6,1.0,0.0,0.0,0.0,0.0,1.0,0.0,STU-11087,3.33
-0.6902548481584303,-0.727019481363091,-0.08980966561239763,-0.7245697224883711,-0.29365079365079366,0.7963800904977377,-1.0,0.0,0.0,0.0,1.0,0.0,1.0,0.0,STU-14359,2.73
0.16460240406605725,-0.46502230405606476,0.024251067446334967,0.7271310502672672,0.46349206349206357,-0.058823529411764656,0.6,0.0,0.0,0.0,0.0,1.0,1.0,0.0,STU-14520,3.38
-1.016214073533943,-0.07892120065623533,-1.0324207045904966e-15,-0.4279856936458215,-1.6460317460317462,-0.6085972850678733,0.6,0.0,0.0,0.0,0.0,1.0,1.0,0.0,STU-10693,3.48
-1.7992345818740192,-1.264803161098568,-1.4658034771616875,0.19640173549638829,-0.5634920634920634,-0.6425339366515836,0.6,0.0,0.0,0.0,0.0,1.0,0.0,1.0,STU-12906,3.25
0.06043912543366086,-0.9338593581844286,-0.16463931851080155,0.8676182218242635,-0.14285714285714293,-0.8167420814479638,0.4,0.0,0.0,0.0,0.0,1.0,1.0,0.0,STU-13018,4.11
-0.6615201506046654,1.2862219863645894,-0.483573470184581,-2.0670026951441223,0.7984126984126985,-1.0,-1.2,0.0,0.0,0.0,1.0,0.0,0.0,1.0,STU-11402,4.23
-0.6049487147956925,-1.3337497867056802,0.5785717000820835,-0.7245697224883711,0.715873015873016,-0.29864253393665163,-0.4,1.0,0.0,0.0,0.0,0.0,1.0,0.0,STU-14095,4.09
-0.6651119877988865,0.7484383066291123,-1.7578570739107977,-1.0133489084666434,0.11428571428571441,-0.029411764705882328,-0.6,0.0,0.0,0.0,0.0,1.0,1.0,0.0,STU-10607,4.22
0.0,1.7688483656143752,-1.4120423673123492,-1.4816394803233006,-1.0873015873015874,-0.7171945701357466,-0.8,0.0,0.0,0.0,0.0,1.0,1.0,0.0,STU-10934,3.79
1.0050923075136617,-0.009974575049123234,1.0667806976328347,0.0871339353965018,0.9904761904761907,-0.7624434389140272,-0.4,0.0,0.0,1.0,0.0,0.0,1.0,0.0,STU-13344,5.57
-0.8078875162691517,-1.6371149393769742,-0.6855408828618265,0.8363988503671537,-0.9571428571428572,-0.5316742081447964,-1.2,0.0,0.0,1.0,0.0,0.0,1.0,0.0,STU-12060,3.33
0.11880647983974502,-2.188687944233873,0.16591885691418606,0.6490826216244906,-0.488888888888889,1.1674208144796379,0.4,0.0,0.0,0.0,0.0,1.0,1.0,0.0,STU-10460,3.68
-0.18470376307188954,0.48644112932208605,1.0667806976328347,0.6178632501673801,0.6253968253968254,1.8144796380090498,0.2,0.0,0.0,1.0,0.0,0.0,1.0,0.0,STU-12201,4.87
-0.8931936496318896,-1.2247380995076246e-15,-0.5874631824610053,0.5476196643888815,0.3650793650793653,1.6809954751131224,-0.2,0.0,0.0,0.0,1.0,0.0,0.0,1.0,STU-13880,3.77
-0.42176501789044474,0.541598429807776,1.0667806976328347,-0.20945009344604784,0.9317460317460318,-0.3212669683257918,0.6,1.0,0.0,0.0,0.0,0.0,1.0,0.0,STU-10968,5.21
-0.10837722269470375,1.4241152375788135,-0.08763016115904598,0.6100584073031026,0.3380952380952383,0.9434389140271495,-1.0,0.0,0.0,0.0,1.0,0.0,1.0,0.0,STU-14598,5.37
0.0,-0.36849702820610714,0.7522055548657585,-1.38641860024038e-15,-0.12539682539682528,0.5882352941176472,0.6,1.0,0.0,0.0,0.0,0.0,1.0,0.0,STU-11191,4.72
-1.3304998280282399,-1.0717526093986527,-0.7385754912267138,-1.1616409228879185,-0.2492063492063493,0.009049773755656116,-1.2,0.0,0.0,1.0,0.0,0.0,1.0,0.0,STU-14515,3.64
-0.4962956396705206,-1.264803161098568,-1.0088340434423082,-1.4738346374590232,-0.3428571428571429,0.14705882352941185,-0.6,0.0,1.0,0.0,0.0,0.0,1.0,0.0,STU-11113,1.32
0.1089289275556386,-0.23060377699188292,1.0667806976328347,-0.7635939368097592,-0.02380952380952387,-0.36425339366515846,1.6,0.0,0.0,0.0,0.0,1.0,0.0,1.0,STU-10637,4.32
-0.10388742620192834,-1.3337497867056802,-0.029510042403004373,1.008105393381262,-0.5492063492063491,2.0339366515837103,0.6,0.0,0.0,0.0,0.0,1.0,0.0,1.0,STU-12590,3.86
0.30378609534210266,-0.20302512674903736,-0.3084866124320053,0.4617663928818274,-0.3174603174603175,-0.26923076923076933,0.4,1.0,0.0,0.0,0.0,0.0,0.0,1.0,STU-14715,4.86
1.3786433757125969,-0.4374436538132192,1.0667806976328347,-0.638716450981317,1.1587301587301588,0.3914027149321266,0.8,0.0,0.0,0.0,0.0,1.0,1.0,0.0,STU-11042,5.01
0.5740718442071981,1.7412697153715309,0.2712615721595121,0.16518236403927777,0.6841269841269844,-0.1855203619909503,1.4,0.0,0.0,0.0,1.0,0.0,0.0,1.0,STU-12819,6.01
0.18615342723138,1.7688483656143752,1.0667806976328347,-0.5216438080171532,0.6904761904761906,-0.5316742081447964,-1.2,1.0,0.0,0.0,0.0,0.0,0.0,1.0,STU-11004,5.61
-1.378091670851662,-1.4716430379199044,-2.2119205016923744,-1.0367634370594765,-1.0190476190476192,1.018099547511312,0.2,0.0,0.0,1.0,0.0,0.0,1.0,0.0,STU-11675,2.33
0.6809290007352587,0.8173849322362243,0.9374634334006415,-0.49822927942432005,1.3777777777777782,-0.7217194570135747,-0.4,0.0,0.0,0.0,0.0,1.0,0.0,1.0,STU-13387,5.8
-0.4882140059835254,-0.6856515059988245,-0.8344736871741834,-1.7470041377087404,-0.4968253968253967,-0.4773755656108597,-0.8,1.0,0.0,0.0,0.0,0.0,0.0,1.0,STU-14127,2.41
-1.0189079514296087,-0.28576107747757284,0.05767013573105856,-9.587349415370106,-0.14126984126984138,-0.32352941176470584,-1.0,0.0,0.0,0.0,0.0,1.0,0.0,1.0,STU-10970,4.2
-0.065275176364057,-0.478811629177487,-1.2057159457284004,1.2812748936309786,-1.7476190476190478,0.6470588235294118,0.0,0.0,0.0,0.0,0.0,1.0,0.0,1.0,STU-10639,2.89
0.06582688122499186,0.8725422327219143,0.5814777060198849,-0.6543261367098727,-0.45396825396825397,0.0,-0.4,0.0,0.0,0.0,0.0,1.0,0.0,1.0,STU-10266,4.42
-0.8141732313590383,-1.085541934520076,0.02933657783748813,0.3915228071033289,-0.6730158730158732,-0.09276018099547514,-0.4,0.0,0.0,0.0,1.0,0.0,1.0,0.0,STU-14600,3.62
0.11072484615274851,-0.28576107747757284,1.0667806976328347,-1.6221266518802984,0.550793650793651,-0.3914027149321268,-0.6,0.0,1.0,0.0,0.0,0.0,1.0,0.0,STU-14056,4.04
0.7446841109326726,1.7688483656143752,-0.6782758680173205,-1.5050540089161337,0.8984126984126989,-0.8914027149321267,-0.2,0.0,0.0,0.0,0.0,1.0,1.0,0.0,STU-14839,5.09
0.43937794942392816,0.0038147500722989394,1.0667806976328347,1.554444393880695,0.9936507936507938,0.2828054298642534,0.0,0.0,0.0,0.0,0.0,1.0,1.0,0.0,STU-14443,4.9
-1.1958059332449698,-1.1131205847629204,-1.701189958123657,-0.8182278368597028,-0.950793650793651,1.868778280542987,0.8,0.0,0.0,0.0,0.0,1.0,0.0,1.0,STU-12328,3.15
-0.5034793140589615,-1.2247380995076246e-15,0.10489273222034294,-0.8962762655024787,0.24761904761904774,-0.5,0.4,0.0,0.0,0.0,0.0,1.0,0.0,1.0,STU-11408,4.07
0.8084392211300878,1.4930618631859256,1.0667806976328347,1.3905426937308643,1.417460317460318,0.35520361990950233,-0.2,0.0,0.0,1.0,0.0,0.0,0.0,1.0,STU-14962,5.13
0.0,-1.9542694171696915,-0.5678476423808414,-2.121636595194066,-0.9285714285714287,-0.6357466063348417,0.8,0.0,1.0,0.0,0.0,0.0,0.0,1.0,STU-14575,2.07
-1.7040508962271748,-0.547758254784599,-3.430263491115901,-0.5528631794742637,-1.6063492063492064,-0.37330316742081454,1.0,0.0,0.0,0.0,1.0,0.0,1.0,0.0,STU-11302,1.96
1.2637045854975397,-0.23060377699188292,-0.05421109287432239,0.27445016413916495,-0.9904761904761907,-0.1402714932126697,-1.2,0.0,0.0,0.0,0.0,1.0,1.0,0.0,STU-11815,4.31
0.4842759143516848,0.8863315578433377,-0.33246116141887244,1.0471296077026493,0.17777777777777798,-0.2918552036199095,-0.6,0.0,0.0,1.0,0.0,0.0,1.0,0.0,STU-14581,3.64
1.0463984352471973,0.3347585529864385,1.0667806976328347,1.710541251166247,0.1603174603174603,-0.12443438914027145,0.4,0.0,0.0,0.0,0.0,1.0,1.0,0.0,STU-10148,5.08
1.353500515353053,0.7760169568719578,1.0667806976328347,0.36810827851049654,0.8873015873015877,1.0746606334841626,0.0,1.0,0.0,0.0,0.0,0.0,0.0,1.0,STU-12700,6.39
-1.2775202294134866,-0.13407850114192527,0.49429752788582304,-0.3811566364601561,9.496812091526069,-0.171945701357466,-0.2,0.0,0.0,0.0,1.0,0.0,1.0,0.0,STU-12462,3.36
-1.117683474270673,-0.32712905284183935,-1.7149934863282168,-1.4660297945947456,-0.861904761904762,-0.036199095022624465,-0.8,0.0,0.0,0.0,1.0,0.0,0.0,1.0,STU-11480,3.29
0.8973371916870455,0.84496358247907,1.0667806976328347,1.2422506793095898,1.2619047619047623,-0.35294117647058815,0.0,1.0,0.0,0.0,0.0,0.0,1.0,0.0,STU-11218,5.77
-1.948295825434171,-1.2247380995076246e-15,-1.2289639932308167,-1.2552990372592494,-0.05079365079365085,-0.6470588235294118,0.4,0.0,0.0,0.0,0.0,1.0,1.0,0.0,STU-11155,2.96
-0.7593977141471752,0.5140197795649304,1.0667806976328347,-1.0601779656523087,1.1031746031746035,-0.751131221719457,1.4,0.0,1.0,0.0,0.0,0.0,0.0,1.0,STU-10439,4.94
-2.2679693357197985,0.9966461588147175,-0.2823325589917855,0.04030487821083566,0.13809523809523827,0.7352941176470587,0.6,1.0,0.0,0.0,0.0,0.0,0.0,1.0,STU-13059,3.58
0.21937792127792033,1.7412697153715309,1.0667806976328347,-1.372371680223414,0.17460317460317457,0.4457013574660633,-1.0,0.0,0.0,0.0,1.0,0.0,1.0,0.0,STU-14072,4.76
-1.53882638529303,-1.2247380995076246e-15,-1.6997369551547556,-1.9109058378585704,-1.0190476190476192,-0.6153846153846154,2.6,1.0,0.0,0.0,0.0,0.0,1.0,0.0,STU-12176,3.03
-0.6480507611263379,-0.07892120065623533,0.023524565961884073,-0.7870084654025923,-0.46031746031746046,-0.9819004524886877,-0.8,0.0,0.0,1.0,0.0,0.0,1.0,0.0,STU-12009,3.67
0.2517044560259051,0.5553877549291981,-0.9209273638237954,-0.37335179359587795,-0.7904761904761906,0.4819004524886878,-0.2,0.0,0.0,1.0,0.0,0.0,0.0,1.0,STU-12225,4.25
-1.3538467697906738,-0.7683874567273588,-2.045551661753205,0.24323079268205441,-0.950793650793651,-0.8574660633484164,-1.2,0.0,1.0,0.0,0.0,0.0,1.0,0.0,STU-13608,2.48
0.5183983676967795,1.2448540110003217,-0.8933203074146759,0.656887464488768,0.1047619047619048,0.04524886877828058,-0.4,0.0,0.0,1.0,0.0,0.0,0.0,1.0,STU-10980,4.41
0.23015343286058107,0.6932810061434224,1.0667806976328347,-0.3655469507316005,0.5888888888888891,-0.26244343891402716,0.0,0.0,0.0,0.0,0.0,1.0,0.0,1.0,STU-14967,4.59
0.9314596450321402,1.575797813914461,-1.0324207045904966e-15,0.3524985927819409,0.9682539682539684,0.3031674208144796,0.4,0.0,0.0,0.0,0.0,1.0,1.0,0.0,STU-11980,5.27
-1.1832345030651978,-1.871533466441156,-0.5438730933939743,0.5710341929817145,-0.907936507936508,0.6628959276018102,-0.6,1.0,0.0,0.0,0.0,0.0,1.0,0.0,STU-14946,3.23
-1.496622298260939,-0.23060377699188292,0.655580857433839,-1.38641860024038e-15,0.04126984126984124,-0.6900452488687783,-0.4,0.0,0.0,0.0,0.0,1.0,1.0,0.0,STU-10274,3.61
-0.1505813097267949,0.34854787810786064,0.17754288066539523,-0.8962762655024787,0.0,-0.042986425339366606,0.0,0.0,0.0,1.0,0.0,0.0,1.0,0.0,STU-14694,4.29
0.7096636982890224,-0.2719717523561507,-1.0324207045904966e-15,-0.8494472083168133,-0.1936507936507938,-0.5475113122171945,-0.4,0.0,0.0,0.0,0.0,1.0,0.0,1.0,STU-12833,3.99
1.3786433757125969,0.7346489815076901,1.0667806976328347,1.0549344505669267,1.1952380952380954,0.36651583710407243,1.0,1.0,0.0,0.0,0.0,0.0,0.0,1.0,STU-14096,5.92
0.0,-1.0717526093986527,0.07002066096671757,0.19640173549638829,-0.942857142857143,0.04751131221719456,1.2,0.0,0.0,0.0,1.0,0.0,0.0,1.0,STU-10811,3.69
-2.086581557411662,0.15549732640794653,-0.26417002188052247,-0.7011551938955382,0.20476190476190495,-0.2941176470588235,1.0,0.0,0.0,0.0,1.0,0.0,1.0,0.0,STU-10143,3.59
1.3786433757125969,0.2382332771364808,-0.3629742237657945,0.8129843217743213,0.15555555555555564,-0.08371040723981903,1.4,0.0,1.0,0.0,0.0,0.0,0.0,1.0,STU-11288,5.54
1.158643347566589,-0.8511234074558942,-2.2555105907594055,0.8598133789599861,-1.196825396825397,-0.12443438914027145,0.0,0.0,0.0,0.0,0.0,1.0,0.0,1.0,STU-10270,3.21
-1.3592345255820035,-1.264803161098568,-2.0106795904995796,1.655907351116305,-0.8206349206349207,1.0950226244343892,-0.8,1.0,0.0,0.0,0.0,0.0,0.0,1.0,STU-14632,2.5
-0.5824997323318141,1.4103259124573913,-1.009560544926759,-0.9587150084166998,-0.5793650793650795,-0.49547511312217196,0.4,0.0,1.0,0.0,0.0,0.0,0.0,1.0,STU-14276,3.85
1.0419086387544219,-0.3960756784489527,-0.21767392687568998,-0.6933503510312606,0.07936507936507937,-0.37330316742081454,-0.2,0.0,1.0,0.0,0.0,0.0,0.0,1.0,STU-14207,4.46
1.3786433757125969,0.08655070080083443,0.10852523964259535,-0.396766322188711,0.0,0.07692307692307689,0.4,0.0,0.0,0.0,0.0,1.0,1.0,0.0,STU-13570,3.43
-0.841112010315692,1.0655927844218296,1.0667806976328347,1.1798119363953687,-0.6158730158730158,-0.7941176470588236,-0.8,0.0,0.0,1.0,0.0,0.0,0.0,1.0,STU-10050,4.37
-1.7354794716766053,-1.6646935896198196,-1.0324207045904966e-15,-1.044568279923754,-1.215873015873016,-0.8144796380090498,-1.2,1.0,0.0,0.0,0.0,0.0,0.0,1.0,STU-11342,2.95
1.16582702195503,1.3275899617288558,1.0667806976328347,1.5778589224735275,1.6539682539682543,1.009049773755656,-1.2,0.0,1.0,0.0,0.0,0.0,0.0,1.0,STU-10651,6.24
1.047296394545753,0.2520226022579042,0.5284430976549975,-1.1538360800236405,0.1047619047619048,0.8778280542986425,-0.8,0.0,0.0,0.0,0.0,1.0,1.0,0.0,STU-10804,4.62
0.510316734009783,0.5278091046863526,-0.4763084553400752,-1.676760551930241,0.461904761904762,-0.7375565610859729,-1.0,0.0,0.0,0.0,0.0,1.0,1.0,0.0,STU-11649,4.18
-2.3891938410247415,-0.8511234074558942,-1.7890966377421702,0.7349358931315447,-1.7476190476190478,-0.45701357466063347,0.4,0.0,0.0,0.0,0.0,1.0,0.0,1.0,STU-13351,2.37
-0.3921323610381255,1.7688483656143752,0.6156232757890605,0.5788390358459921,0.657142857142857,0.6312217194570136,-0.6,0.0,0.0,1.0,0.0,0.0,0.0,1.0,STU-13723,5.35
-0.45049971544420964,-1.1682778852486104,0.4252798868630232,0.8676182218242635,9.237393662745694,0.04524886877828058,-0.6,0.0,0.0,0.0,1.0,0.0,1.0,0.0,STU-14308,3.75
0.23913302584613316,0.1692866515293687,0.17536337621204356,-0.061158079024773375,-0.2,-0.30769230769230776,0.6,0.0,0.0,0.0,0.0,1.0,1.0,0.0,STU-11165,4.62
0.23733710724902324,1.2586433361217437,1.0667806976328347,-1.6611508662016863,0.22063492063492077,-0.4660633484162896,0.4,0.0,0.0,0.0,0.0,1.0,1.0,0.0,STU-10201,5.46
0.29121466516233074,0.6243343805363103,0.10053372331363965,0.5788390358459921,0.8777777777777779,0.0,0.8,0.0,0.0,1.0,0.0,0.0,1.0,0.0,STU-14035,4.76
0.30019425814788153,-1.0303846340343863,0.9381899348850924,-1.38641860024038e-15,-0.1571428571428572,0.39366515837104077,-0.2,0.0,0.0,0.0,0.0,1.0,1.0,0.0,STU-11918,4.07
1.2538270332134334,0.12791867616510097,0.4463484299120878,-0.08457260761760575,0.6380952380952384,0.11764705882352931,0.8,0.0,0.0,0.0,1.0,0.0,1.0,0.0,STU-10165,4.74
-1.432867188063525,-1.264803161098568,-0.8831492866323686,0.20420657836066575,-1.0396825396825398,-0.31221719457013575,-1.2,0.0,0.0,1.0,0.0,0.0,0.0,1.0,STU-14924,2.29
0.8281943256983006,1.0655927844218296,0.9883185373121783,0.8442036932314312,-0.6809523809523811,-0.07918552036199088,0.8,0.0,0.0,0.0,1.0,0.0,1.0,0.0,STU-13987,4.78
0.5489289838476543,0.9552781834504498,0.41801487201851734,0.5788390358459921,-0.0984126984126983,0.2171945701357466,0.0,0.0,0.0,0.0,0.0,1.0,1.0,0.0,STU-12491,4.27
0.37921467642073414,0.9966461588147175,1.0667806976328347,-0.7557890939454817,1.223809523809524,-0.927601809954751,-1.0,0.0,0.0,0.0,1.0,0.0,1.0,0.0,STU-11725,5.29
-0.25025479186641464,-1.0717526093986527,-1.2834516045646058,-1.2396893515306946,-1.3428571428571432,-0.12443438914027145,0.4,0.0,0.0,0.0,1.0,0.0,1.0,0.0,STU-13243,3.43
-1.7992345818740192,0.30717990274359414,-2.503974098441484,-0.7323745653526487,-1.1015873015873017,-1.0203619909502262,0.2,0.0,0.0,0.0,1.0,0.0,0.0,1.0,STU-14894,1.93
-0.3499282740060343,0.2520226022579042,0.9875920358277274,0.7349358931315447,0.9095238095238095,-0.31221719457013575,0.0,0.0,0.0,0.0,0.0,1.0,1.0,0.0,STU-14592,4.43
0.0,-1.2247380995076246e-15,1.0667806976328347,1.0861538220240379,1.0761904761904764,-0.6176470588235294,1.0,0.0,1.0,0.0,0.0,0.0,1.0,0.0,STU-12443,5.28
-2.8363775717051976,-1.4302750625556377,-1.8137976882134876,0.6724971502173236,-1.4730158730158731,0.669683257918552,-0.8,0.0,0.0,1.0,0.0,0.0,1.0,0.0,STU-10503,1.42
-1.6160508849687714,-1.9680587422911135,-2.003414575655074,-0.029938707567662853,-1.3015873015873016,-0.7420814479638009,0.0,0.0,1.0,0.0,0.0,0.0,0.0,1.0,STU-10518,1.96
0.49325550733723567,-0.478811629177487,0.08455069065572823,0.6178632501673801,-0.3142857142857144,-0.5271493212669683,1.0,0.0,0.0,0.0,0.0,1.0,0.0,1.0,STU-11782,4.74
-2.526581613703677,-0.7821767818487809,-0.2539990010982161,0.29786469273199734,-0.26825396825396824,-0.41855203619909503,0.2,0.0,0.0,0.0,0.0,1.0,1.0,0.0,STU-11267,3.1
-0.6965405632483156,-0.2719717523561507,-0.6441302982481462,-0.15481619339610495,-0.21269841269841272,-0.4705882352941177,0.6,0.0,0.0,0.0,0.0,1.0,1.0,0.0,STU-10107,3.63
-0.8276426208373645,1.1069607597860962,-1.0324207045904966e-15,-1.8484670949443494,0.8857142857142859,-0.7058823529411765,0.8,0.0,0.0,0.0,0.0,1.0,0.0,1.0,STU-12955,4.56
0.8102351397271977,-1.3337497867056802,-0.21040891203118414,-1.7391992948444621,-0.13333333333333333,1.9977375565610855,0.2,0.0,0.0,0.0,1.0,0.0,0.0,1.0,STU-10415,3.39
0.9889290401396688,0.26581192737932635,0.29378311817747843,0.7427407359958221,0.04444444444444435,0.7420814479638009,0.0,1.0,0.0,0.0,0.0,0.0,0.0,1.0,STU-10999,4.85
-0.5384997267026118,-0.34091837796326274,-0.793063102560503,-0.4514002222386546,-1.3968253968253972,-0.7013574660633485,1.4,0.0,0.0,0.0,0.0,1.0,1.0,0.0,STU-10452,3.44
1.0086841447078816,0.2520226022579042,1.0667806976328347,0.7817649503172102,0.45714285714285735,-0.13348416289592757,1.2,0.0,1.0,0.0,0.0,0.0,1.0,0.0,STU-13461,5.65
0.32623507780598093,1.2310646858788994,1.0667806976328347,0.8285940075028763,0.9158730158730163,-0.02714932126696835,0.0,0.0,0.0,0.0,0.0,1.0,1.0,0.0,STU-13694,5.11
-0.6606221913061098,-0.3133397277204172,-0.6790023695017715,-1.2552990372592494,0.0,0.23529411764705885,0.8,0.0,1.0,0.0,0.0,0.0,1.0,0.0,STU-12824,3.49
0.017337079103015393,-0.13407850114192527,-3.3590663456397496,0.9144472790099297,-1.4714285714285715,-0.9457013574660633,-0.4,0.0,0.0,0.0,0.0,1.0,0.0,1.0,STU-14769,3.78
-0.08503028093226983,-0.3960756784489527,-1.0324207045904966e-15,0.516400292931771,0.6476190476190478,-1.01131221719457,1.6,0.0,1.0,0.0,0.0,0.0,1.0,0.0,STU-14277,3.73
1.2268882542567796,0.84496358247907,1.0667806976328347,0.1417678354464454,0.8238095238095239,0.14705882352941185,0.0,0.0,0.0,0.0,0.0,1.0,0.0,1.0,STU-14322,4.94
0.4016636588846124,-0.07892120065623533,0.8837023235513032,0.42274217856043944,0.3761904761904764,0.16515837104072387,-1.0,0.0,0.0,0.0,1.0,0.0,0.0,1.0,STU-14417,4.83
-0.04911190899006527,-0.35470770308468497,1.0667806976328347,-0.24066946490315838,0.16825396825396835,2.2533936651583715,-0.8,0.0,0.0,1.0,0.0,0.0,0.0,1.0,STU-13465,4.22
-0.584295650928924,-0.06513187553481316,-0.19442587937327274,-0.15481619339610495,-0.017460317460317374,0.7217194570135748,-1.2,1.0,0.0,0.0,0.0,0.0,0.0,1.0,STU-13852,3.81
0.0,1.4654832129430813,1.0667806976328347,-0.17042587912465987,1.523809523809524,0.36425339366515846,2.2,0.0,0.0,0.0,0.0,1.0,0.0,1.0,STU-14732,5.5
-0.37507113436557815,0.3347585529864385,-1.0324207045904966e-15,0.36030343564621836,0.1476190476190476,-0.09049773755656117,-0.6,0.0,0.0,0.0,1.0,0.0,1.0,0.0,STU-10028,3.11
0.32264324061175986,1.6033764641573054,1.0667806976328347,-0.13920650766754936,1.706349206349207,2.2873303167420813,-1.2,0.0,0.0,0.0,1.0,0.0,1.0,0.0,STU-13537,5.8
1.3786433757125969,1.630955114400151,1.0667806976328347,-0.8026181511311471,1.347619047619048,0.08823529411764698,0.8,0.0,0.0,0.0,0.0,1.0,0.0,1.0,STU-11693,5.56
0.7545616632167791,-0.1064998508990809,-0.06656161810998036,0.1729872069035559,-1.0079365079365081,-0.6131221719457014,0.8,0.0,0.0,0.0,1.0,0.0,0.0,1.0,STU-11640,4.16
0.0,-1.9129014418054238,1.0667806976328347,0.29786469273199734,0.6190476190476192,0.16968325791855204,1.2,0.0,0.0,0.0,1.0,0.0,1.0,0.0,STU-13949,4.0
1.3786433757125969,-1.2247380995076246e-15,1.0667806976328347,0.6646923073530462,1.1634920634920638,0.08371040723981903,-1.0,0.0,1.0,0.0,0.0,0.0,0.0,1.0,STU-12535,5.58
-0.3526221519016998,-0.8373340823344708,-2.3143572109998978,-0.31871789354593505,-1.0476190476190477,-0.40497737556561086,1.0,0.0,0.0,0.0,0.0,1.0,1.0,0.0,STU-13337,2.62
1.3786433757125969,-0.02376390017054541,1.0667806976328347,-1.6689557090659637,2.0063492063492063,0.0,1.6,0.0,0.0,0.0,0.0,1.0,1.0,0.0,STU-13732,6.08
1.3786433757125969,1.7688483656143752,1.0667806976328347,0.42274217856043944,0.0,-0.6764705882352942,-0.2,0.0,0.0,1.0,0.0,0.0,0.0,1.0,STU-11301,5.74
-0.4253568550846658,0.045182725436566686,-1.3604607619163613,-0.26408399349599143,-0.25238095238095243,1.1425339366515836,-1.2,0.0,0.0,0.0,1.0,0.0,0.0,1.0,STU-10234,4.03
-0.2700098964346274,0.38991585347212837,0.5386141184373049,-1.38641860024038e-15,0.0,-0.46832579185520357,-1.2,1.0,0.0,0.0,0.0,0.0,1.0,0.0,STU-12637,5.57
0.3675412055395165,-0.8511234074558942,-1.7505920590662924,0.29786469273199734,-0.5952380952380953,-0.22171945701357476,0.4,0.0,0.0,1.0,0.0,0.0,1.0,0.0,STU-13237,3.59
-0.8734385450636768,-0.36849702820610714,-1.8980718604097486,0.36810827851049654,-1.1984126984126986,-0.257918552036199,1.2,0.0,0.0,1.0,0.0,0.0,1.0,0.0,STU-12654,3.17
0.6450106287930529,1.5206405134287713,0.2451075187192933,-0.34213242213876743,0.0,1.076923076923077,0.2,0.0,0.0,0.0,0.0,1.0,0.0,1.0,STU-14012,5.38
0.7850922793676539,0.6519130307791559,1.0667806976328347,1.6012734510663613,1.3396825396825398,0.28506787330316735,-1.2,0.0,0.0,0.0,1.0,0.0,0.0,1.0,STU-14189,5.97
0.8551331046549544,-1.0441739591558084,0.2625435543461065,1.655907351116305,0.028571428571428532,-1.0,1.0,0.0,0.0,1.0,0.0,0.0,1.0,0.0,STU-11666,3.94
-0.27360173362884854,-0.299550402598995,-2.0644407003489182,1.4217620651879757,-0.21269841269841272,0.8529411764705883,0.0,0.0,0.0,0.0,0.0,1.0,1.0,0.0,STU-14162,3.7
-1.4939284203652734,-1.7887975157126217,-2.3005536827953383,-1.7938331948944057,-1.2603174603174605,-0.48416289592760187,0.4,0.0,0.0,0.0,1.0,0.0,1.0,0.0,STU-10860,2.23
0.337010589388643,1.0655927844218296,-1.487598521695203,0.5085954500674935,-0.25555555555555554,0.08823529411764698,1.6,0.0,1.0,0.0,0.0,0.0,1.0,0.0,STU-12553,3.65
-0.5816017730332586,-0.6167048803917123,-0.28523856492958805,0.24323079268205441,-0.8126984126984128,0.5271493212669681,0.8,0.0,0.0,0.0,1.0,0.0,1.0,0.0,STU-14716,2.89
0.0,0.8863315578433377,0.021345061508532423,1.8978574799089103,-0.5190476190476191,0.18099547511312214,0.6,0.0,0.0,1.0,0.0,0.0,0.0,1.0,STU-14536,4.45
1.3786433757125969,0.596755730293466,1.0667806976328347,-0.7245697224883711,0.8634920634920635,0.7420814479638009,0.0,0.0,1.0,0.0,0.0,0.0,0.0,1.0,STU-14695,5.64
-1.1338467416446658,0.045182725436566686,0.5415201243751064,-1.28651840871636,-0.0460317460317459,-0.3778280542986425,-1.2,0.0,0.0,0.0,1.0,0.0,0.0,1.0,STU-11765,4.41
-0.02486700792907576,0.8725422327219143,1.0667806976328347,-0.006524178974829784,-0.14126984126984138,0.04751131221719456,-1.2,0.0,0.0,0.0,0.0,1.0,0.0,1.0,STU-13583,5.55
-0.004213944062308618,-0.09271052577765751,0.38096329631154136,-1.0835924942451418,0.4650793650793651,-0.35294117647058815,0.0,0.0,1.0,0.0,0.0,0.0,1.0,0.0,STU-12984,4.53
-2.5499285554661104,-0.4374436538132192,-1.9874315429971627,0.2588404784106093,-0.9920634920634922,0.085972850678733,1.2,0.0,1.0,0.0,0.0,0.0,0.0,1.0,STU-11561,2.24
-0.7441324060717378,-1.1820672103700325,0.11288424854929865,-0.5528631794742637,-0.22698412698412698,0.2760180995475113,1.0,0.0,1.0,0.0,0.0,0.0,1.0,0.0,STU-14499,2.97
0.23823506654757756,-0.05134255041339098,0.5596826614863695,-1.4270055802733577,0.3047619047619048,-0.39592760180995473,-1.2,0.0,0.0,0.0,0.0,1.0,0.0,1.0,STU-13891,4.63
1.0374188422616466,0.5553877549291981,-0.7363959867733622,-0.9431053226881448,0.13968253968253982,-0.828054298642534,-0.6,0.0,0.0,0.0,1.0,0.0,0.0,1.0,STU-10895,5.04
1.034724964365981,0.8863315578433377,1.0667806976328347,-0.09237745048188391,0.4904761904761905,-0.9027149321266968,-0.6,0.0,0.0,0.0,0.0,1.0,1.0,0.0,STU-11176,4.68
0.22745955496491682,1.6033764641573054,1.0667806976328347,0.8442036932314312,1.358730158730159,-0.1085972850678734,-1.2,0.0,0.0,0.0,0.0,1.0,0.0,1.0,STU-10194,5.35
1.3786433757125969,0.47265180420066266,1.0667806976328347,0.4461567071532725,1.193650793650794,0.42760180995475106,1.2,0.0,0.0,1.0,0.0,0.0,0.0,1.0,STU-14378,5.15
0.16101056687183618,0.8035956071148022,1.0667806976328347,-0.7167648796240937,1.1126984126984127,-0.018099547511312233,-1.2,0.0,0.0,0.0,0.0,1.0,1.0,0.0,STU-14918,5.41
0.9700718948700116,1.7688483656143752,-0.32301664212101494,0.6803019930816011,1.5492063492063495,-0.06334841628959281,-1.2,0.0,0.0,0.0,0.0,1.0,1.0,0.0,STU-11245,4.99
-0.08054048443949442,-0.7821767818487809,0.17972238511874686,-0.7011551938955382,-0.1507936507936507,-0.058823529411764656,-0.6,0.0,0.0,0.0,1.0,0.0,0.0,1.0,STU-11516,4.16
0.5013371410242322,0.9414888583290276,1.0667806976328347,0.07152424966794618,0.66984126984127,0.7262443438914027,-1.2,0.0,0.0,0.0,0.0,1.0,1.0,0.0,STU-11899,4.98
1.262806626198984,0.3347585529864385,0.8510097567510294,-0.2172549363103253,0.4063492063492065,2.7624434389140275,-1.2,0.0,0.0,1.0,0.0,0.0,1.0,0.0,STU-13762,4.57
-0.1622547806080112,-0.9476486833058507,-0.030963045371905126,1.0393247648383719,-1.0714285714285716,-0.9479638009049772,-0.2,0.0,0.0,0.0,1.0,0.0,1.0,0.0,STU-13085,2.82
0.5597044954303151,-0.5615475799060224,1.0667806976328347,0.27445016413916495,1.0428571428571427,-0.2171945701357466,0.6,0.0,0.0,0.0,1.0,0.0,1.0,0.0,STU-13488,5.04
0.6207657277320647,-0.06513187553481316,0.9084033740226202,-0.49822927942432005,1.4603174603174607,1.088235294117647,0.0,0.0,0.0,1.0,0.0,0.0,1.0,0.0,STU-10014,4.87
-0.48911196528207973,0.26581192737932635,0.49429752788582304,-0.4123760079172659,0.03650793650793658,-0.6515837104072398,-1.2,0.0,0.0,1.0,0.0,0.0,0.0,1.0,STU-14454,4.19
-2.8731939029459586,-0.6994408311202467,-0.601266710665565,-0.7011551938955382,0.15873015873015875,0.0,-1.0,0.0,0.0,1.0,0.0,0.0,1.0,0.0,STU-11222,3.14
-1.7363774309751596,0.03139340031514451,-1.862473287671673,-0.12359682193899443,0.3222222222222222,0.018099547511312233,-1.0,0.0,0.0,1.0,0.0,0.0,0.0,1.0,STU-14930,3.28
-1.0278875444151596,-0.7132301562416689,-1.6299928126475054,0.02469519248228074,-1.5380952380952382,0.5271493212669681,0.6,0.0,0.0,0.0,0.0,1.0,1.0,0.0,STU-14944,1.81
1.3786433757125969,1.7688483656143752,1.0667806976328347,0.23542594981777626,2.047619047619048,0.2918552036199095,0.0,0.0,0.0,0.0,0.0,1.0,0.0,1.0,STU-10128,6.68
-2.2185815742992663,-1.6371149393769742,-1.1345188002522488,0.02469519248228074,-1.520634920634921,-0.5610859728506787,-1.2,0.0,0.0,0.0,1.0,0.0,1.0,0.0,STU-10488,1.65
-0.8375201731214722,-0.02376390017054541,-2.4959825821125285,-1.6923702376587968,-0.8126984126984128,2.0226244343891406,0.2,0.0,0.0,0.0,1.0,0.0,0.0,1.0,STU-14462,2.4
0.002071771027577977,0.5691770800506203,0.3504502339646193,1.164202250666814,-0.37142857142857144,0.5610859728506786,-0.2,0.0,0.0,1.0,0.0,0.0,0.0,1.0,STU-11836,4.11
-2.063234615649228,-1.2785924862199902,-2.2090144957545723,0.2588404784106093,-0.3793650793650795,0.4366515837104072,-1.2,0.0,0.0,0.0,0.0,1.0,1.0,0.0,STU-12286,2.03
0.0,-1.8301654910768894,-1.9336704331478238,1.3983475365951432,-1.323809523809524,-0.6402714932126697,-1.2,0.0,1.0,0.0,0.0,0.0,1.0,0.0,STU-11345,2.27
0.8775820871188327,-0.299550402598995,1.0667806976328347,-1.2006651372093065,1.0015873015873018,-0.6809954751131222,-0.2,0.0,0.0,1.0,0.0,0.0,1.0,0.0,STU-14908,5.16
-1.7247039600939433,-1.0303846340343863,-0.4487013989309557,0.45396155001754995,0.21269841269841272,-0.7918552036199095,-0.8,0.0,0.0,0.0,0.0,1.0,0.0,1.0,STU-11529,3.26
-0.9452752889480871,-1.264803161098568,0.6810084093896069,0.009085506753725131,0.2920634920634921,-0.14253393665158368,-1.2,0.0,0.0,1.0,0.0,0.0,1.0,0.0,STU-13058,3.55
0.4797861178589081,-0.009974575049123234,1.0667806976328347,-1.5206636946446892,-0.26507936507936514,-0.3031674208144796,-0.6,0.0,0.0,1.0,0.0,0.0,1.0,0.0,STU-12897,3.78
-0.026662926526186945,-0.42365432869179703,-0.12904074577272528,-1.2631038801235275,-0.31587301587301597,0.30995475113122173,-0.4,0.0,1.0,0.0,0.0,0.0,1.0,0.0,STU-11622,2.8
-0.573520139346262,-1.4302750625556377,-0.2038703986711292,0.6412777787602131,-0.37777777777777766,-0.020361990950226214,-0.6,1.0,0.0,0.0,0.0,0.0,1.0,0.0,STU-11253,3.68
-0.2367854023880871,-0.02376390017054541,-0.13703226210168098,-0.24066946490315838,0.8920634920634921,1.6832579185520362,0.0,0.0,0.0,0.0,0.0,1.0,1.0,0.0,STU-12169,3.96
1.3786433757125969,0.15549732640794653,1.0667806976328347,-0.17823072198893733,0.12380952380952373,-1.1357466063348416,-0.4,0.0,0.0,0.0,1.0,0.0,1.0,0.0,STU-11828,4.36
0.3639493683452967,-0.35470770308468497,0.11361075003374851,-2.3479770382581173,-0.057142857142857065,-0.12669683257918543,-0.4,1.0,0.0,0.0,0.0,0.0,1.0,0.0,STU-13170,3.73
0.7375004365442317,0.8725422327219143,-0.892593805930225,-1.3645668373591366,-0.9888888888888889,1.2624434389140269,0.6,0.0,0.0,0.0,0.0,1.0,0.0,1.0,STU-13275,4.02
-0.26103030344907663,0.38991585347212837,-0.3985727965038698,0.9612763361955958,-0.5873015873015873,-0.42986425339366513,0.0,1.0,0.0,0.0,0.0,0.0,1.0,0.0,STU-11970,4.65
-1.2829079852048175,-0.2581824272347273,-0.5881896839454561,-0.28749852208882454,0.20793650793650806,-0.7714932126696833,-0.2,0.0,0.0,1.0,0.0,0.0,0.0,1.0,STU-12555,3.9
-0.7989079232836008,-1.0441739591558084,-0.6681048472350133,0.9924957076527057,0.7206349206349209,1.669683257918552,-1.0,0.0,0.0,0.0,0.0,1.0,1.0,0.0,STU-10940,4.24
-0.012295577749303847,-0.9890166586701185,-0.3557092089212887,-1.0289585941951982,0.4158730158730161,0.6334841628959276,1.2,0.0,0.0,0.0,0.0,1.0,1.0,0.0,STU-13613,3.87
0.7554596225153347,-0.5615475799060224,0.7434875370523518,0.6959116788101567,0.30000000000000016,0.6855203619909503,0.6,0.0,0.0,0.0,0.0,1.0,1.0,0.0,STU-12028,4.78
1.3786433757125969,-0.12028917602050308,0.9505404601207514,-1.309932937309193,0.09523809523809519,-0.18099547511312214,0.6,0.0,0.0,0.0,1.0,0.0,0.0,1.0,STU-10279,4.99
-1.9761325636893803,-0.2443931021133051,-0.3760512504859034,-1.71578476625163,-0.3015873015873017,-0.0972850678733031,0.4,0.0,0.0,1.0,0.0,0.0,0.0,1.0,STU-14550,3.06
0.3639493683452967,-0.9062807079415842,-0.5489586037851275,-1.28651840871636,-0.37619047619047613,0.6176470588235293,-0.8,0.0,0.0,0.0,1.0,0.0,1.0,0.0,STU-10764,3.57
-1.9267448022688483,-1.1682778852486104,-1.456358957863831,1.1251780363454251,-1.6507936507936511,-0.3914027149321268,0.2,0.0,0.0,1.0,0.0,0.0,1.0,0.0,STU-12415,2.71
-0.8922956903333352,-2.50584242202659,-1.3967858361388876,0.7037165216744341,-1.2492063492063494,-0.5769230769230769,1.2,1.0,0.0,0.0,0.0,0.0,1.0,0.0,STU-10842,2.73
0.5947249080739653,0.4450731539578183,1.0173785966901985,1.3827378508665868,0.7873015873015873,0.1832579185520361,1.2,0.0,0.0,1.0,0.0,0.0,1.0,0.0,STU-14947,5.25
-0.327479291542156,-1.0303846340343863,-1.1795618922881816,1.9602962228231313,-0.5015873015873017,0.26923076923076933,-0.6,0.0,0.0,0.0,0.0,1.0,0.0,1.0,STU-10987,4.06
-1.121275311464894,-0.18923580162761516,-2.099312771602543,0.5632293501174371,-0.7952380952380953,1.8325791855203624,-0.6,0.0,0.0,0.0,1.0,0.0,0.0,1.0,STU-12311,3.49
-0.5681323835549322,-0.28576107747757284,0.43109189873862724,0.594448721574547,-0.1015873015873017,0.343891402714932,0.0,0.0,0.0,1.0,0.0,0.0,0.0,1.0,STU-14915,4.06
1.3786433757125969,-0.9752273335486963,-2.5620942171975263,-0.5060341222885975,-0.9539682539682541,0.15610859728506796,-1.2,1.0,0.0,0.0,0.0,0.0,1.0,0.0,STU-12876,3.08
1.3786433757125969,-0.34091837796326274,0.19279941183885574,-2.308952823936729,0.3015873015873017,-0.3031674208144796,0.2,0.0,0.0,1.0,0.0,0.0,1.0,0.0,STU-11205,3.74
0.9036229067769308,0.9139102080861821,0.001003019943917705,0.555424507253159,0.24603174603174618,1.4411764705882353,-0.4,0.0,0.0,0.0,0.0,1.0,0.0,1.0,STU-11150,5.96
-0.6085405519899122,0.22444395201505862,0.005362028850621006,0.9768860219241507,-0.1476190476190476,-0.665158371040724,-0.2,0.0,0.0,0.0,1.0,0.0,1.0,0.0,STU-12239,3.8
-1.5837243502207867,-1.6646935896198196,-3.2573561378166764,0.477376078610383,-1.7476190476190478,-0.8371040723981901,2.6,0.0,0.0,0.0,0.0,1.0,1.0,0.0,STU-11605,1.12
0.49594938523290116,-0.7821767818487809,0.5931017297710941,-1.0367634370594765,0.323809523809524,0.9932126696832578,0.0,0.0,0.0,0.0,0.0,1.0,1.0,0.0,STU-10227,4.3
1.16582702195503,1.7688483656143752,1.0667806976328347,-2.9801693102646047,1.8507936507936513,-0.6244343891402716,1.8,0.0,0.0,1.0,0.0,0.0,1.0,0.0,STU-14121,4.76
0.1852554679328244,-0.478811629177487,0.06493515057556337,-1.5518830661017997,0.4809523809523809,0.0,-0.6,0.0,0.0,0.0,1.0,0.0,1.0,0.0,STU-11704,3.66
1.280765812170087,0.5691770800506203,-1.0324207045904966e-15,0.32908406418910785,0.3682539682539684,0.574660633484163,-0.6,0.0,0.0,1.0,0.0,0.0,1.0,0.0,STU-10689,4.63
-0.08952007742504524,-0.12028917602050308,-1.4483674415348753,-1.3645668373591366,-0.7603174603174605,0.3325791855203619,-0.2,1.0,0.0,0.0,0.0,0.0,1.0,0.0,STU-13719,3.29
-1.7687039657231443,0.5002304544435082,-1.626360305225253,-0.9509101655524224,0.6015873015873018,-0.5814479638009049,0.4,0.0,0.0,1.0,0.0,0.0,1.0,0.0,STU-13594,3.67
-0.006907821957974119,0.596755730293466,-2.0317481335486445,-0.46700990796720954,-0.6841269841269841,0.28733031674208137,9.2,0.0,0.0,0.0,0.0,1.0,1.0,0.0,STU-11819,3.41
-0.8249487429417003,0.6243343805363103,-1.8167036941512897,0.36030343564621836,-0.22539682539682543,0.6221719457013573,-0.8,0.0,0.0,0.0,0.0,1.0,1.0,0.0,STU-10245,3.65
0.46272489118636084,0.2520226022579042,-0.9238333697615979,0.7115213645387116,-0.4650793650793651,-0.17873303167420815,-0.6,0.0,0.0,0.0,1.0,0.0,1.0,0.0,STU-12193,4.32
-1.948295825434171,0.3761265283507062,-0.7146009422398467,-0.11579197907471628,0.0,-0.6968325791855204,-0.8,0.0,1.0,0.0,0.0,0.0,0.0,1.0,STU-13897,3.87
-1.299969211877365,0.5691770800506203,0.4485279343654394,-0.40457116505298846,-0.10634920634920636,-0.5859728506787331,-1.2,0.0,1.0,0.0,0.0,0.0,1.0,0.0,STU-12812,4.09
0.17178607845449817,0.541598429807776,0.903317863631467,-2.433830309765171,0.4396825396825397,0.1855203619909503,1.0,0.0,1.0,0.0,0.0,0.0,1.0,0.0,STU-13258,5.01
-0.9344997773654264,-1.816376165955466,-2.501068092503682,1.9446865370945763,-0.9253968253968256,-0.058823529411764656,-0.4,0.0,0.0,1.0,0.0,0.0,1.0,0.0,STU-10218,2.3
-1.3206222757441333,-1.0579632842772306,-0.7698150550580868,0.555424507253159,-0.44126984126984126,-1.0497737556561086,0.2,0.0,0.0,0.0,0.0,1.0,1.0,0.0,STU-12382,3.34
0.01194932331168439,-0.6856515059988245,-0.34553818813898135,0.4305470214247169,-0.7396825396825398,0.38461538461538464,-0.6,0.0,0.0,0.0,0.0,1.0,0.0,1.0,STU-11542,3.55
-1.0431528524905969,0.43128382883639615,-0.5722066512875448,1.3827378508665868,-0.3825396825396826,0.7126696832579185,-0.2,0.0,0.0,1.0,0.0,0.0,0.0,1.0,STU-14352,4.32
0.0,0.14170800128652436,0.06202914463776186,-0.6699358224384276,0.41111111111111115,-0.6923076923076923,0.8,0.0,1.0,0.0,0.0,0.0,1.0,0.0,STU-13378,3.87
1.3786433757125969,0.36233720322928403,0.989771540281079,-0.5996922366599291,0.888888888888889,-0.42986425339366513,-0.8,0.0,0.0,0.0,1.0,0.0,1.0,0.0,STU-14759,4.26
0.6198677684335091,-1.4026964123127923,-0.5598561260518857,0.04810972107511381,-0.692063492063492,0.0,0.6,0.0,0.0,1.0,0.0,0.0,0.0,1.0,STU-12940,3.9
1.1173372198330533,1.7688483656143752,1.0667806976328347,-0.27969367922454635,1.255555555555556,-0.47511312217194573,0.6,0.0,1.0,0.0,0.0,0.0,1.0,0.0,STU-14882,5.05
1.3059086725296307,0.3209692278650163,0.9476344541829489,1.2734700507667012,0.42063492063492075,-0.1628959276018099,-1.2,0.0,0.0,1.0,0.0,0.0,0.0,1.0,STU-12962,6.02
0.23643914795046767,0.07276137567941103,1.0667806976328347,-0.07676776475332829,0.9206349206349206,0.5248868778280542,0.6,0.0,0.0,1.0,0.0,0.0,1.0,0.0,STU-12174,4.27
0.7797045235763229,-0.46502230405606476,0.8437447419065246,1.3437136365451996,0.3301587301587302,-0.2918552036199095,-0.8,0.0,0.0,1.0,0.0,0.0,1.0,0.0,STU-12525,4.41
-1.1194793928677826,-1.9680587422911135,-1.7825581243821154,-1.3177377801734704,-1.242857142857143,-0.4027149321266969,0.2,0.0,0.0,1.0,0.0,0.0,1.0,0.0,STU-10209,2.17
0.8255004478026351,0.41749450371497276,1.0667806976328347,-0.10018229334616136,1.4253968253968254,1.0158371040723981,-0.8,0.0,0.0,0.0,0.0,1.0,1.0,0.0,STU-10875,5.23
0.0,0.4588624790792405,0.804513661746196,1.6949315654376922,0.30317460317460326,1.1085972850678731,-0.6,0.0,0.0,0.0,1.0,0.0,0.0,1.0,STU-13074,5.16
1.2206025391668929,-0.6304942055131345,1.0667806976328347,0.07152424966794618,1.1174603174603177,1.5882352941176472,0.6,0.0,0.0,0.0,1.0,0.0,1.0,0.0,STU-13738,5.06
0.7752147270835474,0.7070703312648458,0.09472171143803558,-0.396766322188711,0.2095238095238096,-0.8461538461538463,-0.8,0.0,0.0,0.0,0.0,1.0,1.0,0.0,STU-11219,5.54
0.5166024490996696,1.3000113114860115,0.543699628828458,-0.24066946490315838,0.5444444444444445,-0.916289592760181,-0.8,0.0,0.0,0.0,0.0,1.0,1.0,0.0,STU-12589,5.01
-0.5043772733575171,0.8311742573576478,-1.87191780696953,-0.7948133082668697,-0.5142857142857145,-0.9502262443438915,0.6,0.0,1.0,0.0,0.0,0.0,0.0,1.0,STU-13366,3.82
0.3711330427337376,-0.2719717523561507,0.9548994690274537,-1.5518830661017997,0.5634920634920637,0.16515837104072387,0.4,0.0,0.0,0.0,1.0,0.0,1.0,0.0,STU-11785,4.77
1.1478678359839283,0.5140197795649304,-0.9463549157795633,-1.38641860024038e-15,-0.1444444444444445,0.5972850678733032,-0.4,0.0,0.0,0.0,0.0,1.0,0.0,1.0,STU-10590,4.13
0.4420718273195924,0.22444395201505862,0.17972238511874686,0.6100584073031026,0.5047619047619049,-0.7941176470588236,0.0,0.0,0.0,1.0,0.0,0.0,1.0,0.0,STU-12923,4.26
0.1798677121414947,1.630955114400151,0.2145944563723712,0.7115213645387116,0.7555555555555556,0.26244343891402716,-1.0,0.0,1.0,0.0,0.0,0.0,1.0,0.0,STU-14078,5.25
-0.010499659152193938,1.162118060271786,-1.0324207045904966e-15,-0.4201808507815441,0.0,0.6628959276018102,1.6,0.0,1.0,0.0,0.0,0.0,1.0,0.0,STU-13333,4.95
0.4842759143516848,-0.18923580162761516,-1.0324207045904966e-15,1.554444393880695,-0.5888888888888888,-0.2714932126696833,-0.6,0.0,0.0,0.0,0.0,1.0,1.0,0.0,STU-14491,4.01
1.3786433757125969,-0.7132301562416689,0.3904078156093978,0.07932909253222434,-0.42539682539682544,-0.8099547511312217,0.0,1.0,0.0,0.0,0.0,0.0,1.0,0.0,STU-10679,4.3
0.8802759650144982,1.4930618631859256,0.16737185988308786,-1.0835924942451418,0.2984126984126986,-0.19909502262443438,0.8,0.0,0.0,1.0,0.0,0.0,1.0,0.0,STU-11351,5.29
0.31815344411898444,0.9966461588147175,1.0667806976328347,0.20420657836066575,1.4539682539682546,0.9524886877828055,0.0,0.0,0.0,0.0,0.0,1.0,1.0,0.0,STU-14773,5.59
1.3786433757125969,0.969067508571872,1.0667806976328347,-1.434810423137635,1.1539682539682543,1.0475113122171946,-0.4,0.0,0.0,0.0,1.0,0.0,0.0,1.0,STU-11681,5.58
0.0,-0.7545981316059366,-1.474521494975094,0.04030487821083566,-1.466666666666667,0.6199095022624433,1.0,0.0,0.0,0.0,1.0,0.0,0.0,1.0,STU-13514,3.84
0.0,0.4588624790792405,1.0667806976328347,-0.08457260761760575,1.119047619047619,-0.09502262443438912,-0.6,1.0,0.0,0.0,0.0,0.0,1.0,0.0,STU-11602,4.74
-0.2852752045100649,0.48644112932208605,-0.13703226210168098,-0.23286462203888092,-0.3904761904761904,-1.006787330316742,0.4,0.0,0.0,0.0,0.0,1.0,1.0,0.0,STU-13408,3.99
0.5606024547288706,0.8587529076004922,0.9113093799604227,1.304689422223811,-0.3238095238095237,-0.9592760180995475,0.6,0.0,0.0,1.0,0.0,0.0,0.0,1.0,STU-14278,5.18
-0.6579283134104456,-0.7959661069702043,-3.584281805819412,-0.9821295370095329,-1.4333333333333336,-0.2488687782805429,0.6,0.0,0.0,0.0,1.0,0.0,1.0,0.0,STU-10255,1.62
-0.5070711512531826,-0.9752273335486963,-0.36224772228134366,-0.07676776475332829,0.12063492063492062,-0.6515837104072398,-1.2,0.0,0.0,0.0,0.0,1.0,1.0,0.0,STU-10525,3.59
-2.41343874208573,-0.8373340823344708,-1.0146460553179133,-1.9109058378585704,-0.7365079365079366,-0.8755656108597285,-1.2,1.0,0.0,0.0,0.0,0.0,1.0,0.0,STU-13010,3.33
0.7509698260225592,-0.7959661069702043,-1.0800311889184597,-0.5060341222885975,-1.5984126984126987,-0.1606334841628959,1.6,1.0,0.0,0.0,0.0,0.0,1.0,0.0,STU-10666,3.41
0.3495820195684149,1.0655927844218296,0.1484828212873739,-0.7713987796740374,-0.6809523809523811,-0.9298642533936653,-0.6,0.0,1.0,0.0,0.0,0.0,1.0,0.0,STU-12896,4.22
0.0,-3.071204752004911,-1.0324207045904966e-15,0.8129843217743213,-0.3920634920634922,-0.7714932126696833,-1.0,0.0,0.0,0.0,1.0,0.0,1.0,0.0,STU-14361,2.29
-1.9896019531677072,-0.1064998508990809,0.15502133464742884,-0.8728617369096463,0.1571428571428572,0.5,-0.6,0.0,0.0,1.0,0.0,0.0,1.0,0.0,STU-14561,3.48
1.3786433757125969,1.093171434664674,0.8953263473025113,-0.5606680223385411,0.3079365079365079,-0.3778280542986425,-0.2,0.0,0.0,0.0,1.0,0.0,0.0,1.0,STU-10936,4.84
-0.540295645299723,-0.13407850114192527,-1.0324207045904966e-15,-0.061158079024773375,-1.7476190476190478,0.38461538461538464,0.4,0.0,1.0,0.0,0.0,0.0,0.0,1.0,STU-11577,2.68
0.9718678134671214,1.3275899617288558,1.0667806976328347,-0.9196907940953117,0.5333333333333333,-0.32579185520362003,0.2,0.0,0.0,1.0,0.0,0.0,0.0,1.0,STU-12029,5.04
1.3786433757125969,1.7688483656143752,1.0667806976328347,0.8520085360957086,1.6650793650793654,-0.3348416289592761,-0.8,0.0,0.0,0.0,1.0,0.0,1.0,0.0,STU-11894,6.37
1.076929051398072,0.05897205055798886,1.0667806976328347,0.8285940075028763,0.7571428571428575,0.5452488687782804,-0.8,0.0,0.0,1.0,0.0,0.0,1.0,0.0,STU-14448,4.83
-0.14339763533835398,0.6105450554148881,1.0667806976328347,-0.6309116081170396,1.080952380952381,0.7081447963800905,0.0,0.0,0.0,0.0,1.0,0.0,0.0,1.0,STU-12348,5.36
1.3786433757125969,1.7688483656143752,1.0667806976328347,0.6022535644388252,1.526984126984127,-0.5135746606334842,-1.0,0.0,0.0,0.0,1.0,0.0,0.0,1.0,STU-13362,5.79
1.3786433757125969,1.7688483656143752,1.0667806976328347,0.1729872069035559,1.4571428571428575,0.744343891402715,0.4,1.0,0.0,0.0,0.0,0.0,0.0,1.0,STU-10223,5.85
-0.18829560026611064,0.3209692278650163,-1.9285849227566703,1.4842008081021967,-0.5984126984126984,-0.34162895927601805,0.2,0.0,0.0,0.0,1.0,0.0,1.0,0.0,STU-12557,3.26
0.12239831703396611,-1.2372245108557225,-0.10506619678585816,0.7661552645886552,0.16507936507936524,-0.0542986425339367,0.8,0.0,0.0,1.0,0.0,0.0,0.0,1.0,STU-12369,4.1
-2.7376020488641335,-1.0993312596414984,-1.3045201476136714,-0.3265227364102125,-0.08730158730158714,-0.11312217194570136,-1.0,0.0,1.0,0.0,0.0,0.0,1.0,0.0,STU-14712,2.23
0.07031667771776855,0.5278091046863526,1.0667806976328347,1.2500555221738674,0.9015873015873019,0.8868778280542988,-0.8,0.0,0.0,0.0,0.0,1.0,1.0,0.0,STU-12635,5.57
0.9601943425859051,-0.9062807079415842,-0.25254599812931433,-0.8728617369096463,-1.3079365079365082,-0.997737556561086,-0.8,0.0,0.0,0.0,0.0,1.0,0.0,1.0,STU-13690,3.77
-0.8752344636607866,-1.375117762069948,-1.6285398096786046,0.19640173549638829,-1.5841269841269845,0.7104072398190044,-0.2,1.0,0.0,0.0,0.0,0.0,0.0,1.0,STU-14765,2.7
0.04786769525389022,-1.2510138359771459,0.2610905513772047,0.7349358931315447,-0.9984126984126986,1.5113122171945703,0.6,0.0,0.0,0.0,0.0,1.0,1.0,0.0,STU-10103,2.9
-0.054499664781395,-0.9200700330630064,-1.239135014013124,-0.33432757927448997,-0.5476190476190476,-0.1742081447963802,0.0,0.0,1.0,0.0,0.0,0.0,1.0,0.0,STU-11554,2.96
0.055051369642331136,0.9139102080861821,1.0667806976328347,-0.6543261367098727,1.0222222222222224,-0.925339366515837,-0.4,0.0,0.0,1.0,0.0,0.0,1.0,0.0,STU-11203,4.82
-2.1323774816379735,1.7688483656143752,-1.6045652606917375,0.24323079268205441,-0.3793650793650795,0.5520361990950228,0.6,0.0,0.0,1.0,0.0,0.0,0.0,1.0,STU-12937,3.46
-0.021275170734855943,1.7688483656143752,1.0667806976328347,1.1563974078025365,2.04920634920635,0.0,0.8,0.0,0.0,0.0,0.0,1.0,0.0,1.0,STU-12144,5.75
0.72313308776735,0.38991585347212837,-1.350289741134054,-0.006524178974829784,-0.7666666666666668,-0.14253393665158368,-1.2,0.0,0.0,1.0,0.0,0.0,0.0,1.0,STU-13569,4.02
0.7375004365442317,0.7484383066291123,1.0667806976328347,0.656887464488768,0.12857142857142867,0.34162895927601805,2.2,0.0,0.0,0.0,1.0,0.0,1.0,0.0,STU-10456,6.25
-1.1194793928677826,-2.67131432348366,-1.5210175899799274,-2.3557818811223945,-1.0095238095238097,-0.4253393665158371,0.8,0.0,0.0,0.0,0.0,1.0,0.0,1.0,STU-12277,1.76
0.8721943313275017,-1.2247380995076246e-15,0.10053372331363965,1.5778589224735275,0.946031746031746,0.24434389140271495,0.6,0.0,0.0,0.0,1.0,0.0,1.0,0.0,STU-10736,5.6
0.3055820139392125,-0.478811629177487,1.0667806976328347,-0.6777406653027057,1.707936507936508,-0.40950226244343896,-0.8,0.0,0.0,0.0,1.0,0.0,1.0,0.0,STU-14327,4.46
1.3786433757125969,1.7688483656143752,1.0667806976328347,-1.6533460233374089,2.2222222222222228,-0.32352941176470584,0.6,0.0,1.0,0.0,0.0,0.0,1.0,0.0,STU-11397,6.08
-0.018581292839190442,0.9276995332076042,0.1150637530026503,-1.3021280944449156,0.8555555555555555,1.8755656108597283,0.2,0.0,0.0,0.0,0.0,1.0,1.0,0.0,STU-10776,4.87
0.06223504403077205,-0.32712905284183935,0.1637393524608344,0.24323079268205441,-0.3793650793650795,0.16968325791855204,0.0,0.0,0.0,0.0,0.0,1.0,1.0,0.0,STU-11737,3.44
-0.2322956058953117,0.5553877549291981,1.0667806976328347,-0.33432757927448997,0.46349206349206357,0.3461538461538462,1.2,0.0,0.0,0.0,0.0,1.0,0.0,1.0,STU-14230,4.74
-2.21049994061227,-0.16165715138477083,-2.2649551100572625,-1.5831024375589096,-1.1,0.0,-0.8,0.0,0.0,1.0,0.0,0.0,0.0,1.0,STU-14380,2.67
-0.7028262783382022,-0.5615475799060224,-0.19951138976442692,-0.8494472083168133,-0.26349206349206356,0.5610859728506786,-0.6,0.0,0.0,0.0,1.0,0.0,0.0,1.0,STU-10246,4.17
0.89643923238849,-0.13407850114192527,1.0667806976328347,-0.5060341222885975,1.3031746031746032,-0.12443438914027145,-0.6,0.0,0.0,0.0,1.0,0.0,1.0,0.0,STU-10613,4.47
0.0,-2.243845244719563,-0.44652189447760404,0.477376078610383,-1.4793650793650797,-0.5678733031674209,0.0,1.0,0.0,0.0,0.0,0.0,1.0,0.0,STU-13214,2.48
-0.09670375181348742,0.6243343805363103,-0.3963932920505181,0.6412777787602131,-0.8571428571428572,-0.011312217194570096,0.0,0.0,0.0,0.0,0.0,1.0,0.0,1.0,STU-11954,4.98
-0.2322956058953117,1.7688483656143752,0.046046111979850445,0.7115213645387116,0.6111111111111112,-0.7375565610859729,0.0,0.0,0.0,0.0,1.0,0.0,0.0,1.0,STU-12399,5.39
-0.01678537424208053,0.11412935104367879,0.01625955111737926,-1.38641860024038e-15,0.25238095238095243,-0.8823529411764707,-0.8,0.0,0.0,0.0,0.0,1.0,0.0,1.0,STU-12755,4.95
-0.6031527961985812,1.0655927844218296,-1.0324207045904966e-15,-1.3411523087663035,0.03809523809523813,0.08144796380090505,0.6,0.0,0.0,0.0,0.0,1.0,1.0,0.0,STU-11650,4.96
-0.6273976972595707,-1.2247380995076246e-15,-1.430931405908062,-0.19384040771749295,0.39841269841269844,-0.25565610859728505,-0.8,0.0,0.0,0.0,1.0,0.0,1.0,0.0,STU-14457,4.01
1.3786433757125969,1.7688483656143752,1.0667806976328347,-0.4201808507815441,1.1714285714285717,-0.8122171945701357,0.6,0.0,0.0,1.0,0.0,0.0,1.0,0.0,STU-11842,5.83
0.5992147045667406,1.7688483656143752,0.7950691424483395,0.5710341929817145,-0.30317460317460326,1.6131221719457014,-1.2,0.0,0.0,0.0,0.0,1.0,0.0,1.0,STU-14725,5.09
-1.2523773690539428,0.1003400259222566,-1.6663178868700315,-1.185055451480751,-0.41269841269841273,1.255656108597285,-0.6,0.0,0.0,1.0,0.0,0.0,0.0,1.0,STU-13248,3.15
-1.105112044090901,-0.6994408311202467,0.5771186971131826,-1.372371680223414,-0.46031746031746046,-0.4592760180995476,1.2,0.0,0.0,0.0,0.0,1.0,0.0,1.0,STU-13404,4.47
1.344520922367502,-0.20302512674903736,1.0667806976328347,-0.5060341222885975,0.8936507936507939,0.8552036199095023,0.6,0.0,0.0,1.0,0.0,0.0,0.0,1.0,STU-14321,4.94
-0.15956090271234571,-0.6442835306345567,-1.01101354789566,-0.06896292188905083,-1.0253968253968255,0.4253393665158371,-0.4,0.0,0.0,0.0,0.0,1.0,1.0,0.0,STU-13952,3.81
0.0,-0.2581824272347273,-2.766241134328123,-1.7548089805730178,-0.861904761904762,-0.19230769230769224,-1.2,0.0,0.0,1.0,0.0,0.0,1.0,0.0,STU-11037,2.26
-1.593601902504893,-0.9890166586701185,0.5204515813260419,-1.5128588517804111,-0.2095238095238096,2.470588235294118,-1.2,1.0,0.0,0.0,0.0,0.0,1.0,0.0,STU-11769,4.64
-0.9327038587683152,0.4450731539578183,0.49284452491692127,0.2510356355463319,-0.0031746031746031074,-0.8733031674208146,-0.2,0.0,1.0,0.0,0.0,0.0,1.0,0.0,STU-13382,3.82
-0.07515272864816341,1.7688483656143752,1.0667806976328347,-0.029938707567662853,-0.21269841269841272,-0.5497737556561086,1.2,1.0,0.0,0.0,0.0,0.0,0.0,1.0,STU-11527,4.92
0.1789697528429391,-0.6718621808774011,1.0667806976328347,-1.4582249517304682,1.2333333333333338,0.18778280542986428,0.6,0.0,0.0,0.0,1.0,0.0,1.0,0.0,STU-12743,4.83
1.3669699048313804,0.19686530177221429,1.0667806976328347,0.8598133789599861,1.188888888888889,0.011312217194570096,-0.4,1.0,0.0,0.0,0.0,0.0,0.0,1.0,STU-12835,4.48
-0.18649968166900074,0.15549732640794653,1.0667806976328347,0.9300569647384846,0.012698412698412712,0.7828054298642534,-0.4,0.0,0.0,1.0,0.0,0.0,1.0,0.0,STU-10638,4.75
0.9224800520465893,0.9966461588147175,1.0667806976328347,0.18859689263211082,1.706349206349207,-0.21266968325791866,-0.6,1.0,0.0,0.0,0.0,0.0,1.0,0.0,STU-10910,6.11
-1.0817651023284682,1.2448540110003217,0.05258462533990539,-1.4738346374590232,-0.41428571428571426,0.09954751131221728,0.6,1.0,0.0,0.0,0.0,0.0,1.0,0.0,STU-12420,4.36
0.687214715825144,0.9966461588147175,1.0667806976328347,-0.38896147932443353,0.6111111111111112,0.7488687782805429,0.0,0.0,0.0,0.0,1.0,0.0,0.0,1.0,STU-14884,4.92
-1.6923774253459585,-1.747429540348354,0.3780572903737388,-0.27969367922454635,-0.2857142857142856,-0.748868778280543,-0.4,0.0,0.0,1.0,0.0,0.0,1.0,0.0,STU-12475,3.45
1.3786433757125969,1.3000113114860115,1.0667806976328347,0.8676182218242635,0.8460317460317461,0.20814479638009048,-0.2,1.0,0.0,0.0,0.0,0.0,1.0,0.0,STU-10622,5.66
1.3786433757125969,-1.2247380995076246e-15,1.0667806976328347,0.9846908647884282,0.6984126984126986,0.0,-0.2,0.0,0.0,0.0,0.0,1.0,1.0,0.0,STU-11265,5.68
-0.8213569057474792,0.541598429807776,-0.3811367608770576,-0.6855455081669832,-0.44126984126984126,1.2443438914027147,1.2,1.0,0.0,0.0,0.0,0.0,1.0,0.0,STU-11425,4.16
-0.5833976916303684,-1.2247380995076246e-15,1.0667806976328347,-0.5918873937956516,-0.019047619047618928,0.14932126696832582,-0.4,0.0,1.0,0.0,0.0,0.0,1.0,0.0,STU-12034,4.25
1.3786433757125969,0.6932810061434224,1.0667806976328347,0.9066424361456522,-0.1507936507936507,-0.5927601809954751,-0.6,0.0,0.0,0.0,1.0,0.0,0.0,1.0,STU-13518,4.7
0.5543167396389841,0.4037051785935506,-0.4639579301044162,-0.3655469507316005,-0.8714285714285717,0.06108597285067864,-0.4,0.0,0.0,0.0,0.0,1.0,1.0,0.0,STU-13147,3.87
-0.2367854023880871,-0.8924913828201607,1.0667806976328347,-0.8650568940453682,0.11428571428571441,0.8733031674208146,0.6,0.0,0.0,0.0,0.0,1.0,1.0,0.0,STU-10153,4.07
-0.6579283134104456,-0.6167048803917123,0.27780008551956703,-0.40457116505298846,0.08888888888888899,-0.9072398190045249,0.6,0.0,1.0,0.0,0.0,0.0,1.0,0.0,STU-10226,4.06
-0.17752008868344862,-1.2247380995076246e-15,0.9875920358277274,0.7739601074529326,1.0968253968253974,0.8642533936651583,0.0,1.0,0.0,0.0,0.0,0.0,1.0,0.0,STU-10174,4.66
-0.2116425420285433,-0.2581824272347273,0.2908771122396759,-0.43579053651009897,0.0920634920634921,0.8167420814479639,-1.2,1.0,0.0,0.0,0.0,0.0,0.0,1.0,STU-10681,3.91
-0.8195609871503693,0.4588624790792405,-0.33100815844997067,0.18859689263211082,0.3888888888888891,-0.6380090497737556,0.8,1.0,0.0,0.0,0.0,0.0,0.0,1.0,STU-13206,4.9
1.2268882542567796,0.84496358247907,1.0667806976328347,1.6246879796591935,0.7555555555555556,0.0,-0.6,0.0,0.0,0.0,0.0,1.0,1.0,0.0,STU-10581,5.41
-1.1724589914825359,-0.727019481363091,-0.004082490447235458,-0.27969367922454635,0.09841269841269859,-0.3144796380090497,-0.4,0.0,0.0,0.0,0.0,1.0,0.0,1.0,STU-10458,4.03
-0.12094865287447566,-1.44406438767706,-1.2369555095597724,-0.7870084654025923,-1.0126984126984129,0.7352941176470587,-1.0,0.0,0.0,0.0,0.0,1.0,1.0,0.0,STU-11086,2.72
0.2732554791912278,0.12791867616510097,0.8372062285464696,-0.4514002222386546,1.06984126984127,-0.4592760180995476,-1.2,0.0,0.0,0.0,0.0,1.0,1.0,0.0,STU-13907,4.57
0.0,-0.5753369050274446,0.2487400261415457,-1.0367634370594765,-0.0523809523809524,-0.6085972850678733,0.6,0.0,0.0,1.0,0.0,0.0,1.0,0.0,STU-12441,4.26
-0.9425814110524217,0.08655070080083443,-0.8148581470940196,2.061759180058741,-1.077777777777778,-0.3167420814479639,-1.2,0.0,0.0,0.0,0.0,1.0,1.0,0.0,STU-14385,3.74
0.0,0.41749450371497276,0.8088726706528993,0.14957267831072285,0.6253968253968254,0.19909502262443438,0.8,0.0,0.0,1.0,0.0,0.0,1.0,0.0,STU-13899,4.51
0.8524392267592888,-0.1064998508990809,1.0667806976328347,-0.4904244365600426,1.412698412698413,0.8031674208144796,-1.2,0.0,1.0,0.0,0.0,0.0,1.0,0.0,STU-14569,4.81
1.3786433757125969,0.6381237056577325,0.1949789162922074,0.2588404784106093,0.5587301587301587,-0.07692307692307689,-0.6,0.0,0.0,0.0,0.0,1.0,1.0,0.0,STU-14397,5.03
-2.125193807249533,0.1003400259222566,-1.7055489670303596,1.008105393381262,-0.4793650793650794,-0.45701357466063347,1.0,0.0,1.0,0.0,0.0,0.0,1.0,0.0,STU-13017,3.25
-1.755234576244818,-0.8924913828201607,-0.4363508736952967,1.351518479409477,-0.5920634920634922,0.14253393665158368,0.4,0.0,0.0,0.0,0.0,1.0,1.0,0.0,STU-11475,2.79
-1.176050828676757,-0.8235447572130487,-1.7607630798485998,0.5242051357960484,-1.2984126984126987,-0.504524886877828,0.4,0.0,0.0,0.0,0.0,1.0,1.0,0.0,STU-11524,2.72
1.3786433757125969,1.3551686119717015,1.0667806976328347,-0.9899343798738103,0.37460317460317455,-0.38461538461538464,0.2,0.0,0.0,0.0,0.0,1.0,1.0,0.0,STU-11914,5.1
-0.4666629828182014,0.9001208829647599,1.0667806976328347,1.7339557797590808,0.3380952380952383,-0.6877828054298643,1.0,0.0,0.0,1.0,0.0,0.0,1.0,0.0,STU-10489,5.2
-0.038336397407403265,1.5620084887930377,0.6345123143847734,-1.185055451480751,0.7460317460317464,0.6900452488687783,-0.4,0.0,0.0,0.0,1.0,0.0,0.0,1.0,STU-10582,5.13
-1.0314793816093806,-1.5268003384055944,1.0667806976328347,1.0393247648383719,0.4523809523809524,0.7579185520361992,-0.6,0.0,0.0,0.0,0.0,1.0,1.0,0.0,STU-11224,2.87
1.3121943876195175,1.7688483656143752,1.0667806976328347,-0.5216438080171532,0.6142857142857145,-0.3778280542986425,0.4,0.0,0.0,1.0,0.0,0.0,0.0,1.0,STU-14653,5.75
-0.3346629659305969,-0.14786782626334743,0.8517362582354804,-0.8962762655024787,0.20476190476190495,-0.5407239819004526,-0.6,0.0,0.0,1.0,0.0,0.0,0.0,1.0,STU-14285,4.52
-1.0638059163573654,-1.7060615649840862,-2.9849180811477307,-0.9431053226881448,-1.1523809523809525,1.1153846153846156,1.2,0.0,0.0,0.0,0.0,1.0,1.0,0.0,STU-12335,2.31
1.3786433757125969,-0.9062807079415842,-0.2416484758625571,-0.40457116505298846,-0.6761904761904762,-0.6561085972850679,-1.0,0.0,0.0,0.0,1.0,0.0,0.0,1.0,STU-13812,4.5
1.3786433757125969,0.8173849322362243,1.0667806976328347,0.5085954500674935,0.9000000000000001,-0.39819004524886875,0.2,0.0,0.0,0.0,1.0,0.0,1.0,0.0,STU-13793,4.87
0.44745958311092343,0.26581192737932635,0.43109189873862724,-0.40457116505298846,-0.07142857142857133,-0.02488687782805437,-0.4,0.0,0.0,1.0,0.0,0.0,0.0,1.0,STU-14262,4.51
-0.10837722269470375,-1.8577441413197338,-0.32446964508991677,0.12615814971788977,-0.12063492063492062,1.056561085972851,-1.2,0.0,0.0,0.0,0.0,1.0,1.0,0.0,STU-10493,3.27
0.04786769525389022,1.4103259124573913,-1.0262700790691215,1.2734700507667012,-0.4714285714285716,-0.5565610859728507,-0.4,0.0,0.0,1.0,0.0,0.0,1.0,0.0,STU-11043,4.03
0.032602387178452805,-1.140699235005766,0.6025462490689506,1.2344458364453124,0.7460317460317464,0.9886877828054299,0.6,1.0,0.0,0.0,0.0,0.0,1.0,0.0,STU-13240,4.47
-1.565765164249685,-1.0993312596414984,-1.127980286892194,-1.38641860024038e-15,-0.9301587301587302,-0.5294117647058824,-1.0,0.0,0.0,0.0,0.0,1.0,1.0,0.0,STU-10769,3.05
0.24721465953312965,1.3138006366074337,-0.09707468045690244,0.12615814971788977,0.25714285714285734,0.8393665158371041,-1.2,0.0,0.0,0.0,0.0,1.0,1.0,0.0,STU-14149,4.55
0.9880310808411145,0.08655070080083443,0.06275564612221275,-1.0133489084666434,0.15555555555555564,1.1651583710407238,-0.4,0.0,0.0,0.0,1.0,0.0,1.0,0.0,STU-12942,4.31
-0.9416834517538674,-1.3337497867056802,-1.5900352310027268,-0.357742107867323,-0.26190476190476203,0.15610859728506796,-1.2,1.0,0.0,0.0,0.0,0.0,1.0,0.0,STU-12957,3.36
-0.09041803672360083,-1.2510138359771459,-0.6412242923103446,-0.8494472083168133,-1.1714285714285717,-0.2647058823529412,-0.4,0.0,1.0,0.0,0.0,0.0,0.0,1.0,STU-10984,3.45
1.3786433757125969,-0.5339689296631769,0.723871996972188,-0.7870084654025923,0.08253968253968248,0.4683257918552037,-1.2,0.0,1.0,0.0,0.0,0.0,0.0,1.0,STU-14494,4.27
-0.5923772846159205,-0.8787020576987385,1.0667806976328347,-0.26408399349599143,0.0,-1.0633484162895928,-0.2,0.0,0.0,0.0,1.0,0.0,1.0,0.0,STU-13706,3.76
1.3400311258747255,0.9966461588147175,1.0667806976328347,-1.1538360800236405,1.0174603174603178,0.4660633484162895,0.2,0.0,0.0,0.0,1.0,0.0,1.0,0.0,STU-13770,5.56
0.8003575874430913,-0.9752273335486963,1.0667806976328347,0.1729872069035559,1.0523809523809526,0.9298642533936653,-1.0,0.0,0.0,1.0,0.0,0.0,1.0,0.0,STU-11772,4.26
0.16819424126027707,0.47265180420066266,0.5771186971131826,-0.357742107867323,0.42698412698412697,-0.5542986425339367,0.4,0.0,0.0,0.0,0.0,1.0,1.0,0.0,STU-14479,4.43
-0.919234469289989,-0.175446476506193,1.0667806976328347,1.492005650966474,0.9809523809523814,-0.3710407239819004,-0.2,0.0,0.0,0.0,1.0,0.0,0.0,1.0,STU-12662,4.74
-0.4864180873864142,-0.07892120065623533,0.12305526933160602,-1.38641860024038e-15,0.2190476190476192,-0.3800904977375565,0.4,0.0,0.0,1.0,0.0,0.0,1.0,0.0,STU-14027,4.52
0.386398350809175,0.11412935104367879,1.0667806976328347,0.18859689263211082,-0.5523809523809525,-0.7307692307692307,-0.4,1.0,0.0,0.0,0.0,0.0,1.0,0.0,STU-10500,4.28
-0.47833645369941896,-1.6233256142555519,-1.5878557265493751,0.18079204976783336,-1.1031746031746035,-0.6968325791855204,9.2,0.0,0.0,0.0,0.0,1.0,1.0,0.0,STU-13186,2.95
0.39537794379472585,0.045182725436566686,-2.240254059585945,0.2276211069534988,-0.3349206349206349,0.4819004524886878,-1.2,0.0,1.0,0.0,0.0,0.0,1.0,0.0,STU-14589,3.88
-1.3134386013556925,-0.05134255041339098,0.5654946733619736,0.32908406418910785,0.6984126984126986,1.0407239819004526,0.2,0.0,0.0,0.0,0.0,1.0,0.0,1.0,STU-10627,3.98
-0.021275170734855943,1.7688483656143752,0.822676198857459,1.710541251166247,0.8000000000000003,0.31900452488687786,0.8,0.0,0.0,0.0,1.0,0.0,1.0,0.0,STU-12721,5.03
0.8228065699069697,-1.3613284369485246,-1.1047322393897778,-1.044568279923754,-0.7253968253968254,2.7013574660633486,0.0,0.0,0.0,0.0,1.0,0.0,1.0,0.0,STU-12001,3.72
-0.9892752945772895,0.5691770800506203,-0.8490037168631941,-1.38641860024038e-15,-0.40158730158730155,2.7624434389140275,0.4,1.0,0.0,0.0,0.0,0.0,0.0,1.0,STU-11178,4.31
-0.33376500663204134,1.7136910651286854,-1.2355025065908716,-0.46700990796720954,-0.2857142857142856,-0.020361990950226214,1.0,0.0,0.0,0.0,0.0,1.0,0.0,1.0,STU-14426,3.54
0.7716228898893264,1.3689579370931235,0.7681885875236698,0.14957267831072285,0.43650793650793657,0.5294117647058826,0.4,0.0,1.0,0.0,0.0,0.0,1.0,0.0,STU-13477,5.02
1.3786433757125969,-2.4644744466623223,1.052250667943824,-0.28749852208882454,-0.21428571428571427,-0.03846153846153844,0.0,0.0,0.0,0.0,0.0,1.0,1.0,0.0,STU-13095,3.64
-0.11825477497881016,-0.14786782626334743,-0.25690500703601765,-0.8260326797239802,0.03968253968253969,6.138553293223707,0.8,0.0,0.0,1.0,0.0,0.0,0.0,1.0,STU-10463,3.7
0.0164391198044598,-0.6167048803917123,-1.072766174073955,-0.22505977917460346,0.3571428571428572,0.4705882352941177,0.6,0.0,1.0,0.0,0.0,0.0,0.0,1.0,STU-13965,3.3
-0.07964252514093882,0.969067508571872,-0.43344486775749513,-0.7245697224883711,0.3365079365079367,0.3031674208144796,0.6,0.0,0.0,1.0,0.0,0.0,1.0,0.0,STU-12907,4.81
0.386398350809175,0.4588624790792405,-0.24092197437810622,1.164202250666814,0.27460317460317474,-0.30769230769230776,-0.4,0.0,1.0,0.0,0.0,0.0,0.0,1.0,STU-11645,5.48
-1.0548263233718134,-0.9614380084272741,-2.562820718681977,0.375913121374774,-1.5984126984126987,-0.37556561085972856,0.6,0.0,0.0,1.0,0.0,0.0,0.0,1.0,STU-14042,3.19
0.1852554679328244,0.9552781834504498,0.5582296585174688,-1.5596879089660771,-0.7634920634920636,-0.11085972850678738,0.0,0.0,0.0,1.0,0.0,0.0,1.0,0.0,STU-13014,4.74
1.2834596900657524,1.7688483656143752,1.0667806976328347,0.24323079268205441,1.3238095238095242,1.0610859728506787,-0.6,0.0,0.0,0.0,0.0,1.0,1.0,0.0,STU-10578,6.0
-0.3966221575309009,-0.7408088064845144,1.0667806976328347,-0.17823072198893733,0.6269841269841273,0.2918552036199095,0.0,1.0,0.0,0.0,0.0,0.0,1.0,0.0,STU-10799,4.25
-0.05539762407995059,-0.21681445187046075,0.6047257535223022,-2.082612380872678,0.3444444444444445,0.44117647058823534,-0.6,0.0,0.0,0.0,1.0,0.0,0.0,1.0,STU-13623,4.03
0.4402759087224825,-1.457853712798482,-1.5776847057670678,0.8676182218242635,-1.4777777777777779,0.09049773755656117,-0.2,0.0,0.0,0.0,1.0,0.0,1.0,0.0,STU-14225,3.16
0.5597044954303151,0.5553877549291981,-3.0459442058415744,0.43835186428899503,-0.44126984126984126,2.393665158371041,1.0,1.0,0.0,0.0,0.0,0.0,0.0,1.0,STU-14626,4.09
-0.7890303709994945,0.6105450554148881,0.4085703527206609,1.3749330080023094,0.0,0.013574660633484075,0.4,0.0,0.0,0.0,1.0,0.0,1.0,0.0,STU-12558,4.02
0.0,0.2382332771364808,0.3235696790399496,-0.5138389651528756,8.763146098638433,-0.17647058823529418,-1.0,0.0,0.0,1.0,0.0,0.0,1.0,0.0,STU-13111,4.94
1.3786433757125969,-0.175446476506193,1.0667806976328347,-0.18603556485321548,0.1968253968253969,0.14705882352941185,-0.4,0.0,0.0,0.0,0.0,1.0,1.0,0.0,STU-10862,4.84
0.7258269656630154,-1.2247380995076246e-15,-0.5344285740961179,-0.31871789354593505,-0.577777777777778,2.513574660633484,-0.8,1.0,0.0,0.0,0.0,0.0,1.0,0.0,STU-12710,3.75
0.2741534384897834,1.7274803902501075,0.742761035567902,1.1954216221239238,0.3841269841269842,-0.6832579185520362,0.0,0.0,0.0,1.0,0.0,0.0,0.0,1.0,STU-12604,5.72
0.5893371522826343,-1.1544885601271881,1.0667806976328347,0.4929857643389379,-0.3603174603174603,1.1357466063348418,-0.2,0.0,0.0,0.0,0.0,1.0,1.0,0.0,STU-12846,4.61
0.6171738905378437,0.5829664051720425,-0.7436610016178681,-1.0757876513808644,-0.21428571428571427,-0.5,-1.2,0.0,0.0,0.0,0.0,1.0,1.0,0.0,STU-13493,4.07
-0.09939762970915166,-0.6167048803917123,-1.0324207045904966e-15,-0.6153019223884847,-0.7539682539682541,2.7624434389140275,0.2,0.0,0.0,0.0,0.0,1.0,1.0,0.0,STU-13808,2.99
0.06672484052354745,-1.2785924862199902,0.23856900535923833,1.0393247648383719,-0.4666666666666667,0.48416289592760176,-0.4,0.0,0.0,0.0,0.0,1.0,1.0,0.0,STU-11793,2.4
0.12778607282529583,-0.06513187553481316,0.710794970252078,1.429566908052253,-0.5650793650793653,-0.669683257918552,0.2,0.0,0.0,0.0,0.0,1.0,1.0,0.0,STU-10929,3.41
0.7240310470659043,0.21065462689363645,-0.19079337195102034,0.5632293501174371,0.12539682539682556,1.9977375565610855,0.8,0.0,0.0,1.0,0.0,0.0,1.0,0.0,STU-10000,3.55
-0.5824997323318141,0.34854787810786064,1.0667806976328347,-1.5284685375089666,0.06984126984126977,0.45022624434389147,-0.2,0.0,0.0,0.0,0.0,1.0,0.0,1.0,STU-10131,3.66
-0.8348262952258066,0.3761265283507062,-0.06438211365662871,-0.8494472083168133,0.23492063492063503,-1.1289592760180995,-0.4,0.0,0.0,1.0,0.0,0.0,1.0,0.0,STU-11152,3.57
0.912602499762483,0.6519130307791559,0.21168845043456969,-0.061158079024773375,-1.0285714285714287,-0.18778280542986428,-0.2,0.0,1.0,0.0,0.0,0.0,0.0,1.0,STU-12373,4.42
0.0,0.9828568336932941,-0.8344736871741834,-2.137246280922622,0.26190476190476203,0.11538461538461534,2.0,0.0,0.0,0.0,0.0,1.0,0.0,1.0,STU-11532,4.25
-0.18649968166900074,-0.34091837796326274,-0.6128907344167742,0.8207891646385987,-0.4587301587301589,-0.20814479638009048,0.4,1.0,0.0,0.0,0.0,0.0,1.0,0.0,STU-12419,4.15
1.2017453938972358,0.5140197795649304,1.0667806976328347,0.6646923073530462,0.7095238095238098,1.961538461538462,0.0,0.0,0.0,0.0,0.0,1.0,1.0,0.0,STU-13294,5.78
0.20411261320248292,0.22444395201505862,0.9912245432499798,-0.10798713621043882,-0.43492063492063504,1.0950226244343892,-0.2,0.0,0.0,0.0,0.0,1.0,1.0,0.0,STU-10497,4.42
-0.16674457710078663,-0.6856515059988245,-0.07673263889228772,1.0861538220240379,0.5460317460317461,0.0,0.8,0.0,0.0,0.0,1.0,0.0,0.0,1.0,STU-14818,4.63
0.5148065305025584,0.84496358247907,0.49429752788582304,0.594448721574547,0.6412698412698415,2.330316742081448,-1.2,0.0,0.0,0.0,1.0,0.0,0.0,1.0,STU-12628,5.58
0.6746432856453721,-0.5615475799060224,-1.2987081357380674,0.2900598498677199,-0.028571428571428532,0.42760180995475106,-0.8,0.0,0.0,0.0,1.0,0.0,1.0,0.0,STU-12699,3.48
1.355296433950163,1.7688483656143752,1.0667806976328347,-1.2552990372592494,1.7412698412698417,0.011312217194570096,0.4,0.0,0.0,0.0,0.0,1.0,1.0,0.0,STU-14438,5.64
-0.17033641429500773,-0.06513187553481316,0.296689124115281,-1.224079665802139,0.0,-0.755656108597285,-1.0,0.0,1.0,0.0,0.0,0.0,1.0,0.0,STU-10673,3.46
-1.1365406195403314,-2.340370520569521,-0.057843600296574794,0.9534714933313183,0.6142857142857145,-0.1402714932126697,1.0,1.0,0.0,0.0,0.0,0.0,1.0,0.0,STU-11344,3.53
-0.26013234415052106,-0.6718621808774011,-3.1273123721000324,0.11835330685361233,-1.0000000000000002,-0.6380090497737556,-0.6,0.0,0.0,0.0,0.0,1.0,1.0,0.0,STU-14990,2.64
0.8407657558780726,1.4103259124573913,-1.5311886107622348,0.9222521218742071,0.07301587301587316,0.07013574660633476,0.8,0.0,0.0,1.0,0.0,0.0,1.0,0.0,STU-13643,4.89
0.32623507780598093,-0.5753369050274446,0.9251129081649825,-2.6913901242863325,-0.2857142857142856,0.8054298642533936,-1.2,0.0,0.0,0.0,0.0,1.0,0.0,1.0,STU-10099,4.7
-0.40380583191934183,-1.0717526093986527,0.5822042075043359,1.1173731934811477,-0.3047619047619048,0.011312217194570096,0.2,0.0,0.0,1.0,0.0,0.0,1.0,0.0,STU-14373,3.2
0.32803099640309086,-0.175446476506193,0.005362028850621006,-1.38641860024038e-15,0.28571428571428586,0.5475113122171947,-0.8,0.0,0.0,0.0,1.0,0.0,1.0,0.0,STU-14637,3.84
-0.21792825711842986,-0.9062807079415842,0.33374069982225696,-0.27969367922454635,-0.461904761904762,-0.3031674208144796,-0.8,0.0,0.0,0.0,0.0,1.0,1.0,0.0,STU-10966,3.44
0.566888169818756,0.665702355900578,1.0667806976328347,-0.5216438080171532,0.00793650793650805,-0.39366515837104077,-1.2,0.0,1.0,0.0,0.0,0.0,1.0,0.0,STU-14377,4.28
0.0,-0.8097554320916265,0.48630601155686737,2.35834320890129,-0.17142857142857146,0.6425339366515839,0.0,0.0,0.0,1.0,0.0,0.0,1.0,0.0,STU-13481,3.96
-0.4388262445629921,0.3761265283507062,-0.5387875830028201,0.6334729358959357,-0.17460317460317457,1.1809954751131222,0.2,0.0,0.0,0.0,1.0,0.0,1.0,0.0,STU-12802,4.47
0.1852554679328244,-0.35470770308468497,0.33228769685335624,0.11835330685361233,0.6015873015873018,0.46153846153846156,-0.8,0.0,0.0,0.0,0.0,1.0,1.0,0.0,STU-12421,4.97
-1.5801325130265669,0.03139340031514451,0.1986114237144598,1.8744429513160779,-0.4777777777777778,2.32579185520362,0.4,0.0,0.0,1.0,0.0,0.0,1.0,0.0,STU-11943,3.03
-1.6438876232239807,-1.38890708719137,-1.1425103165812047,-1.231884508666417,-0.6,0.8529411764705883,-1.2,0.0,0.0,0.0,0.0,1.0,0.0,1.0,STU-12653,3.08
-0.7908262895966044,-1.38890708719137,-1.8835418307207379,0.7973746360457651,-1.5682539682539685,-0.6923076923076923,0.6,1.0,0.0,0.0,0.0,0.0,1.0,0.0,STU-12248,3.31
-1.593601902504893,-1.0028059837915406,-1.4585384623171826,-0.8338375225882577,-0.14603174603174604,2.7624434389140275,-0.4,1.0,0.0,0.0,0.0,0.0,0.0,1.0,STU-10094,2.87
0.1089289275556386,-0.32712905284183935,-1.778199115475412,-0.6231067652527621,-0.18253968253968264,-0.22398190045248875,-0.4,0.0,0.0,0.0,1.0,0.0,1.0,0.0,STU-12124,3.88
-0.6354793309465673,-1.38890708719137,-1.5449921389667947,0.375913121374774,-1.5698412698412703,1.981900452488688,-0.6,0.0,0.0,0.0,1.0,0.0,1.0,0.0,STU-14345,2.46
-0.864458952078126,-0.3960756784489527,-0.1668188229641532,0.0325000353465582,-0.35873015873015873,0.5633484162895926,-0.6,0.0,0.0,0.0,0.0,1.0,0.0,1.0,STU-10151,4.05
1.0679494584125213,-0.3960756784489527,-0.22784494765799632,-0.44359537937437643,-0.41746031746031736,-0.6990950226244343,-0.4,1.0,0.0,0.0,0.0,0.0,1.0,0.0,STU-11887,4.31
-0.029356804421852446,-0.7959661069702043,-1.537000622637839,1.21103130785248,-0.7380952380952381,-0.5995475113122172,-0.4,0.0,0.0,0.0,1.0,0.0,1.0,0.0,STU-10787,3.54
-0.4361323666673265,-1.2923818113414125,-0.7894305951382506,0.3524985927819409,-0.5269841269841271,0.0,0.4,0.0,1.0,0.0,0.0,0.0,1.0,0.0,STU-13290,2.94
-0.600458918302917,-0.09271052577765751,-0.9637909514063765,0.477376078610383,-0.288888888888889,0.6447963800904979,0.0,0.0,0.0,0.0,0.0,1.0,0.0,1.0,STU-10164,4.13
0.07929627070331936,-0.009974575049123234,1.0667806976328347,-1.28651840871636,0.12698412698412712,0.6583710407239818,-0.4,0.0,0.0,1.0,0.0,0.0,1.0,0.0,STU-11613,4.37
0.0,1.4103259124573913,-0.08545065670569434,-0.3655469507316005,-0.4746031746031747,0.24208144796380096,1.4,0.0,0.0,1.0,0.0,0.0,1.0,0.0,STU-12100,3.93
-1.5962957804005586,-1.2247380995076246e-15,-0.5257105562827112,0.7115213645387116,0.4587301587301589,0.40497737556561086,0.2,1.0,0.0,0.0,0.0,0.0,0.0,1.0,STU-13427,4.61
1.3786433757125969,1.7688483656143752,1.0667806976328347,-0.061158079024773375,1.244444444444445,0.13574660633484156,0.8,0.0,0.0,0.0,0.0,1.0,1.0,0.0,STU-10473,5.72
-1.0135201956382778,-2.299002545205253,-1.2805455986268044,-0.8338375225882577,-1.7476190476190478,5.6423130368007905,0.0,0.0,0.0,0.0,0.0,1.0,1.0,0.0,STU-13629,2.33
-2.0120509356315854,-1.1820672103700325,-3.144021906242395,-1.4192007374090796,-1.0952380952380953,0.036199095022624465,1.6,0.0,0.0,0.0,1.0,0.0,1.0,0.0,STU-13159,2.4
-0.2269078501039807,0.541598429807776,0.8982323532403138,-0.474814750831487,-0.24444444444444435,-0.6900452488687783,-0.2,0.0,1.0,0.0,0.0,0.0,0.0,1.0,STU-11215,4.82
1.1945617195087948,0.5553877549291981,1.0667806976328347,-0.295303364953102,0.8634920634920635,0.04751131221719456,-0.2,1.0,0.0,0.0,0.0,0.0,0.0,1.0,STU-10110,6.07
0.9988065924237751,-0.6994408311202467,1.045712154583769,0.6959116788101567,-0.8063492063492065,0.38687782805429866,-1.0,0.0,0.0,0.0,0.0,1.0,1.0,0.0,STU-12692,4.58
1.3624801083386038,1.4792725380645035,1.0667806976328347,-0.7948133082668697,0.4809523809523809,0.7171945701357468,1.4,1.0,0.0,0.0,0.0,0.0,0.0,1.0,STU-11365,5.41
-0.7962140453879354,0.14170800128652436,1.0667806976328347,-2.0904172237369556,0.3142857142857144,0.9004524886877827,0.0,1.0,0.0,0.0,0.0,0.0,0.0,1.0,STU-13161,4.34
0.6028065417609618,0.07276137567941103,-0.651395313092652,-0.20945009344604784,-0.47301587301587317,0.3484162895927602,-0.6,0.0,0.0,0.0,1.0,0.0,0.0,1.0,STU-10175,4.24
0.14933709599061984,0.41749450371497276,1.0616951872416815,-0.7167648796240937,0.3873015873015873,-1.083710407239819,0.0,0.0,1.0,0.0,0.0,0.0,1.0,0.0,STU-11540,4.77
-1.5424182224872511,0.7208596563862679,-0.43707737517974754,-0.7635939368097592,-0.31269841269841286,-0.14932126696832582,-1.2,0.0,0.0,0.0,0.0,1.0,1.0,0.0,STU-13810,3.71
1.3786433757125969,0.7346489815076901,0.46523746850780173,-1.005544065602366,0.4523809523809524,1.2443438914027147,-0.4,0.0,0.0,0.0,0.0,1.0,1.0,0.0,STU-14673,5.79
1.2852556086628624,0.5002304544435082,1.0667806976328347,-1.5206636946446892,1.5698412698412698,0.06787330316742078,0.0,0.0,0.0,0.0,1.0,0.0,1.0,0.0,STU-13105,5.1
0.7680310526951065,0.3209692278650163,1.0667806976328347,-1.5206636946446892,1.1111111111111116,-0.10180995475113126,0.0,1.0,0.0,0.0,0.0,0.0,1.0,0.0,STU-10641,4.58
1.3786433757125969,1.0380141341789841,0.5713066852375787,-0.11579197907471628,0.7095238095238098,-0.8642533936651584,-1.2,0.0,0.0,0.0,1.0,0.0,0.0,1.0,STU-11066,5.65
-0.527724215119951,-1.2247380995076246e-15,-1.0324207045904966e-15,0.04810972107511381,1.2666666666666666,-0.8461538461538463,0.4,0.0,0.0,0.0,0.0,1.0,1.0,0.0,STU-10725,4.35
1.3786433757125969,1.0655927844218296,1.0667806976328347,1.289079736495256,0.0,0.5542986425339367,-0.2,0.0,0.0,0.0,0.0,1.0,0.0,1.0,STU-10338,5.87
1.3786433757125969,1.6447444395215731,1.0667806976328347,0.27445016413916495,0.36190476190476184,1.4411764705882353,-0.8,0.0,0.0,0.0,0.0,1.0,0.0,1.0,STU-13695,5.76
0.8416637151766269,0.22444395201505862,0.5749391926598311,0.539814821524604,0.5746031746031749,2.3506787330316743,-0.2,0.0,0.0,0.0,1.0,0.0,1.0,0.0,STU-11160,4.2
-0.7935201674922698,-0.9200700330630064,-0.5860101794921045,-0.8104229939954253,-0.8841269841269842,0.3800904977375565,0.4,1.0,0.0,0.0,0.0,0.0,1.0,0.0,STU-10138,3.1
1.3786433757125969,-0.5891262301488668,0.4296388957697265,0.7427407359958221,0.41428571428571426,-0.4343891402714932,1.0,0.0,0.0,0.0,0.0,1.0,1.0,0.0,STU-12771,4.02
0.1726840377530525,0.665702355900578,-0.6165232418390266,1.3905426937308643,-0.028571428571428532,-0.23529411764705885,0.6,0.0,0.0,0.0,1.0,0.0,1.0,0.0,STU-10001,5.13
1.3077045911267406,-0.32712905284183935,-1.5965737443627812,1.7885896798090244,-0.7015873015873016,-0.07466063348416291,-1.2,0.0,0.0,0.0,0.0,1.0,1.0,0.0,STU-12562,4.37
1.3786433757125969,0.84496358247907,1.0667806976328347,-0.4279856936458215,1.1619047619047618,0.6018099547511311,0.4,0.0,0.0,1.0,0.0,0.0,0.0,1.0,STU-11494,5.04
-0.20805070483432347,0.6381237056577325,0.5851102134421384,-0.8182278368597028,0.8079365079365083,0.7601809954751132,-1.2,0.0,1.0,0.0,0.0,0.0,0.0,1.0,STU-10863,3.87
0.33341875219442185,-0.07892120065623533,-0.9783209810953871,-2.059197852279845,0.23333333333333348,-0.6719457013574661,0.2,0.0,0.0,0.0,0.0,1.0,1.0,0.0,STU-12353,3.8
-0.5510711568823837,-0.40986500357037486,-0.06002310474992645,1.6168831367949161,-0.23333333333333348,-0.38461538461538464,-0.4,0.0,0.0,1.0,0.0,0.0,0.0,1.0,STU-14772,3.65
-0.40380583191934183,-0.3960756784489527,-0.7581910313068787,-0.638716450981317,-1.1396825396825399,0.0,-0.4,0.0,0.0,1.0,0.0,0.0,0.0,1.0,STU-13511,3.24
-2.3218468936331065,-0.05134255041339098,-1.569693189438112,0.7583504217243777,-0.8603174603174605,1.1923076923076925,1.4,0.0,0.0,0.0,0.0,1.0,0.0,1.0,STU-10950,3.99
0.577663681401418,1.7688483656143752,-0.5140865325315032,-0.5684728652028186,0.11269841269841285,0.4547511312217194,-1.2,0.0,0.0,1.0,0.0,0.0,0.0,1.0,STU-14896,4.49
-0.3939282796352354,0.3209692278650163,0.1608333465230329,2.32712383744418,-0.7920634920634922,-0.7601809954751131,0.0,0.0,0.0,0.0,1.0,0.0,0.0,1.0,STU-10901,5.58
1.280765812170087,0.22444395201505862,1.0667806976328347,-1.38641860024038e-15,1.358730158730159,-0.5520361990950227,-0.4,0.0,0.0,1.0,0.0,0.0,1.0,0.0,STU-14723,5.09
1.3786433757125969,1.0793821095432519,1.0667806976328347,-0.8494472083168133,0.7968253968253972,0.3891402714932126,0.4,0.0,0.0,0.0,0.0,1.0,0.0,1.0,STU-14602,5.23
-0.5178466628358446,-1.802586840834044,-0.16899832741750484,0.8676182218242635,-0.06984126984126977,-0.32579185520362003,-0.4,0.0,0.0,0.0,1.0,0.0,0.0,1.0,STU-11734,2.73
-1.3017651304744748,-0.9338593581844286,-1.2681950733911453,-0.28749852208882454,-0.23333333333333348,-0.993212669683258,0.6,0.0,1.0,0.0,0.0,0.0,0.0,1.0,STU-12194,3.04
0.5534187803404297,-0.5063902794203325,-0.21549442242233835,0.5866438787102695,-0.7317460317460318,0.28959276018099556,-0.4,1.0,0.0,0.0,0.0,0.0,1.0,0.0,STU-13872,4.48
0.7797045235763229,0.4588624790792405,-2.3470497778001715,-1.5831024375589096,0.3174603174603175,-0.26696832579185514,-1.2,1.0,0.0,0.0,0.0,0.0,1.0,0.0,STU-14259,3.39
0.026316672088566213,0.11412935104367879,1.0667806976328347,-1.0523731227880313,0.35873015873015873,0.07239819004524893,-0.4,0.0,0.0,0.0,0.0,1.0,1.0,0.0,STU-13933,4.67
-0.9883773352787338,-0.8235447572130487,-1.085116699309614,1.304689422223811,-0.3507936507936507,0.7036199095022625,-0.6,0.0,1.0,0.0,0.0,0.0,0.0,1.0,STU-12994,2.58
-0.1344180423528019,0.596755730293466,-1.4701624860683908,0.555424507253159,-1.1412698412698414,-0.11312217194570136,-1.0,0.0,0.0,0.0,0.0,1.0,0.0,1.0,STU-13246,3.66
-0.5259282965228399,0.78980628199338,0.4877590145257681,-1.3957862088162472,0.2190476190476192,2.1606334841628962,-1.2,0.0,0.0,0.0,0.0,1.0,0.0,1.0,STU-13300,4.57
0.16999015985738827,0.4450731539578183,-0.18134885265316386,-0.23286462203888092,0.3555555555555556,-0.5067873303167422,-0.8,0.0,0.0,0.0,1.0,0.0,1.0,0.0,STU-13787,4.31
1.3499086781588332,-0.2443931021133051,-0.4312653633041435,0.0325000353465582,-0.338095238095238,-0.9366515837104074,-0.8,0.0,0.0,1.0,0.0,0.0,1.0,0.0,STU-12087,4.03
0.5902351115811899,0.14170800128652436,-0.09925418491025409,1.4451765937808079,0.9809523809523814,-0.05656108597285068,-1.0,0.0,0.0,1.0,0.0,0.0,1.0,0.0,STU-13157,4.56
1.3157862248137373,0.08655070080083443,1.0667806976328347,0.23542594981777626,0.45079365079365086,0.5814479638009048,1.6,0.0,1.0,0.0,0.0,0.0,1.0,0.0,STU-10828,4.87
-2.1278876851451973,0.29339057762217075,-1.2442205244042783,0.18859689263211082,0.39523809523809533,-0.504524886877828,-1.2,0.0,0.0,1.0,0.0,0.0,0.0,1.0,STU-12536,2.77
-0.08233640303660433,-0.32712905284183935,-1.0324207045904966e-15,1.4607862795093642,-0.9285714285714287,1.8031674208144797,-1.2,1.0,0.0,0.0,0.0,0.0,1.0,0.0,STU-14660,3.96
0.0,-1.0993312596414984,1.0195581011435502,-0.6465212938455952,0.4063492063492065,-0.03393665158371049,-0.2,0.0,1.0,0.0,0.0,0.0,0.0,1.0,STU-13735,4.64
-0.7782548594168325,0.38991585347212837,1.0667806976328347,1.5310298652878627,1.2380952380952381,-0.3167420814479639,0.2,0.0,0.0,1.0,0.0,0.0,1.0,0.0,STU-13224,4.75
0.38460243221206514,1.0793821095432519,1.0667806976328347,2.2724899373942367,-0.06507936507936511,-0.4366515837104073,0.0,1.0,0.0,0.0,0.0,0.0,1.0,0.0,STU-11825,4.8
-0.9147446727972136,-1.2247380995076246e-15,-1.2231519813552125,-1.4894443231875787,-0.9015873015873017,0.09049773755656117,-1.0,0.0,0.0,0.0,1.0,0.0,1.0,0.0,STU-14921,3.09
-1.7112345706156158,1.4654832129430813,-0.3172046302454109,0.0871339353965018,0.061904761904762004,0.7262443438914027,-0.4,1.0,0.0,0.0,0.0,0.0,0.0,1.0,STU-11184,4.73
-0.92462222508132,-0.9200700330630064,-1.6336253200697584,0.009085506753725131,-0.9634920634920635,-0.25113122171945707,0.2,0.0,0.0,0.0,0.0,1.0,1.0,0.0,STU-11687,2.19
0.07839831140476378,-0.2719717523561507,1.0667806976328347,-0.9821295370095329,-0.37619047619047613,0.3914027149321266,-1.0,1.0,0.0,0.0,0.0,0.0,0.0,1.0,STU-10267,4.55
1.217010701972673,-0.9200700330630064,-1.183920901194885,0.43835186428899503,-0.7365079365079366,0.03393665158371049,-1.0,0.0,0.0,0.0,1.0,0.0,1.0,0.0,STU-14783,3.42
1.3786433757125969,-1.44406438767706,-2.0717057151934237,-0.2172549363103253,-1.3587301587301588,-0.5633484162895929,-0.8,0.0,0.0,1.0,0.0,0.0,1.0,0.0,STU-10872,2.86
-0.8276426208373645,0.21065462689363645,0.3380997087289603,-1.3801765230876915,-0.6142857142857142,2.289592760180996,0.2,0.0,0.0,0.0,0.0,1.0,1.0,0.0,STU-11471,3.91
0.09096974158453569,1.7688483656143752,0.30686014489758834,-1.38641860024038e-15,0.12063492063492062,0.5429864253393664,0.4,0.0,0.0,1.0,0.0,0.0,1.0,0.0,STU-12519,5.44
-2.14225503392208,0.48644112932208605,-2.59551328548225,0.8207891646385987,-1.0396825396825398,0.4321266968325792,0.6,0.0,0.0,0.0,0.0,1.0,1.0,0.0,STU-12367,2.57
0.9242759706436993,0.4450731539578183,-1.0324207045904966e-15,1.7027364083019696,-0.6015873015873016,-0.10407239819004524,0.2,0.0,1.0,0.0,0.0,0.0,0.0,1.0,STU-12251,4.52
0.12688811352674154,-0.49260095429890915,-0.004082490447235458,-0.17823072198893733,-0.028571428571428532,0.3144796380090497,-0.2,0.0,0.0,1.0,0.0,0.0,1.0,0.0,STU-10364,4.42
0.5821534778941934,-0.32712905284183935,1.0667806976328347,0.5476196643888815,1.0301587301587303,-0.6990950226244343,1.2,1.0,0.0,0.0,0.0,0.0,1.0,0.0,STU-10040,4.58
-0.12543844936725107,-0.3133397277204172,1.0667806976328347,0.6334729358959357,0.5476190476190479,-0.5633484162895929,1.8,1.0,0.0,0.0,0.0,0.0,0.0,1.0,STU-12757,4.28
-0.21613233852131997,-0.09271052577765751,1.0667806976328347,-0.9899343798738103,0.323809523809524,0.1199095022624435,-1.2,0.0,0.0,0.0,1.0,0.0,0.0,1.0,STU-12977,4.71
-0.33376500663204134,0.8863315578433377,-0.8170376515473712,-2.0670026951441223,-1.0444444444444447,0.7285067873303167,0.4,0.0,0.0,1.0,0.0,0.0,1.0,0.0,STU-12361,4.08
0.02092891629723521,0.12791867616510097,-0.07600613740783786,0.11835330685361233,-1.3158730158730159,-0.7714932126696833,-1.2,1.0,0.0,0.0,0.0,0.0,0.0,1.0,STU-14206,3.71
-2.534663247390673,-1.4992216881627498,-1.9787135251837566,1.9759059085516861,-1.234920634920635,0.5316742081447965,-0.2,0.0,0.0,0.0,1.0,0.0,1.0,0.0,STU-11604,2.35
-0.6264997379610152,0.47265180420066266,-1.737515032346183,2.202246351615738,-0.7793650793650795,0.009049773755656116,-0.4,0.0,0.0,1.0,0.0,0.0,0.0,1.0,STU-10913,3.39
-0.5061731919546271,0.045182725436566686,0.6381448218070258,0.2120114212249439,-0.13968253968253955,0.40723981900452483,1.0,0.0,0.0,0.0,1.0,0.0,1.0,0.0,STU-10879,3.8
-0.9201324285885433,-0.2581824272347273,-0.7937896040449539,0.4929857643389379,-0.3603174603174603,0.29864253393665163,0.2,0.0,1.0,0.0,0.0,0.0,1.0,0.0,STU-13131,2.72
-0.5259282965228399,0.9139102080861821,-0.28596506641403896,0.8988375932813748,0.47301587301587317,-0.48642533936651583,-0.2,1.0,0.0,0.0,0.0,0.0,1.0,0.0,STU-10752,4.12
-0.45049971544420964,0.5002304544435082,1.0667806976328347,-1.1460312371593628,1.123809523809524,2.7624434389140275,0.2,0.0,0.0,0.0,0.0,1.0,0.0,1.0,STU-14398,5.32
0.6746432856453721,-1.1682778852486104,-0.4152823306462321,0.375913121374774,-0.6126984126984127,0.2171945701357466,-0.6,0.0,0.0,0.0,0.0,1.0,0.0,1.0,STU-10993,4.45
-0.8824181380492289,0.8725422327219143,-1.0117400493801108,0.6178632501673801,-0.8047619047619048,0.0542986425339367,0.8,0.0,0.0,0.0,0.0,1.0,1.0,0.0,STU-13141,4.03
-0.3768670529626881,0.7484383066291123,-0.5954546987899609,1.1095683506168703,1.2714285714285716,-0.4117647058823529,-0.2,0.0,0.0,0.0,1.0,0.0,0.0,1.0,STU-13597,5.76
-0.7378466909818512,1.4516938878216579,1.0667806976328347,0.5788390358459921,0.042857142857142795,0.21945701357466058,0.6,0.0,0.0,0.0,1.0,0.0,0.0,1.0,STU-13822,4.68
0.13586770651229235,0.22444395201505862,-0.9267393756993995,1.8666381084518004,-0.7507936507936509,0.6515837104072398,-0.4,0.0,0.0,0.0,0.0,1.0,0.0,1.0,STU-14899,4.22
0.8650106569390608,0.2520226022579042,0.44780143288098956,0.4617663928818274,0.461904761904762,0.6674208144796381,-1.2,0.0,0.0,0.0,1.0,0.0,0.0,1.0,STU-14211,4.69
-0.06796905425972251,-0.6718621808774011,-0.936183894997256,-0.7713987796740374,-0.3428571428571429,0.7714932126696831,0.4,0.0,0.0,0.0,1.0,0.0,0.0,1.0,STU-12930,3.42
0.9000310695827111,0.05897205055798886,-1.0324207045904966e-15,0.8988375932813748,1.820634920634921,-0.052036199095022724,0.0,0.0,1.0,0.0,0.0,0.0,1.0,0.0,STU-13380,5.43
-0.33825480312481804,0.15549732640794653,0.5371611154684032,-1.1538360800236405,-0.30317460317460326,0.7149321266968324,0.2,0.0,0.0,0.0,1.0,0.0,0.0,1.0,STU-10232,4.38
-0.6399691274393426,-0.602915555270289,-1.7055489670303596,0.48518092147466046,-0.09047619047619054,-0.009049773755656116,0.2,0.0,1.0,0.0,0.0,0.0,1.0,0.0,STU-11896,2.94
0.7976637095474258,0.8863315578433377,-0.9957570167221993,1.8978574799089103,0.8047619047619047,-0.45701357466063347,0.6,0.0,0.0,0.0,0.0,1.0,1.0,0.0,STU-13226,4.41
1.3786433757125969,0.5691770800506203,0.8008811543239436,0.6646923073530462,1.06984126984127,-0.42081447963800905,0.4,0.0,0.0,0.0,0.0,1.0,1.0,0.0,STU-12403,4.99
0.0,-2.2024772693552954,-1.892259848534144,-1.5206636946446892,-1.7476190476190478,0.3506787330316742,-0.8,0.0,0.0,0.0,0.0,1.0,1.0,0.0,STU-10408,1.48
0.2121942468894794,-0.05134255041339098,-1.3117851624581762,0.27445016413916495,-0.7079365079365081,0.02262443438914019,0.0,0.0,0.0,1.0,0.0,0.0,0.0,1.0,STU-14120,3.31
-1.416703920689532,-0.9200700330630064,-0.9696029632819806,-1.1538360800236405,-0.3523809523809525,-0.48642533936651583,0.2,0.0,1.0,0.0,0.0,0.0,1.0,0.0,STU-13692,2.53
0.24901057813023958,-0.175446476506193,1.0667806976328347,1.9446865370945763,0.22857142857142854,-0.06787330316742078,-1.2,0.0,0.0,1.0,0.0,0.0,1.0,0.0,STU-10514,5.14
-1.3556426883877837,-1.2785924862199902,-2.9086354252804254,-0.33432757927448997,-1.3571428571428574,-0.13574660633484156,1.4,0.0,0.0,0.0,1.0,0.0,1.0,0.0,STU-11752,2.14
1.0374188422616466,-0.602915555270289,0.34318521912011446,0.16518236403927777,-0.5142857142857145,0.9049773755656106,0.6,0.0,0.0,1.0,0.0,0.0,1.0,0.0,STU-12486,3.95
1.1029698710561715,0.0038147500722989394,-0.2990420931341478,-0.8026181511311471,0.3079365079365079,1.1470588235294117,0.0,0.0,1.0,0.0,0.0,0.0,1.0,0.0,STU-14834,4.75
-0.6579283134104456,-0.9476486833058507,-0.2539990010982161,-1.208469980073584,-1.6492063492063496,-1.002262443438914,0.2,0.0,0.0,0.0,1.0,0.0,1.0,0.0,STU-10222,2.21
-0.6920507667555402,-1.1269099098843427,0.5146395694504378,1.3359087936809222,0.25079365079365085,0.8099547511312215,0.8,0.0,0.0,0.0,0.0,1.0,0.0,1.0,STU-14444,4.67
0.7527657446196692,0.7760169568719578,1.0667806976328347,-1.130421551430808,0.3761904761904764,-0.47285067873303166,-1.0,0.0,0.0,0.0,1.0,0.0,0.0,1.0,STU-10324,5.39
0.38280651361495394,0.8035956071148022,-1.4534529519260284,0.7817649503172102,-0.03650793650793658,9.76143369280561,0.2,0.0,1.0,0.0,0.0,0.0,1.0,0.0,STU-13566,5.1
1.0158678190963224,0.7070703312648458,-1.0324207045904966e-15,0.6100584073031026,-0.20476190476190467,0.07466063348416291,-1.2,0.0,0.0,1.0,0.0,0.0,1.0,0.0,STU-14907,4.25
-0.19996907114732695,0.12791867616510097,-1.3539222485563065,1.7027364083019696,0.2920634920634921,1.009049773755656,-0.2,0.0,0.0,0.0,1.0,0.0,1.0,0.0,STU-14392,5.04
1.3786433757125969,0.08655070080083443,1.0667806976328347,-0.08457260761760575,1.3571428571428572,-0.6221719457013575,1.0,0.0,0.0,1.0,0.0,0.0,1.0,0.0,STU-13285,5.28
-0.43972420386154765,-0.1064998508990809,0.3875018096715963,0.9300569647384846,-0.6825396825396827,0.04977375565610854,-0.8,0.0,0.0,0.0,1.0,0.0,0.0,1.0,STU-12493,3.67
-0.40829562841211847,-0.3960756784489527,-0.13630576061723113,-0.9821295370095329,0.05555555555555551,0.06787330316742078,0.8,0.0,0.0,0.0,0.0,1.0,1.0,0.0,STU-14464,4.0
1.3786433757125969,-0.547758254784599,0.7761801038526255,-0.10798713621043882,1.0888888888888892,0.02488687782805437,0.6,0.0,0.0,0.0,0.0,1.0,0.0,1.0,STU-11940,5.29
0.37741875782362294,0.017604075193722337,-1.4578119608327318,1.0471296077026493,-0.9746031746031747,-0.2941176470588235,0.0,0.0,0.0,0.0,0.0,1.0,0.0,1.0,STU-13932,4.51
-0.19278539675888606,-0.7683874567273588,0.23130399051473352,0.477376078610383,-0.6317460317460319,0.916289592760181,-0.2,1.0,0.0,0.0,0.0,0.0,1.0,0.0,STU-13944,3.42
0.6405208323002776,0.9966461588147175,0.6410508277448284,-0.19384040771749295,0.3349206349206349,-0.257918552036199,-1.2,0.0,0.0,0.0,0.0,1.0,1.0,0.0,STU-13921,4.43
-1.4445406589447414,-1.5957469640127075,-1.5384536256067396,0.477376078610383,-0.5571428571428572,0.2647058823529412,-0.2,0.0,0.0,0.0,0.0,1.0,1.0,0.0,STU-14657,2.96
-0.070662932155388,0.84496358247907,-0.7182334496620991,-1.9265155235871254,-0.25714285714285706,0.015837104072398255,-0.4,0.0,0.0,0.0,0.0,1.0,1.0,0.0,STU-12556,4.39
0.0,1.7688483656143752,0.2487400261415457,-0.5060341222885975,0.3793650793650795,-0.574660633484163,-0.4,0.0,0.0,0.0,1.0,0.0,1.0,0.0,STU-12575,4.81
1.3786433757125969,-1.2247380995076246e-15,1.0667806976328347,-0.3655469507316005,0.7444444444444445,-0.4343891402714932,0.6,0.0,0.0,1.0,0.0,0.0,1.0,0.0,STU-14862,4.47
1.3786433757125969,0.43128382883639615,1.0667806976328347,-0.2718888363602689,0.8063492063492065,0.8506787330316744,-1.0,0.0,0.0,0.0,0.0,1.0,1.0,0.0,STU-12223,4.78
-0.7342548537876313,-0.009974575049123234,-0.3949402890816174,0.3524985927819409,-0.3444444444444445,-0.834841628959276,0.6,1.0,0.0,0.0,0.0,0.0,0.0,1.0,STU-11495,3.88
0.13856158440795785,-1.2247380995076246e-15,0.2661760617683589,-1.8562719378086268,1.1841269841269841,-0.8574660633484164,-0.8,0.0,0.0,0.0,0.0,1.0,0.0,1.0,STU-12958,4.44
0.0,0.596755730293466,0.6054522550067531,-1.4270055802733577,0.3222222222222222,1.088235294117647,-1.2,0.0,0.0,0.0,0.0,1.0,0.0,1.0,STU-11333,4.84
-0.35980582629014074,-1.2096458606128782,-0.7276779689599566,0.594448721574547,-0.5523809523809525,0.5904977375565612,0.2,0.0,1.0,0.0,0.0,0.0,1.0,0.0,STU-12050,3.61
1.3786433757125969,-0.13407850114192527,0.9759680120765193,-0.006524178974829784,0.4793650793650794,-0.6018099547511313,1.0,0.0,0.0,0.0,1.0,0.0,1.0,0.0,STU-14386,4.88
0.22745955496491682,-0.14786782626334743,0.5858367149265883,1.062739293431204,0.3206349206349206,-0.20361990950226252,-1.2,1.0,0.0,0.0,0.0,0.0,1.0,0.0,STU-12758,4.92
-0.08862211812649091,-0.07892120065623533,-1.1882799101015882,-1.6611508662016863,0.07460317460317471,0.4185520361990949,0.6,0.0,0.0,1.0,0.0,0.0,1.0,0.0,STU-10486,3.68
1.3786433757125969,0.41749450371497276,1.0667806976328347,-0.396766322188711,-0.3539682539682541,0.30995475113122173,1.0,0.0,0.0,0.0,1.0,0.0,0.0,1.0,STU-14661,4.6
-0.6471528018277836,-0.8649127325773164,1.0667806976328347,-1.185055451480751,0.46984126984127006,1.056561085972851,0.2,0.0,0.0,0.0,0.0,1.0,1.0,0.0,STU-13428,4.63
0.8353780000867416,1.3827472622145458,1.0667806976328347,-10.453122904889252,0.9698412698412702,0.30090497737556565,-0.4,0.0,0.0,1.0,0.0,0.0,0.0,1.0,STU-10904,5.72
0.23913302584613316,-0.4512329789346426,-1.0324207045904966e-15,1.4451765937808079,0.0,1.6402714932126694,-1.0,1.0,0.0,0.0,0.0,0.0,0.0,1.0,STU-12273,4.3
0.2615820083100115,-0.1064998508990809,1.0667806976328347,0.2276211069534988,0.9349206349206349,-0.8144796380090498,0.0,0.0,0.0,0.0,0.0,1.0,0.0,1.0,STU-10545,4.84
1.3786433757125969,-0.658072855755979,0.6788289049362553,0.04810972107511381,-0.0920634920634921,0.26244343891402716,2.0,0.0,1.0,0.0,0.0,0.0,1.0,0.0,STU-11297,5.09
0.30737793253632245,1.0380141341789841,0.6904529286874633,-1.107007022837975,0.8682539682539685,-0.6945701357466063,-0.2,0.0,1.0,0.0,0.0,0.0,1.0,0.0,STU-12190,5.64
-0.29515275679417124,0.3347585529864385,-0.028057039434102583,-0.4904244365600426,-0.4761904761904763,1.090497737556561,-1.2,0.0,1.0,0.0,0.0,0.0,1.0,0.0,STU-13700,3.65
-0.6139283077812433,-0.6994408311202467,-1.3357597114450435,-1.38641860024038e-15,-0.996825396825397,0.058823529411764656,0.4,0.0,0.0,0.0,1.0,0.0,0.0,1.0,STU-14595,3.48
-1.121275311464894,0.4037051785935506,-0.2133149179689867,1.4998104938307515,-0.46349206349206357,0.5542986425339367,-0.8,1.0,0.0,0.0,0.0,0.0,0.0,1.0,STU-11015,4.61
0.0,-0.8787020576987385,-0.32301664212101494,1.0159102362455394,-1.0841269841269843,1.1900452488687785,0.8,0.0,0.0,0.0,1.0,0.0,1.0,0.0,STU-11417,3.37
-0.28258132661439933,-0.4512329789346426,-0.7458405060712197,-0.9977392227380878,-0.9603174603174605,-0.26923076923076933,0.2,0.0,1.0,0.0,0.0,0.0,0.0,1.0,STU-14011,3.77
0.4303983564383761,-0.009974575049123234,-0.20677640460893174,-0.1314016648032719,-0.3079365079365079,1.7963800904977376,-0.2,0.0,0.0,0.0,0.0,1.0,1.0,0.0,STU-12573,4.34
0.2921126244608863,-0.7959661069702043,-0.6840878798929246,-1.38641860024038e-15,0.1904761904761907,1.420814479638009,-0.4,0.0,0.0,0.0,0.0,1.0,1.0,0.0,STU-10848,3.94
0.49235754803868004,0.596755730293466,0.8989588547247637,0.18859689263211082,0.31587301587301597,-0.7760180995475113,-1.2,0.0,0.0,0.0,1.0,0.0,0.0,1.0,STU-11119,4.59
1.0006025110208863,-0.09271052577765751,1.0667806976328347,1.3905426937308643,0.5444444444444445,0.04751131221719456,-1.2,0.0,1.0,0.0,0.0,0.0,0.0,1.0,STU-12448,4.57
-1.041356933893487,-0.8373340823344708,-0.39203428314381483,-2.4260254669008936,-0.7206349206349207,-0.1402714932126697,-1.2,0.0,0.0,0.0,0.0,1.0,0.0,1.0,STU-14665,3.24
0.0,-0.7545981316059366,0.14194430792731894,0.336888907053386,0.2920634920634921,-0.5542986425339367,0.4,0.0,0.0,0.0,1.0,0.0,0.0,1.0,STU-10319,3.92
1.0526841503370838,0.5691770800506203,1.0667806976328347,-0.15481619339610495,1.0174603174603178,1.8144796380090498,0.2,0.0,0.0,0.0,1.0,0.0,0.0,1.0,STU-13172,5.76
0.1816636307386046,1.3689579370931235,-0.38476926829931,-0.24066946490315838,-0.5936507936507938,0.2601809954751132,9.2,0.0,1.0,0.0,0.0,0.0,1.0,0.0,STU-10786,4.62
0.49235754803868004,-0.6304942055131345,-1.0324207045904966e-15,-0.9743246941452554,0.7698412698412699,-0.7805429864253394,0.2,0.0,1.0,0.0,0.0,0.0,1.0,0.0,STU-12830,4.97
-0.1631527399065668,-0.5753369050274446,0.5102805605437345,0.8520085360957086,-0.5333333333333333,0.020361990950226214,0.4,0.0,0.0,0.0,1.0,0.0,0.0,1.0,STU-11766,3.67
0.9871331215425588,0.969067508571872,0.9846860298899259,-0.11579197907471628,0.4936507936507936,-0.29864253393665163,0.0,0.0,0.0,1.0,0.0,0.0,1.0,0.0,STU-10090,4.56
-0.3256833729450461,-0.6167048803917123,0.8088726706528993,-0.7635939368097592,-0.08888888888888899,-0.3597285067873303,0.0,0.0,0.0,0.0,1.0,0.0,1.0,0.0,STU-10183,4.0
0.0,0.05897205055798886,0.07801217729567328,-1.3411523087663035,-0.3841269841269842,0.0972850678733031,-0.6,0.0,0.0,0.0,0.0,1.0,1.0,0.0,STU-10809,3.86
-0.6947446446512058,0.1692866515293687,-0.731310476382209,-1.2396893515306946,0.0,-0.8665158371040724,-1.0,0.0,1.0,0.0,0.0,0.0,1.0,0.0,STU-14177,3.24
0.42680651924415625,0.2520226022579042,0.18844040293215245,0.3524985927819409,-0.08888888888888899,-0.12217194570135748,-1.2,0.0,0.0,0.0,0.0,1.0,0.0,1.0,STU-13202,4.59
-0.3140099020638285,0.21065462689363645,-0.2416484758625571,0.3915228071033289,-0.3603174603174603,0.14253393665158368,-0.4,1.0,0.0,0.0,0.0,0.0,0.0,1.0,STU-12151,4.31
-0.07874456584238451,-0.3960756784489527,-0.7596440342757794,-0.5840825509313742,0.03333333333333347,-0.6877828054298643,0.2,0.0,0.0,0.0,1.0,0.0,1.0,0.0,STU-12084,2.6
0.8596229011477298,-0.009974575049123234,1.0667806976328347,-1.38641860024038e-15,0.6365079365079366,-0.579185520361991,0.0,0.0,0.0,1.0,0.0,0.0,1.0,0.0,STU-11927,5.0
0.5426432687577677,0.6519130307791559,-0.0019029859938838076,1.4607862795093642,0.01587301587301582,1.67420814479638,0.0,0.0,0.0,1.0,0.0,0.0,1.0,0.0,STU-13426,4.0
0.0,-1.692272239862664,1.0667806976328347,-0.7089600367598162,1.0349206349206352,0.9660633484162897,-0.6,0.0,0.0,0.0,1.0,0.0,1.0,0.0,STU-10465,3.93
-0.6875609702627649,0.2520226022579042,-0.7371224882578131,-1.005544065602366,0.18888888888888883,-0.3619909502262443,-1.2,0.0,0.0,0.0,0.0,1.0,1.0,0.0,STU-10838,4.31
-0.18649968166900074,0.78980628199338,-0.47921446127787776,0.18859689263211082,-0.5317460317460317,-1.0588235294117647,1.4,0.0,1.0,0.0,0.0,0.0,1.0,0.0,STU-14108,3.35
-0.6803772958743239,0.18307597665079087,0.42237388092522066,-0.6855455081669832,0.15873015873015875,-0.06561085972850679,-0.6,0.0,0.0,1.0,0.0,0.0,0.0,1.0,STU-13204,4.06
0.46541876908202634,-1.0441739591558084,1.0667806976328347,-0.19384040771749295,0.8015873015873015,0.4479638009049773,0.0,0.0,0.0,0.0,0.0,1.0,1.0,0.0,STU-13543,4.47
1.3086025504252963,0.8311742573576478,1.0667806976328347,0.36810827851049654,1.5968253968253971,0.5045248868778279,-0.8,0.0,0.0,0.0,0.0,1.0,1.0,0.0,STU-11078,5.48
0.4492555017080346,1.7688483656143752,1.0667806976328347,0.016890349618003283,1.0777777777777782,0.0,-0.2,0.0,0.0,1.0,0.0,0.0,1.0,0.0,STU-10106,5.86
1.0131739412006582,1.0242248090575619,0.5422466258595573,0.45396155001754995,1.2904761904761908,-0.3710407239819004,-1.2,0.0,0.0,0.0,0.0,1.0,0.0,1.0,STU-13485,6.04
-0.628295656558125,0.6932810061434224,-0.8039606248272613,-0.4514002222386546,0.6158730158730161,0.5633484162895926,-0.8,0.0,0.0,0.0,0.0,1.0,1.0,0.0,STU-10135,4.57
-0.9237242657827645,0.6794916810220002,1.0667806976328347,1.8041993655375794,0.2984126984126986,-0.06787330316742078,0.0,0.0,0.0,0.0,0.0,1.0,0.0,1.0,STU-14566,4.84
0.15562281108050516,1.5206405134287713,1.0667806976328347,2.5534642805082304,0.5587301587301587,-0.2918552036199095,-0.4,0.0,0.0,0.0,1.0,0.0,1.0,0.0,STU-10973,5.36
0.788684116561875,0.7346489815076901,-0.0571170988121239,-1.0133489084666434,-0.12380952380952373,0.013574660633484075,-1.2,0.0,1.0,0.0,0.0,0.0,1.0,0.0,STU-11788,3.94
0.4564391760964755,-0.9752273335486963,0.39331382154720035,-0.7011551938955382,-0.23174603174603164,1.8054298642533937,-0.4,0.0,0.0,0.0,1.0,0.0,0.0,1.0,STU-11063,3.7
0.0,0.48644112932208605,-0.38985477869046314,0.7895697931814876,-0.12857142857142867,-0.6606334841628959,-0.6,1.0,0.0,0.0,0.0,0.0,1.0,0.0,STU-13650,3.56
0.9440310752119121,0.017604075193722337,-0.5228045503449087,-0.44359537937437643,0.3682539682539684,-0.011312217194570096,0.2,0.0,1.0,0.0,0.0,0.0,1.0,0.0,STU-12727,4.15
0.8228065699069697,0.5140197795649304,1.0239171100502535,-1.067982808516587,0.0,0.18099547511312214,1.6,1.0,0.0,0.0,0.0,0.0,1.0,0.0,STU-13780,5.17
-0.6507446390220034,0.665702355900578,-0.7451140045867688,0.8676182218242635,0.0,2.7624434389140275,1.0,0.0,0.0,0.0,1.0,0.0,1.0,0.0,STU-10538,3.83
-0.02486700792907576,0.8035956071148022,0.5698536822686768,-0.474814750831487,0.30000000000000016,1.3280542986425339,1.4,0.0,0.0,0.0,0.0,1.0,1.0,0.0,STU-14452,4.94
0.7599494190081101,1.4930618631859256,-0.35280320298348716,1.0237150791098169,0.3682539682539684,1.0158371040723981,0.0,0.0,1.0,0.0,0.0,0.0,0.0,1.0,STU-11100,5.36
-0.9784997829946275,0.43128382883639615,-0.5743861557408964,0.7895697931814876,0.030158730158730086,0.03167420814479631,0.8,0.0,0.0,1.0,0.0,0.0,1.0,0.0,STU-13979,4.42
0.6970922681092505,0.6932810061434224,0.4557929492099453,0.8988375932813748,0.23492063492063503,1.2443438914027147,0.4,1.0,0.0,0.0,0.0,0.0,0.0,1.0,STU-13678,4.84
-0.5771119765404831,-1.2923818113414125,0.18771390144770259,-0.8260326797239802,0.09841269841269859,1.2104072398190047,-1.2,0.0,0.0,0.0,0.0,1.0,1.0,0.0,STU-11161,3.68
-0.12543844936725107,-0.40986500357037486,-1.3226826847249344,-1.957734895044236,-1.180952380952381,-0.9751131221719458,0.2,0.0,0.0,0.0,0.0,1.0,1.0,0.0,STU-10436,2.79
0.7078677796919125,-0.23060377699188292,0.6010932461000498,-0.44359537937437643,1.0079365079365081,0.0022624434389139788,0.0,0.0,0.0,1.0,0.0,0.0,1.0,0.0,STU-11073,4.88
0.5920310301782998,-0.7132301562416689,0.019165557055180773,-1.1460312371593628,-0.24126984126984125,0.9592760180995473,-0.2,0.0,0.0,0.0,0.0,1.0,1.0,0.0,STU-10579,4.04
1.3786433757125969,0.29339057762217075,0.569127180784227,0.8988375932813748,0.28730158730158745,1.6877828054298643,0.4,0.0,0.0,1.0,0.0,0.0,1.0,0.0,STU-10141,4.49
1.3786433757125969,1.1345394100289417,1.0667806976328347,1.0315199219740943,1.304761904761905,-0.7579185520361992,0.4,0.0,0.0,0.0,1.0,0.0,1.0,0.0,STU-14171,6.53
0.9377453601220268,0.30717990274359414,-0.08472415522124344,-1.6377363376088532,-0.12857142857142867,0.12895927601809962,-0.2,0.0,0.0,0.0,0.0,1.0,1.0,0.0,STU-13231,4.69
0.7895820758604293,1.0655927844218296,1.0667806976328347,-0.31091305068165687,0.9666666666666671,-0.5972850678733032,0.0,0.0,0.0,1.0,0.0,0.0,0.0,1.0,STU-14247,4.75
1.3786433757125969,0.7208596563862679,1.0667806976328347,1.1251780363454251,1.861904761904762,1.4343891402714934,-0.6,0.0,0.0,0.0,0.0,1.0,1.0,0.0,STU-12809,5.75
-0.7531119990572887,0.11412935104367879,0.02497756893078483,0.05591456393939127,-0.3238095238095237,2.7624434389140275,-0.2,1.0,0.0,0.0,0.0,0.0,0.0,1.0,STU-14256,4.98
0.5318677571751057,0.045182725436566686,1.0667806976328347,1.0237150791098169,1.0523809523809526,0.20588235294117652,-0.2,0.0,0.0,0.0,0.0,1.0,1.0,0.0,STU-13118,4.73
-1.0557242826703688,-0.9200700330630064,-1.3030671446447708,0.7271310502672672,-0.4428571428571428,0.11764705882352931,-1.0,0.0,0.0,0.0,0.0,1.0,1.0,0.0,STU-11419,3.54
-0.6830711737699882,-0.299550402598995,0.024251067446334967,-1.2631038801235275,-1.2174603174603176,-0.1199095022624435,-0.4,1.0,0.0,0.0,0.0,0.0,0.0,1.0,STU-12910,4.13
-0.27539765222595847,-0.06513187553481316,-0.12395523538157212,-0.2718888363602689,0.40158730158730155,-0.7986425339366516,-1.2,0.0,0.0,0.0,0.0,1.0,1.0,0.0,STU-12902,4.37
-0.021275170734855943,0.6381237056577325,0.02497756893078483,-1.8484670949443494,0.0920634920634921,-0.02488687782805437,0.8,0.0,0.0,0.0,1.0,0.0,1.0,0.0,STU-12039,4.55
-0.5142548256416235,-0.46502230405606476,-1.0324207045904966e-15,-0.7713987796740374,-1.2285714285714289,-0.42307692307692313,-0.4,0.0,1.0,0.0,0.0,0.0,1.0,0.0,STU-14393,2.3
-0.4765405351023078,0.8863315578433377,0.14630331683402223,0.42274217856043944,-0.5746031746031746,-1.1153846153846154,1.6,0.0,1.0,0.0,0.0,0.0,1.0,0.0,STU-12865,4.59
-0.6040507554971368,-1.678482914741242,-0.36588022970359607,-0.07676776475332829,-0.8666666666666668,-0.9638009049773756,-1.0,0.0,0.0,0.0,1.0,0.0,1.0,0.0,STU-11683,3.02
-0.7809487373124979,-1.140699235005766,-1.5166585810732243,-0.8104229939954253,-0.461904761904762,0.013574660633484075,-0.6,1.0,0.0,0.0,0.0,0.0,1.0,0.0,STU-13806,3.03
0.6656636926598214,1.0518034593004075,0.7914366350260861,-1.1928602943450284,0.4587301587301589,-0.08823529411764698,-1.2,0.0,0.0,0.0,0.0,1.0,1.0,0.0,STU-11824,4.75
0.49235754803868004,0.7070703312648458,0.48921201749466886,0.719326207402989,0.9777777777777783,0.11312217194570136,-1.0,0.0,0.0,0.0,1.0,0.0,1.0,0.0,STU-13778,5.28
-0.46576502351964705,1.7688483656143752,0.23784250387478847,-0.045548393296217765,0.0,-0.6357466063348417,0.2,0.0,1.0,0.0,0.0,0.0,1.0,0.0,STU-13047,4.26
1.3786433757125969,0.84496358247907,1.0667806976328347,0.8207891646385987,0.5619047619047621,0.45022624434389147,-1.2,0.0,1.0,0.0,0.0,0.0,0.0,1.0,STU-12292,5.28
1.120031097728719,0.6381237056577325,1.0667806976328347,0.594448721574547,0.41111111111111115,-0.9072398190045249,-1.2,0.0,0.0,0.0,0.0,1.0,1.0,0.0,STU-13069,5.01
-1.49841821685805,-0.7545981316059366,-0.5845571765232037,-0.17042587912465987,-0.626984126984127,0.25113122171945707,-1.2,0.0,0.0,0.0,0.0,1.0,1.0,0.0,STU-10858,3.5
0.4977453038300111,1.5482191636716156,0.3925873200627495,-0.5840825509313742,1.1984126984126984,0.6221719457013573,-1.0,1.0,0.0,0.0,0.0,0.0,0.0,1.0,STU-13094,5.16
0.6414187915988331,1.0104354839361398,1.0667806976328347,1.4061523794594206,0.5190476190476191,-0.8642533936651584,0.4,1.0,0.0,0.0,0.0,0.0,1.0,0.0,STU-11511,5.37
-0.8896018124376698,0.045182725436566686,-1.6830274210123939,2.0071252800087973,0.5968253968253969,0.8642533936651583,-0.2,1.0,0.0,0.0,0.0,0.0,0.0,1.0,STU-11121,4.11
-0.729765057294856,-0.06513187553481316,-0.589642686914357,1.1095683506168703,0.3476190476190476,-0.16968325791855204,1.2,0.0,0.0,1.0,0.0,0.0,1.0,0.0,STU-11958,3.58
1.3786433757125969,1.7688483656143752,0.803787160261745,0.18079204976783336,-0.0984126984126983,1.2443438914027147,-0.6,0.0,0.0,0.0,0.0,1.0,0.0,1.0,STU-14066,6.11
-1.174254910079647,-1.871533466441156,-1.4498204445037761,-0.18603556485321548,-0.9238095238095239,-0.4457013574660634,-1.2,0.0,0.0,0.0,0.0,1.0,1.0,0.0,STU-12468,1.8
-1.4607039263187342,0.5140197795649304,0.7333165162700445,-1.4738346374590232,-0.3968253968253969,0.8416289592760181,-1.2,0.0,0.0,0.0,0.0,1.0,0.0,1.0,STU-14916,3.44
-0.7827446559096078,0.18307597665079087,-1.0324207045904966e-15,0.719326207402989,-0.3539682539682541,1.0158371040723981,-1.0,1.0,0.0,0.0,0.0,0.0,1.0,0.0,STU-10976,3.07
1.3786433757125969,-0.09271052577765751,1.0529771694282748,0.539814821524604,-0.0460317460317459,-0.46832579185520357,0.8,1.0,0.0,0.0,0.0,0.0,1.0,0.0,STU-13354,4.32
1.3786433757125969,-0.32712905284183935,-1.3590077589474607,-1.0835924942451418,-0.5920634920634922,-0.12895927601809962,-0.6,0.0,0.0,0.0,0.0,1.0,1.0,0.0,STU-13512,3.91
0.5498269431462086,1.7688483656143752,1.0667806976328347,1.1251780363454251,0.31269841269841286,-0.6606334841628959,-0.8,0.0,0.0,0.0,0.0,1.0,1.0,0.0,STU-13698,5.29
0.5004391817256766,0.29339057762217075,0.6207087861802136,-1.38641860024038e-15,-0.05555555555555551,0.40723981900452483,-0.8,0.0,0.0,0.0,0.0,1.0,1.0,0.0,STU-12842,5.4
0.0,0.05897205055798886,1.0667806976328347,0.3212792213248304,5.92942151690557,1.6515837104072397,0.4,0.0,0.0,0.0,1.0,0.0,1.0,0.0,STU-14811,5.2
0.9988065924237751,-0.547758254784599,1.0667806976328347,-0.07676776475332829,0.3301587301587302,-0.19004524886877824,-0.4,0.0,1.0,0.0,0.0,0.0,1.0,0.0,STU-12006,4.46
-0.18200988517622405,0.2520226022579042,-2.182860442314353,0.6646923073530462,-0.8650793650793652,1.746606334841629,-0.8,1.0,0.0,0.0,0.0,0.0,0.0,1.0,STU-10700,4.03
-0.3714792971713571,-0.1064998508990809,-0.3549827074368378,0.21981626408922136,-0.42380952380952386,0.0,-1.2,0.0,0.0,0.0,0.0,1.0,1.0,0.0,STU-14236,4.22
0.3531738567626347,0.11412935104367879,0.8372062285464696,0.3837179642390514,-0.9190476190476192,0.13348416289592757,0.0,0.0,0.0,0.0,0.0,1.0,1.0,0.0,STU-11050,4.71
0.7752147270835474,-0.5615475799060224,1.0304556234103084,-1.224079665802139,-0.04761904761904746,-0.669683257918552,-1.0,0.0,0.0,0.0,0.0,1.0,1.0,0.0,STU-14650,4.1
1.3786433757125969,0.9552781834504498,-0.20968241054673326,-0.6543261367098727,0.5269841269841271,-0.9909502262443439,0.2,0.0,0.0,0.0,1.0,0.0,1.0,0.0,STU-14381,5.24
-1.5433161817858068,0.1003400259222566,-1.563881177562508,-1.1460312371593628,-1.2000000000000002,-0.41628959276018096,1.8,0.0,0.0,0.0,0.0,1.0,1.0,0.0,STU-10550,3.21
0.9054188253740421,-3.0298367766406438,-0.012074006776191167,1.6715170368448597,-0.5825396825396826,0.5339366515837105,0.0,0.0,1.0,0.0,0.0,0.0,1.0,0.0,STU-10407,3.54
-1.2083773634247417,-1.38890708719137,-2.1370908487939704,0.19640173549638829,-1.7476190476190478,0.27375565610859726,-0.4,1.0,0.0,0.0,0.0,0.0,1.0,0.0,STU-11273,1.31
-2.271561172914019,-2.4368957964194773,-3.0364996865437175,-0.6855455081669832,-1.7476190476190478,0.44117647058823534,0.2,1.0,0.0,0.0,0.0,0.0,1.0,0.0,STU-14353,1.6
0.4456636645138135,-1.2247380995076246e-15,1.0667806976328347,-1.28651840871636,0.8301587301587301,-0.5904977375565611,-0.2,0.0,0.0,1.0,0.0,0.0,0.0,1.0,STU-13582,4.6
-1.627724355849989,-2.0094267176553813,-4.150226462206369,-1.2396893515306946,-1.7476190476190478,1.1085972850678731,0.0,1.0,0.0,0.0,0.0,0.0,1.0,0.0,STU-14319,1.0
0.6046024603580717,0.3347585529864385,-0.08327115225234268,-1.957734895044236,0.012698412698412712,1.3800904977375568,0.2,0.0,0.0,0.0,1.0,0.0,0.0,1.0,STU-10302,5.07
-0.22600989080542638,-0.6304942055131345,1.0667806976328347,0.34469374991766344,0.03650793650793658,0.8393665158371041,1.2,0.0,1.0,0.0,0.0,0.0,1.0,0.0,STU-10212,4.36
-0.8051936383734862,-1.747429540348354,-1.8384987386848057,-1.0367634370594765,-0.5380952380952383,-0.5904977375565611,-1.2,1.0,0.0,0.0,0.0,0.0,1.0,0.0,STU-10617,3.0
-0.010499659152193938,-0.2719717523561507,-1.0324207045904966e-15,2.35834320890129,0.7333333333333333,-0.47511312217194573,-0.6,0.0,0.0,0.0,1.0,0.0,0.0,1.0,STU-14786,4.74
-1.3834794266429928,-0.299550402598995,-1.3343067084761426,-1.5909072804231879,0.0,0.22398190045248875,-1.2,0.0,1.0,0.0,0.0,0.0,0.0,1.0,STU-13178,2.22
-0.4118874656063383,0.541598429807776,1.0667806976328347,-0.006524178974829784,0.7825396825396829,0.03846153846153844,0.8,1.0,0.0,0.0,0.0,0.0,1.0,0.0,STU-11024,5.01
-0.041928234601623086,-1.2247380995076246e-15,-0.6397712893414428,-0.9353004798238674,-0.12380952380952373,0.5271493212669681,1.0,0.0,0.0,1.0,0.0,0.0,0.0,1.0,STU-12666,3.66
-1.5873161874150077,-2.50584242202659,0.6781024034518054,-0.10798713621043882,-0.12539682539682528,0.9276018099547513,0.4,1.0,0.0,0.0,0.0,0.0,1.0,0.0,STU-10859,2.83
0.6055004196566273,0.6519130307791559,1.0667806976328347,0.6490826216244906,0.5920634920634922,-0.011312217194570096,2.6,0.0,0.0,0.0,1.0,0.0,0.0,1.0,STU-12765,5.65
1.3786433757125969,1.2448540110003217,-0.7073359273953419,-1.6299314947445758,-0.8920634920634922,0.38461538461538464,-0.4,0.0,0.0,1.0,0.0,0.0,1.0,0.0,STU-10882,2.97
-0.846499766107023,-0.23060377699188292,-0.9696029632819806,0.7661552645886552,-0.5412698412698413,0.8257918552036198,-0.6,0.0,0.0,0.0,1.0,0.0,0.0,1.0,STU-11849,4.16
0.9296637264350303,-1.3475391118271023,-1.4236663910635572,-0.4123760079172659,-0.907936507936508,0.6855203619909503,0.6,0.0,0.0,0.0,1.0,0.0,1.0,0.0,STU-11979,3.86
1.3786433757125969,0.3209692278650163,0.6831879138429585,1.1407877220739815,0.30317460317460326,0.2714932126696833,-0.6,0.0,0.0,0.0,0.0,1.0,1.0,0.0,STU-12086,5.19
1.3436229630689465,0.11412935104367879,1.0667806976328347,0.6256680930316575,1.020634920634921,-0.10180995475113126,1.0,0.0,0.0,1.0,0.0,0.0,0.0,1.0,STU-10146,5.11
-0.2197241757155398,0.5278091046863526,0.2109619489501188,0.04810972107511381,-0.8793650793650796,1.1131221719457016,-1.2,0.0,0.0,1.0,0.0,0.0,0.0,1.0,STU-10299,4.24
0.31545956622331894,0.84496358247907,1.0667806976328347,0.18859689263211082,0.8063492063492065,-0.7217194570135747,-1.0,0.0,1.0,0.0,0.0,0.0,0.0,1.0,STU-12844,5.16
0.0218268755957908,0.5691770800506203,0.7805391127593289,0.6803019930816011,-0.6523809523809524,1.083710407239819,-0.4,0.0,1.0,0.0,0.0,0.0,0.0,1.0,STU-11963,4.74
0.5444391873548776,0.34854787810786064,1.0667806976328347,1.3437136365451996,1.2031746031746033,-0.8936651583710408,1.0,0.0,0.0,1.0,0.0,0.0,1.0,0.0,STU-11579,5.12
-0.5851936102274796,-1.1682778852486104,0.14993582425627464,-1.7235896091159073,0.5190476190476191,0.4819004524886878,0.8,0.0,0.0,0.0,0.0,1.0,0.0,1.0,STU-14175,4.0
1.342725003770391,0.6519130307791559,1.0667806976328347,-0.014329021839107243,1.3698412698412703,0.4638009049773755,1.0,0.0,0.0,1.0,0.0,0.0,1.0,0.0,STU-11610,5.29
0.2930105837594406,-0.3960756784489527,-0.13993826803948353,-0.3811566364601561,0.06984126984126977,-0.39592760180995473,-0.2,0.0,1.0,0.0,0.0,0.0,1.0,0.0,STU-13879,4.05
-0.6399691274393426,-1.1131205847629204,-2.2620491041194604,-0.638716450981317,-0.9142857142857144,-0.8914027149321267,0.0,0.0,0.0,1.0,0.0,0.0,0.0,1.0,STU-11059,2.55
0.32264324061175986,1.7688483656143752,1.0667806976328347,0.7583504217243777,1.3238095238095242,-0.7850678733031675,-0.2,0.0,0.0,0.0,0.0,1.0,1.0,0.0,STU-14542,5.2
0.4663167283805819,-0.175446476506193,-0.9557994350774208,-0.5294486508814306,-0.7142857142857144,0.5158371040723982,-0.2,0.0,0.0,1.0,0.0,0.0,1.0,0.0,STU-12741,3.66
1.1559494696709234,1.3551686119717015,1.0667806976328347,0.6803019930816011,-0.6428571428571429,1.1176470588235294,-0.4,0.0,0.0,0.0,0.0,1.0,0.0,1.0,STU-10991,4.84
-1.2864998223990387,0.11412935104367879,0.9200273977738294,0.42274217856043944,0.028571428571428532,0.5113122171945703,-0.2,1.0,0.0,0.0,0.0,0.0,0.0,1.0,STU-13743,4.71
-0.6615201506046654,-2.2576345698409854,-2.707394514087631,-0.4514002222386546,0.0,-0.5859728506787331,0.0,0.0,0.0,0.0,0.0,1.0,1.0,0.0,STU-13890,1.15
-0.15686702481668022,-0.06513187553481316,-1.2187929724485094,-1.1928602943450284,-0.20634920634920623,0.33484162895927594,-0.8,0.0,1.0,0.0,0.0,0.0,0.0,1.0,STU-14942,3.0
-0.18111192587766972,0.8863315578433377,1.0667806976328347,1.9446865370945763,0.7984126984126985,-0.7782805429864253,0.2,1.0,0.0,0.0,0.0,0.0,1.0,0.0,STU-11974,4.67
-0.17572417008633873,-0.6167048803917123,1.0667806976328347,0.375913121374774,0.5587301587301587,13.591359756241749,-0.2,0.0,0.0,0.0,0.0,1.0,1.0,0.0,STU-14676,4.62
-0.007805781256528436,0.30717990274359414,1.0667806976328347,-1.6221266518802984,0.3523809523809525,-0.7036199095022624,0.0,0.0,0.0,1.0,0.0,0.0,0.0,1.0,STU-11625,4.2
0.13407178791518243,-1.7060615649840862,-0.07382663295448622,0.12615814971788977,-0.20158730158730157,1.1628959276018098,0.4,1.0,0.0,0.0,0.0,0.0,1.0,0.0,STU-11742,3.59
1.3068066318281863,0.9001208829647599,-0.490111983544636,0.24323079268205441,0.0,-0.2171945701357466,-1.2,0.0,0.0,1.0,0.0,0.0,0.0,1.0,STU-12290,4.41
1.3786433757125969,1.4930618631859256,1.0667806976328347,0.336888907053386,1.1968253968253972,1.2873303167420815,-0.2,0.0,1.0,0.0,0.0,0.0,1.0,0.0,STU-11304,5.75
0.9808474064526722,0.0038147500722989394,1.0667806976328347,-0.3811566364601561,0.0,-0.42760180995475117,-0.6,0.0,0.0,0.0,1.0,0.0,1.0,0.0,STU-10916,5.14
0.3325207928958663,1.1207500849075196,0.8677192908933917,-1.38641860024038e-15,0.6523809523809527,0.0,-1.2,0.0,0.0,0.0,0.0,1.0,0.0,1.0,STU-10382,5.8
-0.6291936158566807,0.5829664051720425,0.008994536272873414,0.07152424966794618,1.0190476190476192,-0.7692307692307693,-0.6,0.0,0.0,0.0,0.0,1.0,1.0,0.0,STU-13182,4.73
1.3786433757125969,0.9001208829647599,1.0667806976328347,0.0012806638894476737,0.0,0.11085972850678738,-1.2,0.0,0.0,0.0,1.0,0.0,1.0,0.0,STU-14449,4.75
0.6710514484511524,1.3551686119717015,0.9657969912942119,-1.0367634370594765,0.24444444444444463,-0.5452488687782806,0.6,0.0,0.0,0.0,1.0,0.0,1.0,0.0,STU-14770,4.94
-0.6229079007667954,1.2862219863645894,-0.5838306750387529,0.8754230646885424,-0.7714285714285715,2.7624434389140275,0.2,1.0,0.0,0.0,0.0,0.0,1.0,0.0,STU-14979,3.84
0.5857453150884144,0.6519130307791559,-0.825029167876327,1.9134671656374664,0.011111111111111158,0.49095022624434387,2.2,0.0,0.0,1.0,0.0,0.0,1.0,0.0,STU-10291,4.37
0.8111330990257534,-0.5201796045417547,0.7529320563502093,-1.38641860024038e-15,0.0,-0.03167420814479631,0.2,0.0,0.0,0.0,1.0,0.0,1.0,0.0,STU-13941,4.59
-0.3131119427652742,-0.06513187553481316,0.18698739996325167,1.21103130785248,-0.030158730158730086,-0.3823529411764707,0.4,0.0,1.0,0.0,0.0,0.0,1.0,0.0,STU-12340,3.57
-0.38045889015690915,-0.14786782626334743,-0.6085317255100708,0.2510356355463319,-0.020634920634920482,9.68932920531284,0.8,0.0,1.0,0.0,0.0,0.0,1.0,0.0,STU-14461,4.06
1.3786433757125969,1.203486035636054,1.0667806976328347,-0.8728617369096463,0.8238095238095239,0.4932126696832579,1.6,0.0,0.0,0.0,1.0,0.0,0.0,1.0,STU-11829,5.13
-0.9829895794874028,-0.2719717523561507,-0.5976342032433126,-0.4201808507815441,-0.173015873015873,-0.08371040723981903,-0.4,0.0,0.0,0.0,0.0,1.0,0.0,1.0,STU-13269,3.93
-1.1230712300620038,-0.4374436538132192,1.0667806976328347,0.4617663928818274,0.5968253968253969,-0.38461538461538464,0.6,0.0,0.0,0.0,0.0,1.0,0.0,1.0,STU-10056,4.16
-0.6363772902451216,0.14170800128652436,-0.6884468887996279,0.3915228071033289,-1.1634920634920638,-0.13574660633484156,-0.6,0.0,0.0,1.0,0.0,0.0,1.0,0.0,STU-14164,3.29
-0.07245885075249792,1.1207500849075196,0.9934040477033315,0.7427407359958221,-0.4761904761904763,0.26923076923076933,-0.6,0.0,0.0,0.0,0.0,1.0,1.0,0.0,STU-14221,4.71
-1.818989686442232,-0.8373340823344708,0.14557681534957134,-0.20945009344604784,-0.7507936507936509,1.0429864253393666,-0.6,1.0,0.0,0.0,0.0,0.0,1.0,0.0,STU-13975,3.52
-0.18021396657911415,0.15549732640794653,-1.2972551327691666,2.6159030234224514,-0.5301587301587303,0.0,1.2,0.0,0.0,0.0,1.0,0.0,0.0,1.0,STU-14851,4.04
0.06403096262788195,-1.3337497867056802,-1.5137525751354217,-0.2718888363602689,-0.09999999999999985,0.009049773755656116,2.4,0.0,0.0,0.0,0.0,1.0,1.0,0.0,STU-10948,3.53
-0.38315276805257464,-0.6442835306345567,0.21386795488792135,0.7427407359958221,-0.996825396825397,0.7918552036199094,0.4,0.0,0.0,1.0,0.0,0.0,0.0,1.0,STU-13722,3.74
-0.41637726209911374,0.22444395201505862,1.0667806976328347,-0.8650568940453682,0.7666666666666668,-0.7624434389140272,1.0,0.0,0.0,1.0,0.0,0.0,1.0,0.0,STU-10564,4.25
-0.07964252514093882,0.8311742573576478,-1.9053368752542534,-0.1470113505318268,0.0,-0.35520361990950233,1.0,1.0,0.0,0.0,0.0,0.0,0.0,1.0,STU-11506,3.23
0.09096974158453569,-0.36849702820610714,1.0667806976328347,-0.8416423654525358,0.8396825396825399,2.0927601809954752,-0.4,0.0,0.0,0.0,1.0,0.0,0.0,1.0,STU-14325,4.06
-0.43433644807021665,-0.9890166586701185,0.16446585394528532,0.1729872069035559,-0.07777777777777782,0.38461538461538464,-0.6,0.0,0.0,1.0,0.0,0.0,1.0,0.0,STU-12986,3.52
1.3786433757125969,-1.2247380995076246e-15,1.0667806976328347,0.8363988503671537,1.296825396825397,-0.8054298642533937,0.8,0.0,0.0,0.0,1.0,0.0,0.0,1.0,STU-11060,5.18
-0.4379282852644377,0.665702355900578,0.47613499077456,-0.7948133082668697,-0.23333333333333348,1.257918552036199,-1.0,1.0,0.0,0.0,0.0,0.0,1.0,0.0,STU-10425,4.51
1.3786433757125969,1.2310646858788994,0.7391285281456486,-1.2006651372093065,0.13333333333333333,0.26923076923076933,-0.8,0.0,0.0,0.0,0.0,1.0,1.0,0.0,STU-13438,5.07
-1.0458467303862624,-0.5339689296631769,-1.9358499376011755,-0.396766322188711,-1.7476190476190478,0.9728506787330317,-1.0,0.0,0.0,0.0,0.0,1.0,1.0,0.0,STU-14176,2.47
-0.713601789920863,-0.49260095429890915,-1.0662276607138998,-1.208469980073584,-0.7682539682539684,-0.911764705882353,0.4,1.0,0.0,0.0,0.0,0.0,1.0,0.0,STU-10722,3.77
1.3786433757125969,-1.140699235005766,0.2618170528616556,-1.4270055802733577,-0.057142857142857065,0.6764705882352939,-0.4,0.0,0.0,0.0,0.0,1.0,0.0,1.0,STU-12283,4.29
0.3971738623918358,0.07276137567941103,-0.8831492866323686,-0.6153019223884847,0.13174603174603178,0.7669683257918551,0.4,0.0,1.0,0.0,0.0,0.0,1.0,0.0,STU-10902,4.43
0.1152146426455252,-0.35470770308468497,1.0667806976328347,-0.8572520511810907,1.0904761904761906,0.0,0.6,0.0,0.0,0.0,0.0,1.0,1.0,0.0,STU-11837,5.47
-0.7046221969353121,-0.32712905284183935,-4.357279385274768,0.2822550070034424,-1.7476190476190478,0.0,-0.6,0.0,0.0,0.0,0.0,1.0,1.0,0.0,STU-12210,2.44
0.8452555523708479,1.7550590404929531,1.0667806976328347,-1.1772506086164733,1.301587301587302,0.13348416289592757,-0.4,0.0,0.0,0.0,1.0,0.0,1.0,0.0,STU-11615,5.12
-1.354744729089228,0.8311742573576478,1.0667806976328347,-1.38641860024038e-15,0.3428571428571429,0.6402714932126695,0.4,0.0,0.0,0.0,0.0,1.0,0.0,1.0,STU-13635,5.88
-0.04282619390017867,1.7688483656143752,0.019165557055180773,-2.020173637958457,-0.14285714285714293,-0.27375565610859726,0.0,0.0,0.0,1.0,0.0,0.0,1.0,0.0,STU-12308,4.24
-0.533111970911282,-0.2443931021133051,-0.9696029632819806,-0.9509101655524224,-0.4904761904761905,0.5429864253393664,-1.0,0.0,0.0,0.0,0.0,1.0,0.0,1.0,STU-12149,3.95
-2.3407040389027647,-1.6233256142555519,-0.6070787225411701,1.8510284227232454,-1.3730158730158732,0.09276018099547514,-0.4,0.0,0.0,0.0,0.0,1.0,1.0,0.0,STU-13802,2.68
0.0,0.5002304544435082,-0.18934036898211956,0.9144472790099297,0.16507936507936524,0.0,-0.4,0.0,0.0,1.0,0.0,0.0,1.0,0.0,STU-13122,3.98
-1.4445406589447414,-1.2247380995076246e-15,-1.0324207045904966e-15,-0.7401794082169267,0.03968253968253969,0.5769230769230769,-0.2,0.0,1.0,0.0,0.0,0.0,1.0,0.0,STU-14025,4.1
0.972765772765677,-0.175446476506193,1.0667806976328347,-11.490178079577566,1.3603174603174604,-0.5203619909502262,-0.6,0.0,0.0,0.0,0.0,1.0,1.0,0.0,STU-14004,5.03
0.9054188253740421,-1.2247380995076246e-15,1.0667806976328347,-1.8796864664014599,0.6682539682539682,-0.47511312217194573,0.2,1.0,0.0,0.0,0.0,0.0,1.0,0.0,STU-13801,5.44
0.7761126863821031,-1.2096458606128782,1.0478916590371206,0.555424507253159,-1.0079365079365081,0.06561085972850679,-1.2,0.0,1.0,0.0,0.0,0.0,1.0,0.0,STU-12826,3.62
0.6584800182713805,0.21065462689363645,1.0667806976328347,-0.27969367922454635,0.6523809523809527,-0.44117647058823534,-0.4,0.0,0.0,0.0,0.0,1.0,1.0,0.0,STU-14644,4.63
0.22656159566636125,0.30717990274359414,1.0667806976328347,0.13396299258216723,0.4857142857142859,0.9253393665158373,-0.4,0.0,0.0,0.0,0.0,1.0,0.0,1.0,STU-12383,4.53
0.9898269994382244,1.7688483656143752,0.872078299800094,-0.5918873937956516,0.26666666666666666,-0.574660633484163,-1.2,0.0,0.0,1.0,0.0,0.0,0.0,1.0,STU-12243,4.25
-0.5142548256416235,-1.375117762069948,-0.02733053794965272,-0.4279856936458215,0.08571428571428588,-0.5769230769230769,0.4,0.0,0.0,0.0,1.0,0.0,0.0,1.0,STU-13864,3.35
0.7249290063644598,-1.2247380995076246e-15,-0.4617784256510656,0.6959116788101567,-0.37777777777777766,0.5927601809954751,-0.2,1.0,0.0,0.0,0.0,0.0,0.0,1.0,STU-13167,4.71
-0.4873160466849698,-0.07892120065623533,0.18408139402544912,0.3837179642390514,-1.1111111111111114,1.4434389140271493,-1.2,0.0,0.0,1.0,0.0,0.0,1.0,0.0,STU-14111,3.16
-0.6067446333928024,-1.3613284369485246,-3.302399229852609,0.09493877826077925,-1.3428571428571432,0.21266968325791866,-0.4,0.0,0.0,1.0,0.0,0.0,0.0,1.0,STU-10996,1.92
0.1942350609183765,-1.8577441413197338,0.8902408369113571,0.16518236403927777,-0.13492063492063489,0.0,0.0,0.0,0.0,0.0,1.0,0.0,1.0,0.0,STU-12187,4.12
-0.7127038306223087,0.43128382883639615,-0.6114377314478724,-0.44359537937437643,-0.138095238095238,-0.04751131221719456,-0.8,0.0,1.0,0.0,0.0,0.0,0.0,1.0,STU-13607,4.01
0.0,-1.568168313769862,0.12596127526940754,1.4607862795093642,0.461904761904762,0.14479638009049767,-0.2,0.0,0.0,0.0,0.0,1.0,1.0,0.0,STU-12634,3.08
0.8757861685217228,-0.5891262301488668,-0.12250223241267136,-0.4514002222386546,0.6238095238095239,0.8144796380090499,-0.4,0.0,0.0,1.0,0.0,0.0,1.0,0.0,STU-14779,3.81
-0.6184181042740187,-1.2510138359771459,-1.2376820110442233,0.4071324928318845,-0.5619047619047619,0.011312217194570096,-1.0,0.0,0.0,0.0,0.0,1.0,1.0,0.0,STU-13399,2.95
-1.092540613911129,-0.05134255041339098,0.5066480531214821,-1.0992021799736975,-0.6634920634920636,-0.04072398190045243,-0.6,0.0,0.0,0.0,0.0,1.0,1.0,0.0,STU-10614,3.35
-0.5537650347780492,-2.354159845690943,-0.028783540918553476,-1.4192007374090796,-0.41428571428571426,0.3823529411764707,0.0,1.0,0.0,0.0,0.0,0.0,1.0,0.0,STU-13162,3.55
1.0212555748876535,0.30717990274359414,1.0667806976328347,-0.396766322188711,1.6793650793650796,-0.19004524886877824,-1.2,1.0,0.0,0.0,0.0,0.0,1.0,0.0,STU-10455,5.51
-2.2078060627166045,-2.2576345698409854,-1.0324207045904966e-15,0.43835186428899503,-0.607936507936508,-0.9705882352941176,-0.2,0.0,0.0,0.0,0.0,1.0,1.0,0.0,STU-10962,2.8
1.2268882542567796,0.43128382883639615,0.6032727505534015,0.8910327504170973,-0.41269841269841273,-0.11764705882352952,0.0,0.0,1.0,0.0,0.0,0.0,1.0,0.0,STU-14439,4.52
0.34599018237419377,-1.5957469640127075,1.0667806976328347,0.3134743784605529,-0.017460317460317374,0.502262443438914,-0.2,0.0,1.0,0.0,0.0,0.0,1.0,0.0,STU-10698,4.21
0.8425616744751825,-0.6718621808774011,1.0667806976328347,-0.10018229334616136,-0.3555555555555556,-0.09276018099547514,0.0,0.0,0.0,0.0,0.0,1.0,1.0,0.0,STU-13504,4.26
0.24182690374179866,0.5002304544435082,1.0667806976328347,-0.7089600367598162,1.0142857142857142,-0.08823529411764698,-1.2,0.0,0.0,0.0,0.0,1.0,1.0,0.0,STU-13615,4.48
-0.29425479749561567,1.0242248090575619,1.0667806976328347,1.0861538220240379,1.4888888888888894,-0.9366515837104074,0.6,0.0,0.0,0.0,0.0,1.0,1.0,0.0,STU-10658,4.79
-0.9596426377249703,0.07276137567941103,-0.8112256396717661,-1.38641860024038e-15,-0.5460317460317461,-0.6108597285067874,1.2,0.0,0.0,0.0,1.0,0.0,0.0,1.0,STU-12541,3.35
-0.5142548256416235,-0.28576107747757284,-1.9089693826765064,0.42274217856043944,-0.6571428571428573,-0.2760180995475113,-0.2,0.0,1.0,0.0,0.0,0.0,1.0,0.0,STU-10111,3.86
-1.3682141185675556,-0.2719717523561507,-1.419307382156854,-0.38896147932443353,-0.3396825396825398,-0.7126696832579186,0.8,0.0,0.0,0.0,0.0,1.0,1.0,0.0,STU-10871,3.55
0.07929627070331936,1.7688483656143752,-0.12032272795931971,0.32908406418910785,0.16190476190476186,-1.004524886877828,1.6,0.0,0.0,0.0,0.0,1.0,0.0,1.0,STU-11399,5.35
1.2421535623322169,0.8725422327219143,1.0108400833301447,0.7661552645886552,0.28095238095238095,-0.13800904977375572,-0.6,0.0,0.0,0.0,0.0,1.0,0.0,1.0,STU-13742,5.05
0.33880650798575285,0.1692866515293687,-0.7051564229419902,-0.31871789354593505,-0.47301587301587317,-0.3619909502262443,0.0,0.0,0.0,0.0,1.0,0.0,1.0,0.0,STU-11072,3.66
0.3522758974640791,-1.2247380995076246e-15,-0.06438211365662871,0.4929857643389379,-0.3968253968253969,0.5203619909502262,2.0,0.0,1.0,0.0,0.0,0.0,0.0,1.0,STU-10634,3.66
-0.7486222025645132,-0.5339689296631769,-0.9325513875750036,0.18079204976783336,-0.9920634920634922,-0.8122171945701357,-1.2,0.0,0.0,1.0,0.0,0.0,1.0,0.0,STU-13731,3.38
1.0571739468298593,1.0242248090575619,-1.7229850026571725,-0.6699358224384276,-0.3206349206349206,-0.7194570135746606,0.8,0.0,0.0,0.0,0.0,1.0,1.0,0.0,STU-13564,4.01
0.6503983845843839,-1.5268003384055944,-0.7799860758403941,-0.4904244365600426,-1.215873015873016,-0.4479638009049774,0.0,0.0,0.0,0.0,0.0,1.0,1.0,0.0,STU-10662,3.3
1.2708882598859805,0.8035956071148022,0.7725475964303731,0.05591456393939127,-0.4190476190476192,0.44117647058823534,0.2,1.0,0.0,0.0,0.0,0.0,0.0,1.0,STU-14744,4.64
1.3786433757125969,1.2862219863645894,1.0529771694282748,0.3837179642390514,0.7444444444444445,0.846153846153846,-0.2,1.0,0.0,0.0,0.0,0.0,1.0,0.0,STU-13421,5.63
1.3786433757125969,1.1069607597860962,1.0667806976328347,-0.37335179359587795,1.8730158730158732,0.18778280542986428,0.0,1.0,0.0,0.0,0.0,0.0,1.0,0.0,STU-14679,5.74
0.24721465953312965,0.5829664051720425,-1.2158869665107077,0.11054846398933486,-0.5174603174603175,0.28959276018099556,-1.0,0.0,0.0,0.0,0.0,1.0,1.0,0.0,STU-10539,4.05
-0.5286221744185053,-0.7959661069702043,0.41438236459626493,-1.38641860024038e-15,-0.15873015873015875,0.18099547511312214,1.0,0.0,0.0,0.0,0.0,1.0,1.0,0.0,STU-11312,3.0
-0.6408670867378969,0.045182725436566686,-1.28853711495576,0.3134743784605529,-1.4444444444444446,0.09502262443438912,1.4,1.0,0.0,0.0,0.0,0.0,1.0,0.0,STU-13697,3.65
0.6970922681092505,0.19686530177221429,-0.13412625616387946,-0.8806665797739238,0.26349206349206356,-0.42760180995475117,0.0,0.0,0.0,1.0,0.0,0.0,1.0,0.0,STU-12671,3.59
0.9413371973162465,0.7070703312648458,0.46523746850780173,-2.137246280922622,-0.9126984126984129,0.5791855203619909,-0.2,0.0,0.0,0.0,1.0,0.0,1.0,0.0,STU-14406,3.88
-2.063234615649228,-1.1682778852486104,-3.140389398820142,-1.6065169661517427,0.0,0.8552036199095023,-0.2,0.0,0.0,0.0,0.0,1.0,1.0,0.0,STU-10629,2.24
0.0,-0.3133397277204172,1.028276118956957,1.983710751415965,0.011111111111111158,1.1990950226244343,-0.4,0.0,0.0,0.0,0.0,1.0,0.0,1.0,STU-13482,4.85
-2.0973570689943233,-2.050794693019648,-1.3902473227788326,-0.28749852208882454,-1.6111111111111114,0.21945701357466058,0.6,0.0,1.0,0.0,0.0,0.0,1.0,0.0,STU-13291,2.43
-0.6902548481584303,-0.5753369050274446,-0.8577217346765996,-2.1762704952440095,-1.1142857142857143,1.2104072398190047,-0.8,0.0,1.0,0.0,0.0,0.0,1.0,0.0,STU-13316,2.82
-1.6744182393748557,0.5278091046863526,-1.6786684121056905,-1.434810423137635,-0.6238095238095239,0.9298642533936653,0.6,0.0,0.0,0.0,1.0,0.0,1.0,0.0,STU-13238,3.51
0.15831668897617066,1.0793821095432519,0.18771390144770259,-0.9040811083667569,-0.03809523809523813,0.011312217194570096,0.4,0.0,0.0,0.0,1.0,0.0,1.0,0.0,STU-12510,3.68
-0.1658466178022323,1.0655927844218296,1.0667806976328347,-0.295303364953102,1.1206349206349209,0.8076923076923076,-0.2,0.0,0.0,0.0,1.0,0.0,0.0,1.0,STU-11859,5.18
1.327459695694955,-0.037553225291967585,0.6221617891491144,1.148592564938259,-0.1571428571428572,-0.5859728506787331,-0.8,0.0,1.0,0.0,0.0,0.0,1.0,0.0,STU-14144,3.23
1.109255586146057,0.34854787810786064,-0.07673263889228772,-1.38641860024038e-15,0.7984126984126985,0.5135746606334842,1.0,0.0,1.0,0.0,0.0,0.0,0.0,1.0,STU-11846,5.27
0.8569290232520643,0.4588624790792405,0.3221166760710489,0.414937335696162,1.2746031746031747,-0.5226244343891403,0.0,0.0,0.0,1.0,0.0,0.0,0.0,1.0,STU-11173,5.32
0.32713303710453656,0.07276137567941103,-0.4893854820601851,1.0939586648883153,-0.8111111111111111,0.1855203619909503,1.2,1.0,0.0,0.0,0.0,0.0,0.0,1.0,STU-13343,4.19
0.0,-2.795418249576462,-0.520625045891557,0.2900598498677199,-1.4063492063492065,0.12669683257918543,1.0,0.0,0.0,0.0,0.0,1.0,1.0,0.0,STU-13480,2.15
1.3418270444718365,-0.5063902794203325,0.022071562992983317,0.336888907053386,-0.0523809523809524,1.0746606334841626,1.2,1.0,0.0,0.0,0.0,0.0,1.0,0.0,STU-13361,4.86
0.0,1.2310646858788994,-0.7080624288797928,-1.38641860024038e-15,-0.8269841269841272,0.04977375565610854,-0.6,0.0,0.0,0.0,0.0,1.0,0.0,1.0,STU-12945,4.49
1.3786433757125969,-1.2247380995076246e-15,1.0667806976328347,-0.7557890939454817,1.234920634920635,0.0,-0.2,0.0,0.0,1.0,0.0,0.0,0.0,1.0,STU-12954,5.43
0.0,0.0038147500722989394,0.49793003530807545,-2.1294414380583433,-0.27777777777777785,1.355203619909502,0.4,0.0,0.0,1.0,0.0,0.0,0.0,1.0,STU-12380,3.57
0.48607183294879475,-1.0165953089129627,0.3424587176356636,-0.7089600367598162,0.14603174603174604,-0.4434389140271493,-0.2,0.0,0.0,0.0,0.0,1.0,1.0,0.0,STU-14639,4.39
0.41603100766149426,0.30717990274359414,0.2451075187192933,1.4217620651879757,0.8238095238095239,-0.37330316742081454,-1.2,0.0,0.0,1.0,0.0,0.0,0.0,1.0,STU-10371,4.81
-0.2852752045100649,-0.18923580162761516,-0.7015239155197378,-0.8572520511810907,-0.26825396825396824,0.23303167420814486,1.6,0.0,0.0,1.0,0.0,0.0,1.0,0.0,STU-14091,3.61
0.0,-1.513011013284172,1.0667806976328347,-0.06896292188905083,-0.950793650793651,-0.25565610859728505,0.2,0.0,0.0,0.0,0.0,1.0,1.0,0.0,STU-14274,3.19
0.03350034647700712,-2.4506851215409,-1.3481102366807025,-0.029938707567662853,-1.4000000000000004,0.8868778280542988,0.6,0.0,0.0,0.0,0.0,1.0,1.0,0.0,STU-13457,1.46
0.6746432856453721,0.8311742573576478,1.0667806976328347,0.30566953559627547,0.8809523809523809,-0.3710407239819004,-0.8,0.0,0.0,1.0,0.0,0.0,1.0,0.0,STU-12065,5.1
-1.5424182224872511,-0.7683874567273588,-1.0324207045904966e-15,-0.1470113505318268,-0.138095238095238,1.090497737556561,-1.0,0.0,0.0,1.0,0.0,0.0,1.0,0.0,STU-14613,2.59
-0.03205068231751667,-0.9752273335486963,-0.9005853222591808,1.3593233222737544,-0.5841269841269842,0.8981900452488687,0.6,0.0,1.0,0.0,0.0,0.0,1.0,0.0,STU-10565,3.21
-0.9407854924553117,0.05897205055798886,0.3620742577158274,-1.5518830661017997,-0.41428571428571426,0.07013574660633476,-1.2,0.0,1.0,0.0,0.0,0.0,1.0,0.0,STU-12434,3.53
0.2741534384897834,0.21065462689363645,-0.979773984064288,1.0237150791098169,0.0,0.1606334841628959,-1.2,0.0,0.0,0.0,0.0,1.0,1.0,0.0,STU-10032,3.45
0.1035411717643076,0.045182725436566686,1.0667806976328347,0.6724971502173236,0.5301587301587303,-0.6380090497737556,-0.6,0.0,0.0,0.0,0.0,1.0,1.0,0.0,STU-14104,5.11
0.5498269431462086,0.0038147500722989394,1.0667806976328347,-0.13920650766754936,1.9603174603174607,0.19683257918552038,-1.2,1.0,0.0,0.0,0.0,0.0,1.0,0.0,STU-14194,4.22
-0.8734385450636768,-0.5615475799060224,-0.8700722599122587,-0.09237745048188391,-0.7380952380952381,1.4502262443438914,-0.8,0.0,0.0,0.0,1.0,0.0,1.0,0.0,STU-12858,2.19
0.1170105612426351,0.38991585347212837,0.5110070620281844,-0.295303364953102,-0.9746031746031747,-0.7624434389140272,1.2,0.0,1.0,0.0,0.0,0.0,1.0,0.0,STU-14074,3.74
-0.7584997548486196,-0.5753369050274446,-0.5337020726116669,-0.06896292188905083,0.3793650793650795,2.4479638009049776,0.2,0.0,0.0,0.0,0.0,1.0,0.0,1.0,STU-14871,3.86
0.3594595718525213,-1.264803161098568,1.0667806976328347,0.3212792213248304,-0.06666666666666667,0.11085972850678738,1.6,0.0,0.0,0.0,1.0,0.0,0.0,1.0,STU-13044,4.14
0.32533711850742536,-0.09271052577765751,-0.23002445211134798,-0.38896147932443353,-0.05555555555555551,0.036199095022624465,0.0,0.0,0.0,1.0,0.0,0.0,1.0,0.0,STU-11151,3.34
-0.651642598320559,-0.5201796045417547,-0.33246116141887244,0.7895697931814876,-0.4301587301587301,-0.3778280542986425,-1.2,1.0,0.0,0.0,0.0,0.0,1.0,0.0,STU-10247,3.96
0.0,-0.9200700330630064,-0.9347308920283551,-1.38641860024038e-15,0.7523809523809526,-0.49095022624434387,0.6,0.0,0.0,0.0,0.0,1.0,1.0,0.0,STU-10546,3.27
-0.8366222138229166,-0.9062807079415842,-2.2555105907594055,0.9612763361955958,-0.3539682539682541,0.4751131221719456,1.6,0.0,0.0,1.0,0.0,0.0,1.0,0.0,STU-12011,3.03
0.29390854305799624,-0.175446476506193,0.7536585578346592,1.101763507752593,0.26984126984127005,-0.33031674208144796,-0.6,0.0,0.0,0.0,0.0,1.0,1.0,0.0,STU-10928,4.12
1.3786433757125969,1.203486035636054,0.7224189940032872,-0.5060341222885975,1.5063492063492065,1.2443438914027147,0.2,0.0,0.0,0.0,0.0,1.0,1.0,0.0,STU-14332,6.0
-1.7417651867664905,-0.8649127325773164,-1.8108916822756858,1.554444393880695,-1.5349206349206352,0.08371040723981903,-0.6,0.0,1.0,0.0,0.0,0.0,1.0,0.0,STU-14421,2.19
-0.9820916201888485,0.3761265283507062,0.15938034355413214,-0.7011551938955382,-0.12857142857142867,-0.4343891402714932,-0.8,0.0,0.0,1.0,0.0,0.0,1.0,0.0,STU-11104,3.9
0.0,-1.2234351857343002,-0.2714350367250283,-0.19384040771749295,-0.03809523809523813,0.7126696832579185,-0.2,0.0,0.0,0.0,0.0,1.0,1.0,0.0,STU-10286,3.85
0.13137791001951693,-1.2234351857343002,0.8183171899507558,-0.22505977917460346,0.5079365079365082,-0.029411764705882328,0.4,0.0,0.0,0.0,1.0,0.0,1.0,0.0,STU-10826,4.43
0.0,-0.07892120065623533,0.24438101723484343,0.3212792213248304,-0.42857142857142855,-0.4027149321266969,-0.8,0.0,0.0,1.0,0.0,0.0,1.0,0.0,STU-13526,4.21
1.3786433757125969,-0.299550402598995,0.26399655731500726,-0.06896292188905083,-0.1539682539682541,0.1199095022624435,1.4,1.0,0.0,0.0,0.0,0.0,1.0,0.0,STU-10709,4.88
1.120031097728719,0.48644112932208605,1.0667806976328347,-0.31871789354593505,0.5126984126984129,-0.8506787330316743,-0.2,0.0,0.0,0.0,0.0,1.0,1.0,0.0,STU-10594,4.18
0.5812555185956391,0.4450731539578183,1.0667806976328347,-0.9509101655524224,0.5666666666666668,0.7533936651583709,-0.4,1.0,0.0,0.0,0.0,0.0,1.0,0.0,STU-11519,5.61
0.9988065924237751,1.7688483656143752,-1.0324207045904966e-15,-0.1470113505318268,0.10634920634920636,0.7647058823529411,0.0,0.0,0.0,1.0,0.0,0.0,0.0,1.0,STU-10759,5.96
-1.2595610434423836,-0.547758254784599,-1.0324207045904966e-15,0.0325000353465582,-0.3634920634920634,-0.5904977375565611,0.8,0.0,1.0,0.0,0.0,0.0,1.0,0.0,STU-10760,3.59
1.3786433757125969,0.6519130307791559,1.0667806976328347,-1.38641860024038e-15,0.8222222222222226,-0.1199095022624435,0.0,0.0,0.0,0.0,0.0,1.0,1.0,0.0,STU-10805,4.28
-1.1859283809608634,-0.299550402598995,-1.0324207045904966e-15,-1.208469980073584,-0.5571428571428572,-0.993212669683258,-0.8,0.0,0.0,0.0,0.0,1.0,1.0,0.0,STU-13628,3.72
0.6854187972280342,-1.2372245108557225,0.5734861896909292,-0.49822927942432005,-0.009523809523809604,0.3144796380090497,-1.2,0.0,0.0,0.0,0.0,1.0,1.0,0.0,STU-13962,3.49
0.448357542409479,-1.2247380995076246e-15,1.0667806976328347,-0.6777406653027057,0.6396825396825397,1.2895927601809956,0.0,0.0,0.0,0.0,0.0,1.0,1.0,0.0,STU-14466,4.35
-1.0826630616270225,-0.3822863533275293,-1.4948635365397087,-0.0221338647033847,-0.4301587301587301,1.30316742081448,-0.4,0.0,0.0,0.0,1.0,0.0,1.0,0.0,STU-11546,3.69
0.9449290345104677,-0.9752273335486963,-0.3520767014990363,-0.8884714226382012,0.8873015873015877,-0.04072398190045243,-0.6,0.0,0.0,1.0,0.0,0.0,1.0,0.0,STU-11464,3.83
0.49594938523290116,1.7688483656143752,0.22985098754583277,0.5632293501174371,0.061904761904762004,-0.20135746606334834,0.4,0.0,0.0,0.0,1.0,0.0,0.0,1.0,STU-12514,5.33
0.5821534778941934,0.045182725436566686,1.0667806976328347,-1.5206636946446892,6.068177776202586,-0.1606334841628959,-0.6,0.0,0.0,1.0,0.0,0.0,0.0,1.0,STU-14257,4.43
-1.0054385619512811,-1.0717526093986527,1.0667806976328347,-0.17823072198893733,0.9238095238095237,-0.40497737556561086,0.8,0.0,0.0,0.0,0.0,1.0,1.0,0.0,STU-11877,4.21
-0.22241805361120529,0.665702355900578,1.0667806976328347,0.8051794789100425,0.23015873015873037,-0.22171945701357476,0.2,0.0,0.0,1.0,0.0,0.0,1.0,0.0,STU-14326,4.52
-0.3184996985566052,-0.46502230405606476,-1.2667420704222445,-0.4826195936957651,-0.16507936507936496,-0.9570135746606336,-1.2,0.0,1.0,0.0,0.0,0.0,0.0,1.0,STU-14911,3.61
-0.03564251951173777,-1.2247380995076246e-15,0.135405794567265,2.5300497519153984,0.42063492063492075,-0.30769230769230776,-0.6,0.0,0.0,0.0,0.0,1.0,0.0,1.0,STU-10891,4.47
0.9772555692584525,0.8725422327219143,1.0667806976328347,0.8832279075528199,0.7682539682539686,0.20814479638009048,1.0,0.0,0.0,0.0,1.0,0.0,1.0,0.0,STU-14424,6.0
-0.3714792971713571,0.26581192737932635,0.4921180234324714,0.9924957076527057,0.5539682539682541,0.011312217194570096,0.4,0.0,0.0,0.0,0.0,1.0,1.0,0.0,STU-13909,4.01
1.0957861966677294,0.8173849322362243,0.8866083294891047,-0.07676776475332829,0.8619047619047623,1.1832579185520362,-1.2,0.0,1.0,0.0,0.0,0.0,1.0,0.0,STU-12078,5.04
0.0,-1.2923818113414125,0.49284452491692127,0.7895697931814876,-0.21587301587301583,1.4434389140271493,-1.2,1.0,0.0,0.0,0.0,0.0,1.0,0.0,STU-12886,3.39
-0.13352008305424756,-2.340370520569521,1.0667806976328347,0.7895697931814876,-0.18888888888888883,-0.6515837104072398,1.0,1.0,0.0,0.0,0.0,0.0,1.0,0.0,STU-14293,3.32
-1.0781732651342473,0.8035956071148022,-1.7353355278928315,-0.6153019223884847,-0.6460317460317461,-0.07918552036199088,-0.2,0.0,0.0,1.0,0.0,0.0,1.0,0.0,STU-13148,2.89
-0.3346629659305969,-1.7336402152269317,0.45724595217884606,-1.6299314947445758,-1.1793650793650796,-0.08371040723981903,0.0,0.0,0.0,0.0,1.0,0.0,0.0,1.0,STU-10994,3.72
0.5785616406999735,-0.40986500357037486,1.0667806976328347,0.7271310502672672,0.39523809523809533,1.0678733031674208,-0.2,0.0,0.0,0.0,0.0,1.0,0.0,1.0,STU-12669,4.36
-1.640295786029761,-2.9884688012763765,-1.1061852423586784,0.16518236403927777,-0.8349206349206351,-0.6809954751131222,-0.2,0.0,0.0,0.0,0.0,1.0,1.0,0.0,STU-13121,2.84
-0.7378466909818512,-0.40986500357037486,-1.492684032086357,0.10274362112505671,0.0,0.6425339366515839,2.0,0.0,1.0,0.0,0.0,0.0,0.0,1.0,STU-14484,3.48
1.3786433757125969,-0.32712905284183935,1.0667806976328347,-0.26408399349599143,0.5349206349206351,0.13348416289592757,-0.4,0.0,0.0,0.0,0.0,1.0,1.0,0.0,STU-10814,4.92
1.3786433757125969,0.78980628199338,1.0667806976328347,0.3134743784605529,1.4904761904761905,0.45248868778280543,-1.2,0.0,0.0,0.0,0.0,1.0,1.0,0.0,STU-13707,5.44
-2.136867278130749,-1.7887975157126217,-1.1679378685369735,0.8598133789599861,-1.2206349206349207,-1.0339366515837105,-1.2,0.0,1.0,0.0,0.0,0.0,1.0,0.0,STU-11067,2.22
-1.0350712188036004,0.2796012525007486,-0.4981034998735917,1.4217620651879757,0.5365079365079367,0.03393665158371049,1.4,0.0,0.0,0.0,1.0,0.0,1.0,0.0,STU-13809,4.04
1.2897454051556392,0.8035956071148022,0.8081461691684484,-0.5294486508814306,-0.5206349206349207,0.3800904977375565,0.0,1.0,0.0,0.0,0.0,0.0,1.0,0.0,STU-10938,5.41
1.3786433757125969,-0.23060377699188292,0.3962198274850019,0.5866438787102695,0.2428571428571428,0.5497737556561088,1.6,0.0,0.0,0.0,1.0,0.0,1.0,0.0,STU-10854,4.7
0.5399493908621023,1.0655927844218296,-1.462897471223885,-0.8104229939954253,0.0,-0.1085972850678734,0.4,0.0,0.0,0.0,1.0,0.0,1.0,0.0,STU-14405,3.96
-0.3095201055710531,-0.6304942055131345,-2.9420544935651494,-1.7391992948444621,-1.26984126984127,0.7782805429864255,0.0,0.0,0.0,0.0,1.0,0.0,1.0,0.0,STU-12470,4.24
-0.9838875387859585,-1.513011013284172,-1.4411024266903694,0.5632293501174371,-0.8952380952380954,-0.08371040723981903,0.0,0.0,0.0,0.0,1.0,0.0,1.0,0.0,STU-12291,2.17
1.3786433757125969,-1.1820672103700325,0.9251129081649825,-0.5060341222885975,0.5095238095238097,0.26244343891402716,-0.6,0.0,1.0,0.0,0.0,0.0,1.0,0.0,STU-14133,4.64
-0.28437724521150926,0.9276995332076042,-2.6659839294739514,-0.22505977917460346,-0.6714285714285715,-0.6244343891402716,0.0,0.0,0.0,0.0,0.0,1.0,0.0,1.0,STU-14547,3.85
-0.20086703044588256,0.7484383066291123,0.6722903915762003,-1.208469980073584,0.0,0.6289592760180996,1.2,0.0,0.0,0.0,1.0,0.0,1.0,0.0,STU-13430,4.48
-0.1442955946369083,-0.5891262301488668,-1.8762768158762326,-0.26408399349599143,-0.36507936507936495,-0.15610859728506796,-0.6,0.0,0.0,1.0,0.0,0.0,1.0,0.0,STU-13715,4.16
0.1924391423212666,-1.375117762069948,1.0667806976328347,-0.12359682193899443,0.5809523809523811,-0.22171945701357476,-1.2,0.0,0.0,0.0,0.0,1.0,1.0,0.0,STU-14922,3.61
0.061337084732216454,0.2382332771364808,1.0667806976328347,0.6256680930316575,-0.5190476190476191,0.4027149321266969,1.2,0.0,0.0,0.0,1.0,0.0,0.0,1.0,STU-11855,3.76
-0.7665813885356161,0.596755730293466,1.0667806976328347,0.36810827851049654,1.0015873015873018,-0.744343891402715,-0.2,0.0,0.0,0.0,0.0,1.0,0.0,1.0,STU-13991,4.55
-0.662418109903221,0.4450731539578183,-1.6692238928078336,-0.8494472083168133,-1.6761904761904765,-0.9796380090497738,-0.6,1.0,0.0,0.0,0.0,0.0,0.0,1.0,STU-12294,3.49
